Timestamp,Inlet_Temp,Heating_Section_Temp,Holding_Tube_Temp,Outlet_Temp,Flow_Rate_LPH,Differential_Pressure,Milk_Conductivity,pH_Level,Pump_Speed_RPM,Valve_Position_Pct,Pasteurization_Time_Sec
2026-01-15 09:38:45.430432,4.2483570765056164,73.79744651750768,72.32730127900702,3.8859186417669127,4998.348736814022,0.46607526347563893,4.61748140575857,6.638787952222591,1467.5861458541794,85.64367038004553,16.005285787840503
2026-01-15 09:39:45.430432,3.930867849414408,73.95664439878534,72.49375930221218,4.36906916626221,4974.81748698122,0.48472502684731733,4.312101905524617,6.6394582640672715,1450.7861839748693,83.4372846087661,16.080991957866775
2026-01-15 09:40:45.430432,4.323844269050346,73.76227402370002,72.50360337440888,4.057939816425755,4991.381252127317,0.4701309469477429,4.4672204944122536,6.761771371737848,1431.7534897186729,86.38271276216105,16.027627616284402
2026-01-15 09:41:45.430432,4.761514928204012,73.90761154110828,72.59452606916868,4.452004181258863,5035.736586375885,0.505520902347306,4.495833997661866,6.690465545196566,1440.7500169360005,83.81927661638935,15.886454469528625
2026-01-15 09:42:45.430432,3.882923312638332,73.43191559991386,72.22662832734383,4.785849689288812,5063.892832751526,0.5598589265730957,4.5015908658399635,6.774032545875608,1456.857069315633,86.49911007489025,15.79812263849412
2026-01-15 09:43:45.430432,3.8829315215254097,74.06398811221189,72.61851345476947,5.837154486331384,5028.524366543179,0.4614478921429398,4.518049605607808,6.625151843353975,1486.3692875676318,84.45177704923856,15.909239802490088
2026-01-15 09:44:45.430432,4.789606407753696,74.00036164260867,71.95912167367945,4.678840961294298,5005.086160423589,0.5500410248884207,4.56104398198095,6.645751670155593,1440.3196075360745,81.55790574874068,15.983740825997982
2026-01-15 09:45:45.430432,4.383717364576454,73.75487341067954,72.37402308952724,3.4143742932304075,5074.900588515221,0.46091639638265564,4.496459256095465,6.583393711736168,1466.095748870548,83.03516751903813,15.763855587840359
2026-01-15 09:46:45.430432,3.765262807032524,74.19777370052972,72.40234523150968,6.14006784649516,4984.358176347424,0.4576186393751558,4.463194171785632,6.609521659895521,1443.4388709864647,84.13917058262543,16.05021091373987
2026-01-15 09:47:45.430432,4.2712800217929825,74.28127104128797,72.62666536521425,4.16290986638496,5051.545966918346,0.5409297309171607,4.45924106553403,6.745095657433126,1452.2093751177226,87.73637804749715,15.83673602574448
2026-01-15 09:48:45.430432,3.768291153593769,73.51773204068931,72.50452617053537,4.941279572895371,4985.596860082436,0.5460968189003809,4.438848419796164,6.623898285507913,1480.307934985272,86.80228726105845,16.046223199578396
2026-01-15 09:49:45.430432,3.7671351232148718,73.77118256643014,72.21888738922874,5.446536506940712,5021.5511479005445,0.5425704968381327,4.578754332432687,6.7459640650072235,1465.2858516284086,88.24772282464428,15.931332300268837
2026-01-15 09:50:45.430432,4.120981135783017,73.76925729506381,72.3030013748366,5.1996104184027825,4994.321871760478,0.43421012958909294,4.435347152052349,6.587831886966006,1425.1740145451809,88.30727043205971,16.018190668155782
2026-01-15 09:51:45.430432,3.043359877671101,73.71802906966734,72.53973600190947,6.094179547521476,4997.207390867359,0.4767024510963975,4.584677110900825,6.597326548296336,1438.5504995237682,83.93049839081817,16.008941343159766
2026-01-15 09:52:45.430432,3.137541083743484,74.24884245257952,72.48418653162709,5.479003143392759,4981.130674126889,0.5411494296001661,4.501899908225987,6.6329384389488295,1475.1244268888272,84.62302628048234,16.060610578947056
2026-01-15 09:53:45.430432,3.718856235379514,73.94185215836816,72.38417517807285,4.138690420302892,5067.242701559035,0.5020770920281947,4.447874519314387,6.646812503916041,1452.8375608525698,84.17744015133893,15.787678765689762
2026-01-15 09:54:45.430432,3.493584439832788,73.92064554760681,72.4038332420976,7.178562173991661,4963.353698094574,0.44631535769012676,4.561840721574414,6.696154364622507,1427.0231976076827,83.65697878939784,16.11813400095019
2026-01-15 09:55:45.430432,4.157123666297637,73.39884129067798,72.63923359943186,5.194333463338233,4962.988387372565,0.522915896956272,4.427254607527688,6.672538520859313,1433.6209511005256,81.31701058132708,16.119320408555797
2026-01-15 09:56:45.430432,3.5459879622393946,74.19062540906276,72.39646148542616,4.852659773378494,5106.0496782922555,0.4642596370504265,4.563818404072821,6.629184237132799,1464.0698704542235,84.97050456396632,15.667689317655915
2026-01-15 09:57:45.430432,3.293848149332354,73.62822248154396,72.48238175119418,5.963925423055571,5048.8923782327165,0.5897262424196106,4.521272612119178,6.643334209674095,1469.8882056243526,82.42886881257778,15.845059471836613
2026-01-15 09:58:45.430432,4.732824384460777,74.0179797890799,72.93398731761611,5.249450945930072,4880.744315065348,0.5772420731209129,4.440367531090808,6.634046854010766,1450.3571060296435,84.93165623693135,16.390942617720157
2026-01-15 09:59:45.430432,3.887111849756732,74.08321308138746,72.21526347262322,5.3992281929393275,4971.73706303948,0.5302048713177784,4.552863481533456,6.604267313233714,1499.506276018722,89.23154161912596,16.090955532369176
2026-01-15 10:00:45.430432,4.033764102343962,74.4081975787516,72.12963145368506,7.492183998600687,4909.400533121898,0.5680503352384887,4.5546589725688635,6.60560185316992,1466.4830472691128,83.98130980733858,16.29526852825916
2026-01-15 10:01:45.430432,3.287625906893272,73.60735388026427,72.65671793295972,4.724878571744953,4952.465465329237,0.503239567506169,4.615751960580996,6.70139419457167,1445.130378607342,85.38954801125614,16.153570491315207
2026-01-15 10:02:45.430432,3.7278086377374087,73.09414635325375,72.36427138774118,4.682239105982604,4843.074266688298,0.5382718747187508,4.59661470124093,6.558591753603643,1433.6858790380131,86.81329677161857,16.518433456669687
2026-01-15 10:03:45.430432,4.055461294854933,74.05515486342611,72.43635249445147,5.116578512012464,4993.150521115303,0.5738860147651037,4.549127402072628,6.730867934872253,1430.502313907219,85.56058258393182,16.02194839945075
2026-01-15 10:04:45.430432,3.4245032112888487,74.54015335445325,72.34376872437377,6.071515935581038,4942.902909041934,0.5122749340897156,4.387240904879124,6.632850288719888,1456.7084264096075,85.58496837588459,16.184821242120275
2026-01-15 10:05:45.430432,4.187849009172836,74.37168390588184,72.4480399718465,3.493465969809601,5002.995262839822,0.4872406414242858,4.7448586988174055,6.611374569680392,1440.2244591017318,84.27519513262384,15.99042089729864
2026-01-15 10:06:45.430432,3.6996806550405976,74.0628978245824,72.81970762241927,3.0344441085234948,4918.743937055874,0.4147689020911442,4.359638378892819,6.686987964534864,1483.4748750796684,84.53624404987754,16.264314838044648
2026-01-15 10:07:45.430432,3.8541531251033616,73.85250914431039,72.66042569172362,4.4128847293798525,5004.145592658602,0.4958433237139253,4.594926317428231,6.724260829207356,1479.3262360583572,83.07997895562434,15.986745093381186
2026-01-15 10:08:45.430432,3.6991466938853015,74.2421367789912,72.67244470237739,3.366077040940713,4979.254186093984,0.5411711592281155,4.543128381688629,6.705881622080199,1462.6613309499446,86.69209001777881,16.066663200971597
2026-01-15 10:09:45.430432,4.926139092254469,73.70793614008866,72.21675458884147,4.575168652474361,5075.09764825943,0.5472816713783815,4.382585762751889,6.675092602467995,1426.420076540862,81.51701668677181,15.763243496888583
2026-01-15 10:10:45.430432,3.993251387631033,74.14290733080686,72.26976925268943,5.5024996961292905,5070.567843087281,0.5252182532859205,4.48756990611215,6.704343174486092,1436.555622548952,86.9421766767644,15.777325632091523
2026-01-15 10:11:45.430432,3.4711445355220496,74.15164104774999,71.93218426810292,4.109251136447736,5039.267280150514,0.472935045251888,4.492124711375536,6.564175121142807,1475.113550514822,82.19260323050952,15.875323842241313
2026-01-15 10:12:45.430432,4.411272456051594,74.31806297224966,72.33812383578345,3.5731734232186576,4983.6693109669395,0.40115892155262045,4.6305582715810525,6.623908472925593,1438.738676004098,86.9252145481533,16.05242944670385
2026-01-15 10:13:45.430432,3.389578175014489,74.82789801167333,72.69134063727714,5.069337161715348,5099.2690197630145,0.47523924509976323,4.428668909971979,6.604441496998758,1472.4428346783905,84.29236494757563,15.68852313732566
2026-01-15 10:14:45.430432,4.104431797502378,74.11772479015363,72.60338930314967,5.86254348461517,4922.348236108009,0.48478275644730245,4.473805499357565,6.711231936560759,1459.4920784606952,82.53626262373383,16.252405592346758
2026-01-15 10:15:45.430432,3.020164938060112,73.84731091228775,72.45569734740957,3.3050265614833876,4929.822068521817,0.4843535516404993,4.266393039497873,6.630826099053806,1451.0343576962637,86.15859729015928,16.227766213068946
2026-01-15 10:16:45.430432,3.3359069755507846,73.99232770634241,72.49553994325639,5.8202323983059845,4995.810845005547,0.5309278178488962,4.673476279312358,6.692270327839103,1435.943343741291,86.85753507015156,16.013416536772656
2026-01-15 10:17:45.430432,4.098430617934562,73.46927722853326,72.36222289148492,5.817306203738326,5112.701905446056,0.599283820550742,4.3929531756979925,6.676792847124433,1448.115123129505,84.12384270379293,15.647303809123684
2026-01-15 10:18:45.430432,4.369233289997705,73.79158606067328,72.54095177648036,5.954085102156628,4989.883054656496,0.5061764600920546,4.532691086423918,6.606884653191816,1453.792959097498,86.44122109735787,16.032439863564537
2026-01-15 10:19:45.430432,4.085684140594985,73.87721526856608,72.65317565589612,6.218480214871686,4990.837737839536,0.48916341054217694,4.4898592170278135,6.620652089501186,1470.6507779660224,80.4298310106613,16.029373063655417
2026-01-15 10:20:45.430432,3.94217585880588,73.84277348061963,72.1768226425179,7.2020139246596155,4927.90448219441,0.4870389093497954,4.490199903321666,6.714690884540737,1432.2852879873249,82.35880742050679,16.234080893624743
2026-01-15 10:21:45.430432,3.8494481522053556,74.04570646161012,72.55992953756747,4.643907951380945,5047.296479263519,0.5062192383453857,4.580986198487087,6.611225867565779,1444.7436631494777,87.58481786093746,15.85006950328253
2026-01-15 10:22:45.430432,3.260739004816286,73.75327402028535,72.68648697419093,5.1095715800778585,5047.658812716468,0.45858531198258007,4.667126246030364,6.656243380509775,1450.8964626386457,84.55266145160417,15.848931746031955
2026-01-15 10:23:45.430432,3.6400778958026456,74.33630920019735,72.41697994220732,4.583561566751975,5039.453760069995,0.5060099279373027,4.525149366994199,6.610872935683678,1463.2535671537232,81.27557334710231,15.874736391844351
2026-01-15 10:24:45.430432,3.769680614520106,74.00006211947546,72.64014012242411,5.001976844755811,4968.538966357632,0.52254061681659,4.565507801763053,6.634302390654208,1431.8307132495445,83.60226763911601,16.101312788666103
2026-01-15 10:25:45.430432,4.528561113109458,73.99720990365842,73.06293088889451,6.532873355636312,4964.66466158135,0.5104843031787244,4.532889153672704,6.647691902801502,1423.6686041422556,83.15319905494984,16.11387786552301
2026-01-15 10:26:45.430432,4.1718091447842305,73.90163158504612,72.47913144140261,3.654985516069331,4935.343887479751,0.5228770967002391,4.601753142393062,6.610856674485126,1463.479303034201,84.66807653705415,16.209610074578258
2026-01-15 10:27:45.430432,3.118479922318633,74.0465572051577,72.57866141000106,4.138950327834425,5004.193625088046,0.5216873804674268,4.453708362051367,6.601977652300806,1419.641017701066,84.25849803238471,15.986591645640498
2026-01-15 10:28:45.430432,4.162041984697398,74.24752947940028,72.35238858326773,6.377180936504561,4945.979633536075,0.41140516588767784,4.6075390554416416,6.664313666838872,1475.6995942952433,85.35786345787632,16.174753219273743
2026-01-15 10:29:45.430432,3.8074588597918417,73.73986093528673,72.53625023252042,6.020036506902089,4941.129174737535,0.5318435079197702,4.611049986564739,6.607763129560442,1446.881478050342,84.86106789677486,16.190631163624552
2026-01-15 10:30:45.430432,3.6615389998470205,73.80256505327742,72.59205432499645,4.636868353182922,4978.815464154466,0.46644925771687734,4.608253700868291,6.609467122215067,1419.049378354511,87.71947851007404,16.068078958934883
2026-01-15 10:31:45.430432,4.305838144420434,73.908882191367,72.53896846805402,5.85440200112072,4975.542191240789,0.4452080418498021,4.433985213266352,6.603047342814902,1440.3915956119301,85.84909719943934,16.07864970793259
2026-01-15 10:32:45.430432,4.515499761247975,73.59623872295803,72.29606093605823,5.3412158424920335,4973.1010735589025,0.4447774086072502,4.483166236576281,6.6461045976834345,1457.5824726613848,85.91534322238718,16.08654214275793
2026-01-15 10:33:45.430432,4.465640059558099,73.75422264208355,72.54127235426509,6.5002746090009875,5023.322229842013,0.5216770805236265,4.523946698878044,6.697185081719993,1439.3459782489003,87.33031424778905,15.925715361189571
2026-01-15 10:34:45.430432,3.580391238388681,73.8571337379366,72.79243918774353,5.074509593826773,5003.952390107514,0.48887125363875733,4.362915795517099,6.725326431815613,1450.400594976487,84.22246249914083,15.987362341447286
2026-01-15 10:35:45.430432,3.8453938120743927,74.26231675421381,72.58972715290291,6.025632113872582,4985.592198474445,0.4159015608007295,4.659492020808601,6.613704095700311,1464.8015673141058,82.47624511328303,16.046238203052273
2026-01-15 10:36:45.430432,4.165631715701782,74.07876839870057,72.69239743781436,7.64201191049262,5009.150646415575,0.5239018907596141,4.498772346649782,6.757515539666561,1445.9561932922477,87.4139406492645,15.970771423543837
2026-01-15 10:37:45.430432,4.48777256356118,74.05807697341027,72.45259760599747,5.598099155047466,4950.423647944768,0.42801959346005863,4.528392788760472,6.59976475696466,1431.2588464706773,85.27168349621623,16.160233080902685
2026-01-15 10:38:45.430432,3.760412881077355,74.25526938865039,72.64998004788474,5.049328165794844,5005.263931195484,0.5069910679259105,4.4422995560272796,6.704177426166394,1444.0203200525632,85.27870241579785,15.98317313526609
2026-01-15 10:39:45.430432,3.9071705116680913,73.95878846348018,72.55585356764331,5.722446985220979,5007.530124642231,0.5119249462836527,4.367312244063298,6.613915177299228,1478.2968027291852,83.73334015693953,15.975939836351095
2026-01-15 10:40:45.430432,3.446832512996986,74.11713945497867,72.30981785406256,4.634719141796115,4924.847657032126,0.5442788540847523,4.4395970114525225,6.6064538365065,1483.7012869066637,83.76628933379284,16.244157296067634
2026-01-15 10:41:45.430432,3.4018966879596646,73.96903347412025,72.56370420095978,7.387967705524732,5049.784687718518,0.5890842393233426,4.521920418763359,6.612762192160781,1409.6014765211544,86.69344467754169,15.84225961050704
2026-01-15 10:42:45.430432,4.406262911197099,74.07960870481989,72.30166066731194,5.180071037695981,4955.92831473865,0.4317661837049729,4.567342881275369,6.647377615017544,1471.8205581838295,86.96931159627522,16.142283527807397
2026-01-15 10:43:45.430432,4.678120014285412,73.82517240271653,72.37342394502303,4.727066679774487,5004.515489960322,0.49737630719684756,4.516179154060272,6.678998608551681,1455.0029543207072,86.56764681149332,15.985563469728469
2026-01-15 10:44:45.430432,3.963994939209833,73.26835485251708,72.53786566145847,4.164310994979964,5058.2205870267635,0.4861832352477891,4.534672401624195,6.683493401895242,1468.479653582403,86.58592321089095,15.81583851941582
2026-01-15 10:45:45.430432,4.501766448946012,73.9597162513441,72.55944885467602,6.097220191606438,5046.283837885693,0.5216874842980481,4.466297362531862,6.602800749232606,1438.9902347946474,86.13805907451952,15.853250148037379
2026-01-15 10:46:45.430432,4.180818012523817,74.42682444082998,72.26215350698457,5.867187412827739,5001.7166694284415,0.510783438546681,4.5496248566245425,6.600517035624437,1414.6347298099704,85.26304546015632,15.994508543232175
2026-01-15 10:47:45.430432,3.677440122697438,74.27786462067247,72.71079715423657,4.502645628585907,4981.875049855897,0.482372687863169,4.64828328663859,6.604168065331823,1461.6897757729491,84.64924063135804,16.058210854227273
2026-01-15 10:48:45.430432,4.1806978027542065,74.28961924537735,72.6144012556601,5.576451345122423,5047.375595428778,0.4779548905694572,4.570478944243899,6.644432279880725,1431.1804547743457,87.4206476998831,15.849821057987649
2026-01-15 10:49:45.430432,4.769018283232985,74.37083921654187,72.35905431287782,3.4914440317871436,5033.734748890431,0.4441774572407976,4.580954188825294,6.639492219790457,1422.234151370303,84.25255825901914,15.892772263702241
2026-01-15 10:50:45.430432,3.982086980445024,74.02659727728843,72.19248304071016,5.184970575073156,4969.0817489977935,0.5493930791203254,4.529401639930663,6.602491226896511,1423.6319723505308,85.7399584277615,16.099554010383322
2026-01-15 10:51:45.430432,4.782321827907003,74.05919471222168,72.47101908418371,5.452756352076695,4960.255317649916,0.5229602090799764,4.34968449304004,6.663480184703163,1462.0182756483066,83.39197400409151,16.128202053498857
2026-01-15 10:52:45.430432,2.6901274479551276,73.81470443136969,72.41081125722776,6.707329809559223,4896.3822409152,0.5458884098897568,4.395533346936876,6.763128440416766,1452.789049320584,83.6814019262991,16.33859369301342
2026-01-15 10:53:45.430432,4.410951252187612,73.90517814319189,72.52262809141061,4.229181197271311,5007.7015920841795,0.4844801931762243,4.545487580066385,6.624764226908243,1465.6493204374935,84.52769086428555,15.975392808241276
2026-01-15 10:54:45.430432,4.043523534119085,74.18473134493134,72.42737666776888,3.7216473711976756,4995.86511274908,0.4671582265652785,4.498906094803991,6.628324408939823,1463.3815050899273,83.39212324654568,16.01324259052669
2026-01-15 10:55:45.430432,3.8504963247670663,74.36116533115064,72.098508627851,4.1045720390749585,5056.809568732127,0.44608424666853863,4.543984288647283,6.677983078516219,1441.5813287083247,86.5957036509566,15.820251665134002
2026-01-15 10:56:45.430432,4.045880388267751,73.9581661172957,72.42233061233976,3.66343149968508,5017.952754674018,0.5179458791870329,4.667642341784408,6.6220591854131605,1448.590528522451,82.30393149690994,15.942756719955817
2026-01-15 10:57:45.430432,3.006215542699554,73.86494322054457,72.43887617778634,6.336657357758983,5066.711459708635,0.44801033877358826,4.5726035999229335,6.683448224085909,1439.7712494243492,85.19845924676214,15.789334094939848
2026-01-15 10:58:45.430432,3.890164056081244,74.00015838765698,72.6267322049548,6.548639295024037,4965.131788604192,0.5924331534483275,4.625888620574282,6.614072864661049,1445.7934445426902,85.26501619368436,16.11236184779896
2026-01-15 10:59:45.430432,4.178556285755874,74.18036202467873,72.36036006507778,5.320216577948829,5056.907516548381,0.434617870945328,4.509468138947073,6.741605980378865,1430.6549052403786,81.37840084336064,15.819945240882005
2026-01-15 11:00:45.430432,4.738947022370758,73.56684355515993,72.83573493467452,6.221294945685148,4973.554181044768,0.5136830059606251,4.419278432251556,6.667238748629615,1457.8096858774868,84.11795235895278,16.08507660475407
2026-01-15 11:01:45.430432,3.7408648908631763,73.31114571405882,72.11767188986965,5.133958380580236,5038.879803089613,0.5783427353606894,4.494213384078566,6.618998852546165,1471.5024149796352,85.51139907609628,15.876544614330276
2026-01-15 11:02:45.430432,3.5957531985534064,73.83483894515253,72.76223349956052,4.904888352299234,4927.0620803734655,0.5299544879631904,4.419524818628086,6.620565415026537,1433.6677394035803,85.85745598658814,16.236856506978718
2026-01-15 11:03:45.430432,3.749121478207732,73.63378627222575,72.45513620582437,4.666962380946238,5011.75676496831,0.508783685624589,4.655829495677245,6.624310012364599,1475.625392908027,84.59138558279967,15.962466606358909
2026-01-15 11:04:45.430432,4.457701058851037,73.84755794070581,72.67191697446872,4.689609008622434,4900.765602927704,0.45157581765190524,4.579039107653547,6.718637483312444,1452.2704299295588,86.35377640896144,16.3239800638921
2026-01-15 11:05:45.430432,4.164375554829842,73.95566590435476,72.51596029681174,3.4521984436909685,4986.643125702913,0.4309115405716148,4.552051249662828,6.586562449619936,1454.8215795281162,84.78136748552792,16.04285648348322
2026-01-15 11:06:45.430432,3.735119898116481,73.8640254772931,72.72791110720509,5.264254763607339,5022.017699693895,0.5385025054458793,4.623594320222811,6.616602916477025,1416.0114096078496,85.02730582415012,15.929852259357071
2026-01-15 11:07:45.430432,4.256633716556678,74.43574026034122,72.42252760708944,4.959666089785956,4973.9515724384455,0.5753073620387473,4.297994358547678,6.621916972153729,1413.8547538086852,85.5033077379731,16.08379149553733
2026-01-15 11:08:45.430432,4.04853877467402,74.0980234293807,72.28027591496443,5.745360724077876,4947.478118562201,0.4780575004760914,4.558813795134266,6.649215601662154,1452.8823272555937,86.85399925746833,16.169854233382438
2026-01-15 11:09:45.430432,4.484322495266444,74.09014230788326,72.7841008574542,5.09352349643861,5042.305923464796,0.44304692461918244,4.368935421569563,6.636444515367661,1465.7946424926402,83.64856399516894,15.865756900570679
2026-01-15 11:10:45.430432,3.648973453061324,74.18666214321303,72.47730387082358,4.837296298430908,4994.826860507654,0.37709152847254906,4.4992744301534335,6.575438608430477,1436.572391127101,84.0263562549634,16.016571191392433
2026-01-15 11:11:45.430432,3.836168926701116,73.65835006466577,72.54431169472484,4.128806969992369,4975.521467648467,0.4509617578168731,4.468829240753278,6.630008865820227,1483.401878011662,83.66220701654157,16.078716677271142
2026-01-15 11:12:45.430432,3.803945923433921,74.31173353622609,72.74695038280896,5.0721532368217614,5002.094796057714,0.494317157875048,4.566173661209695,6.645022465840752,1464.6987194850863,84.33560456771613,15.993299459868325
2026-01-15 11:13:45.430432,3.2682425259339407,73.97727071403936,72.2936089515811,5.738237230816162,5131.833457097279,0.5799561620418368,4.5228187288960955,6.618595108246011,1431.8331749658403,87.85246851615953,15.588970427199019
2026-01-15 11:14:45.430432,4.148060138532288,74.20114418517237,72.61909817952785,3.8566610089161393,5057.675142489077,0.5336566846116484,4.634511717361179,6.6843387744523834,1450.6169733410702,86.14545063865964,15.817544177151106
2026-01-15 11:15:45.430432,4.130527636089945,73.67844283008796,72.38202104870741,5.087473753680739,5058.128683409392,0.5152542702353377,4.439810283906739,6.695970421437683,1499.5385826744682,82.73782050966231,15.816125885132015
2026-01-15 11:16:45.430432,4.00255672832123,73.53387237019518,72.47356612887113,5.233042951529484,5021.777315949618,0.4799940169349435,4.5709114389633285,6.646080665013531,1425.148719944006,83.79910606882265,15.930614793673302
2026-01-15 11:17:45.430432,3.8827064333124266,74.24536689740751,72.51445579307686,4.2819352163817355,5008.324263628858,0.47084171413720216,4.516222321689884,6.6615270793425365,1460.565398778302,85.7455344485528,15.973406630431468
2026-01-15 11:18:45.430432,3.292314628974793,74.11292285782926,72.19995562771061,4.412143695091999,4880.195885583479,0.5702823798753982,4.336470972992845,6.541947200132537,1443.5451089455332,83.18698443813446,16.392784608570103
2026-01-15 11:19:45.430432,3.7896773386173206,73.72938453369275,72.34423259143591,5.230610848766214,4966.050982676843,0.5100369270379195,4.408138354147697,6.628944861391909,1464.1379258183701,83.54931991837049,16.10937952088396
2026-01-15 11:20:45.430432,3.828642741736615,73.7391010756176,72.77021457848262,3.8665789817073772,4975.971279339877,0.3948699654039489,4.485012196647784,6.700241084587896,1475.3454729263676,87.6899193323483,16.077263213346555
2026-01-15 11:21:45.430432,3.5988613653891903,74.33763043532443,72.67723823771696,5.349923715249393,4906.255396797624,0.46632301760513784,4.611229244989173,6.628828170841037,1442.2752582257726,83.77324874305363,16.305714548047586
2026-01-15 11:22:45.430432,3.9193571441669954,73.6431764321398,72.48747208453456,4.1046456263408,4942.129210489228,0.45708919841141865,4.546372305755711,6.613136916180403,1472.3782454341435,86.90933363205878,16.187355002820876
2026-01-15 11:23:45.430432,4.20202542840727,74.49280188597679,72.54862469170259,6.062853693033216,4900.958176453868,0.47268679954112675,4.383249917611929,6.763884446301547,1494.4240678854392,87.51064637906188,16.32333864515545
2026-01-15 11:24:45.430432,4.943092950605265,73.72981377960564,72.44115149887271,7.337827745388299,4998.083808215131,0.5281455330142543,4.485968377195284,6.740953859509791,1451.3254947468847,83.53307581766207,16.006134164558727
2026-01-15 11:25:45.430432,4.087288906415919,74.19151757768252,72.7713166771656,4.13924319829818,5040.938298542441,0.4946277559102875,4.701780644879303,6.673378745624108,1465.6977737498837,83.22007488688571,15.870061338209903
2026-01-15 11:26:45.430432,4.128775195361382,73.90141445727531,72.45992948444116,5.534207862374675,5055.338725931217,0.4961567296498169,4.511122333484086,6.706945530574003,1438.1911845959346,84.44773582703768,15.824854542316277
2026-01-15 11:27:45.430432,3.962777042116916,74.1809562293247,72.54636841842697,4.27325809511798,5020.739223103962,0.5656736580662618,4.46726744249276,6.538703229102096,1450.3851861806243,82.82274455865274,15.933908622830593
2026-01-15 11:28:45.430432,3.0406143923504794,73.83676579936574,72.72920602882841,6.04095417379779,4951.830182940072,0.4651769455106656,4.549173964075622,6.610622427968565,1446.4664981458352,85.24206775700549,16.155642872329125
2026-01-15 11:29:45.430432,3.9867430622753917,73.95116212817831,72.34452570303083,3.734741590914785,4903.396742074002,0.5932099762943674,4.576339307958197,6.626502106341343,1465.9387185131718,84.58869617629323,16.315220694575533
2026-01-15 11:30:45.430432,4.0301151049705135,74.01227575261872,72.81175783689937,5.480586758427712,4912.156565029925,0.4664346204314457,4.454383165251994,6.638200995056653,1474.0935187151385,85.7211600317726,16.286125847357358
2026-01-15 11:31:45.430432,5.231621056242643,73.69934376326556,72.19390771805132,4.127011033110647,4936.550871137275,0.5044599098306286,4.550257477437143,6.6255027989513025,1447.8069030176507,87.79388691246564,16.205646834865842
2026-01-15 11:32:45.430432,3.903819517609439,74.22224730362603,72.82592842622256,4.793015410901631,4955.557015098217,0.48593982022986165,4.467111050332919,6.522498685424183,1480.6724569146584,86.63496996154063,16.143493003160298
2026-01-15 11:33:45.430432,4.150773671166807,73.84603593005852,72.4254648832096,3.9689747248526928,4992.012575100421,0.5061709566750481,4.571932760182944,6.669301230935428,1480.6009488312325,85.97847955082472,16.025600656342636
2026-01-15 11:34:45.430432,3.9826441151473784,73.931420025398,72.45146025043495,5.822350470895754,4949.2917890936515,0.5222295997536565,4.5169693157971285,6.6771827064140306,1466.9370748635981,81.06790317406417,16.163928781950066
2026-01-15 11:35:45.430432,3.415660981190234,73.70169518761745,72.12199796576341,4.163019645560413,5016.948794683413,0.5216917620044438,4.548196782705289,6.7300949395795,1439.6794693655654,85.88675196420475,15.945947083370278
2026-01-15 11:36:45.430432,4.571411407257511,73.2312999023614,72.40904105652446,5.551964259331828,4988.386324860026,0.462344133468971,4.424081645383249,6.610584536761253,1437.763423665202,88.44525532140909,16.037250282985006
2026-01-15 11:37:45.430432,4.375966516343387,73.94269167121995,72.29203869379462,4.655901971737667,5000.527285587052,0.44385426612762147,4.417871361592714,6.606491842111005,1433.7523729061993,78.97895496737297,15.99831286404193
2026-01-15 11:38:45.430432,4.3955159735215235,74.72378462648388,72.3784707309253,4.885527628201137,5057.01252763356,0.6251585895452856,4.594549730465939,6.516000775701777,1468.9833214047633,86.37876508595124,15.819616732774076
2026-01-15 11:39:45.430432,3.5453062726026303,74.2353812863694,72.47253780684223,5.1477559074001285,4940.9884132899815,0.47580078301997236,4.4920603618614505,6.635321658170456,1425.7646358502127,84.68128285048707,16.191092410745323
2026-01-15 11:40:45.430432,4.701397155468049,73.99422188607969,72.69155832289458,4.238175328341152,5020.935228914618,0.5349606219335993,4.528503474209936,6.6950555890531085,1463.5367530822202,83.3004099939541,15.933286599535302
2026-01-15 11:41:45.430432,3.2990744686038598,73.92113275123752,72.54152067028012,5.210367113540887,4999.301338576196,0.41961793447384016,4.469360457291348,6.619411606890364,1428.3778130435178,86.60225716782391,16.00223602900161
2026-01-15 11:42:45.430432,4.293428546900135,74.00673976784361,72.56153533068023,6.530334564354411,4983.325685951515,0.48601936400476614,4.589872677401364,6.757172240927183,1466.4709223968396,88.41941180121466,16.05353634130875
2026-01-15 11:43:45.430432,5.095227812904989,74.16413573455256,72.28089612223089,4.221905214167286,5044.262816043298,0.49364003080087787,4.439219001997034,6.637170258210524,1450.3443916546112,86.55046145767551,15.859601871964262
2026-01-15 11:44:45.430432,3.504731837434656,73.64575615540734,72.32384918207946,6.171810143273845,5043.95070772785,0.5236407534963916,4.486439876009912,6.657349614214428,1476.6727712371965,84.25761609747694,15.860583228426833
2026-01-15 11:45:45.430432,3.716851135198614,74.33429650840066,72.85974500367026,6.4980976334877845,4952.6754602005785,0.36387729295040305,4.578599281270313,6.58184484597092,1472.8290915664254,83.11306035118369,16.152885575256345
2026-01-15 11:46:45.430432,4.049825682543821,74.21461439463238,72.35295979304735,4.183845010971956,4990.8919708071035,0.5083070306539166,4.617296769916426,6.664361017258765,1478.7013082400422,85.2892552675791,16.029198882271693
2026-01-15 11:47:45.430432,3.7482621729419003,74.21545571771237,72.83124165041146,3.544945394909448,5014.060584129204,0.44251292723160535,4.447624070897332,6.551034010257365,1479.2163743657823,86.74633858476318,15.955132303989435
2026-01-15 11:48:45.430432,3.224668284466934,74.13154272164292,72.45138776022382,5.301960900171765,4986.349662598871,0.5162172855597462,4.695968398195588,6.684684897750658,1452.872616679764,84.22589394753254,16.043800658436822
2026-01-15 11:49:45.430432,4.034281487403014,74.0058849973082,72.5004575872287,4.452592477233127,5029.25106661439,0.44818354015809186,4.531324169369362,6.686221408811771,1426.8241386715079,84.41923401669841,15.906941001824888
2026-01-15 11:50:45.430432,3.4688481431369476,74.20185837079005,72.71407303204599,6.868603219163003,5014.0596008955135,0.45722586520372094,4.395707173819126,6.717964571216826,1428.9495389000524,90.64400049967679,15.955135432716428
2026-01-15 11:51:45.430432,4.23679621531759,74.17754424012242,72.75437848438773,5.034807540499832,5091.6280620178,0.4863186194803366,4.536905204858996,6.5990015640616155,1408.2630294136814,87.15730389191945,15.712066754596403
2026-01-15 11:52:45.430432,3.5402878828830984,73.8937877867177,72.47783748794419,4.197800591964821,4923.48604320351,0.44738352651984026,4.4617000785516545,6.658028105914871,1428.326683331438,87.30025735678727,16.248649696170823
2026-01-15 11:53:45.430432,4.77496720250877,73.82791946813093,72.4223513892957,3.8528404889882886,4993.87820051263,0.47622327766323225,4.543406848718318,6.678190827969326,1451.376473154093,82.07942818788237,16.019613772676287
2026-01-15 11:54:45.430432,3.6083733538318814,74.0305568885786,72.48881591029556,6.0899049590908305,4954.57487442439,0.4403312115728342,4.495714375233966,6.672114081916516,1438.8069163834969,83.58562264141308,16.146693112452798
2026-01-15 11:55:45.430432,3.8389692418971624,74.46470604544855,72.56759150564642,4.428816025915814,5030.205372771952,0.4083414774150636,4.507427369019014,6.606735036243258,1446.397287911803,85.14936327890848,15.90392321415598
2026-01-15 11:56:45.430432,4.406758608684835,73.62826787730383,72.67826073737395,5.043828799460428,4919.141405497723,0.550897852621468,4.408840662341386,6.530400905522193,1459.854308389228,82.9977248842297,16.26300067540049
2026-01-15 11:57:45.430432,3.3845678417830225,73.55974242027426,72.50084597179882,5.95580274511248,5017.315635511244,0.4351975653588036,4.599006123071636,6.667348014844224,1443.9186948386848,88.20079459777858,15.944781196100356
2026-01-15 11:58:45.430432,4.113729967302064,74.04942825237096,72.62377725960464,4.51574164806917,4968.497578432583,0.4910659556196008,4.384387263284896,6.642375016084505,1427.5634239917483,87.8206246131813,16.101446913704176
2026-01-15 11:59:45.430432,4.653571377141214,74.01526631055681,72.82767194645419,4.954071171259839,4963.291906693949,0.5376445540746893,4.3891235104595,6.621666470351928,1448.9353266487315,83.93290932523189,16.118334666575763
2026-01-15 12:00:45.430432,3.1962583827193862,74.05200249931113,72.57626192245296,4.98343159017748,4927.675089822966,0.46925279487419785,4.536736034914749,6.688197268185774,1432.030190264543,88.56783721321497,16.23483662005689
2026-01-15 12:01:45.430432,4.092316929266152,74.07318595937255,72.56233057120096,5.6833245115160915,4976.746202689949,0.4587417050127231,4.660284424717797,6.647754023092279,1444.5842700604187,84.99149580656011,16.07475984143208
2026-01-15 12:02:45.430432,4.129941397124211,73.93303932360956,72.19621783498198,5.590744335510326,5054.225026514547,0.511311904433371,4.464740690293559,6.58404024736161,1476.85553928846,90.1787794347781,15.828341551933024
2026-01-15 12:03:45.430432,4.390911435888655,74.44695903158062,71.97385397263419,4.779886268745171,4998.740565823526,0.5558966911363576,4.570097232270396,6.55342738554519,1444.5898939180765,85.28937226105008,16.00403120477213
2026-01-15 12:04:45.430432,3.381524644560959,73.51972880645704,72.57767514584603,5.063649061496518,5031.384020893724,0.44153423674567654,4.607334017686354,6.593551836743342,1485.419151066955,86.15238550065685,15.900197573428237
2026-01-15 12:05:45.430432,3.3397716934578616,73.75145089256593,72.48103515374383,4.628220988476512,5083.2320910983135,0.49249260839912806,4.581468443729407,6.76965061473834,1478.6327197387593,87.79980688233911,15.73801836435816
2026-01-15 12:06:45.430432,4.260970782808449,73.96902357195529,72.39704346501705,3.5223875930805555,5013.187779241129,0.4133752702516336,4.468879171082632,6.686138838696639,1438.413893828419,87.55526669961561,15.95791012083533
2026-01-15 12:07:45.430432,4.148492336616593,73.50704335665375,72.54870604083727,5.257600857398129,4972.060021396883,0.4803399498158905,4.3908953282805925,6.659430617098751,1427.7775246716844,86.02146413227179,16.08991035018203
2026-01-15 12:08:45.430432,4.125246425172938,73.94724367867038,72.48791925416062,6.892191760833068,5023.36261075914,0.5017102342269038,4.2792452434328645,6.64091695364071,1448.9489167615961,84.71771936111233,15.925587340371244
2026-01-15 12:09:45.430432,4.1732241047484875,74.49844104971841,72.72555605012678,4.1162808593089375,4972.785192684285,0.4572687679122467,4.47371595005376,6.637630353002629,1473.0665552679377,86.02826539998624,16.087563990837978
2026-01-15 12:10:45.430432,3.6599876392107547,74.00626594648878,72.5172221736518,4.226970290397297,4974.778865835142,0.47715040830873845,4.617808736856217,6.708359799167955,1440.1961818754262,83.36763165624777,16.081116800871104
2026-01-15 12:11:45.430432,4.116126848580501,74.0692102717156,72.35061534298596,4.129272228356259,4924.00536001905,0.4295886615846275,4.387583401523806,6.625470212904829,1468.1618059652428,85.30426743772823,16.246936010583564
2026-01-15 12:12:45.430432,4.14653623664934,73.62195057044822,72.69803324779186,5.724591778723123,5046.31287455422,0.5038539305690747,4.570020984751877,6.678846020534215,1474.1687997827219,82.78138493500401,15.853158927857207
2026-01-15 12:13:45.430432,3.642824290986816,73.81509157758816,72.45657378501076,5.44848545419644,4980.699871217528,0.5527847124441575,4.4049847469948125,6.63257860248542,1434.519486992748,81.4382367198394,16.061999732668905
2026-01-15 12:14:45.430432,4.932887255572378,73.88744108590282,72.60530733673446,4.8414623075835435,5009.104912290793,0.4451428065114768,4.510607257638684,6.747007831591754,1436.4789782342282,85.10085352827889,15.970917239865498
2026-01-15 12:15:45.430432,4.236916460455894,73.90468547097313,72.40451785876144,4.081980938361035,4948.201903569668,0.46886641167238086,4.570779161415501,6.687114425378915,1464.25324064254,87.52455578134334,16.167489031174625
2026-01-15 12:16:45.430432,3.404348251398676,74.38449313850113,72.37003462290052,5.092376791639924,5021.797381485773,0.525127312322709,4.434050456316157,6.712277840734181,1453.0369509928314,86.85160928319212,15.930551139904974
2026-01-15 12:17:45.430432,4.328276804316915,74.16730731821754,72.51683364603714,3.435377872664196,4961.902938093246,0.5606045359661368,4.517048468069691,6.620779511265589,1436.2787694691265,84.83617540854878,16.122846617137235
2026-01-15 12:18:45.430432,3.5126591648863394,73.6665626129189,72.50256572870873,5.143426566857493,4992.914563914909,0.4253405093895534,4.458490866327467,6.702906805628372,1442.9563910376082,88.493979396351,16.02270557124706
2026-01-15 12:19:45.430432,4.393542301871226,74.0739514335296,72.59596540707336,5.871524386087934,5043.891301561956,0.49156076312920255,4.570514865893817,6.634371128730266,1448.5896089454516,83.86187721830686,15.860770031904963
2026-01-15 12:20:45.430432,4.579297789503702,74.14946652454904,72.44627084933805,3.748800863366322,5039.5379656116265,0.5141565411159763,4.5235317168484634,6.655501741196643,1418.7029115008909,81.16433467640395,15.874471141183426
2026-01-15 12:21:45.430432,3.5896588408241445,74.34204471155638,72.13272804324592,3.4674817231703363,4998.898496374153,0.4948971804685576,4.505650767442927,6.731752383530973,1465.312862129654,80.63579741159808,16.003525588292366
2026-01-15 12:22:45.430432,4.481688064622161,74.47416220597052,72.41344522328232,6.57943789169486,4911.593448364664,0.37616039665614565,4.655834996014198,6.59786124716218,1440.4261562212162,82.63761811880856,16.287993059897158
2026-01-15 12:23:45.430432,4.206390463468249,73.69547174245164,72.65876369342877,4.388240360495415,5149.640528503032,0.5250545004654386,4.56623061423683,6.66016238656527,1394.325675524038,86.63324948652446,15.535064934572333
2026-01-15 12:24:45.430432,4.411030079997245,73.7567427466369,72.44052478415138,6.1359478459438215,5087.2929485136565,0.5759668175545323,4.430964813387371,6.671900262925937,1449.522580633811,83.73039463306523,15.725455720684108
2026-01-15 12:25:45.430432,4.948396491326974,73.62272664232562,72.45072331949709,4.846002334802169,5036.1337412444145,0.5058330875584752,4.491413609920224,6.6760002190400405,1435.1685748221298,85.9219172837146,15.885201646815723
2026-01-15 12:26:45.430432,3.8773059419985647,73.9297940422679,72.6972753011812,4.838045183058672,4962.339810920452,0.4484446973352868,4.492410121492034,6.627460775345327,1483.7764438460536,88.29256676716795,16.12142719931165
2026-01-15 12:27:45.430432,3.6231319178212553,74.1399075123339,72.35760535454821,5.438412699496645,4994.320391914902,0.47434363768178583,4.508031957262522,6.754313205040404,1438.2910995816007,82.79980607484438,16.018195414436903
2026-01-15 12:28:45.430432,3.5552427851872386,74.29620035497673,72.19143935635142,4.116001143253559,4972.828978511174,0.5884956533827796,4.75245092766075,6.5852534057329875,1428.0471327284279,85.95699946359179,16.087422339617913
2026-01-15 12:29:45.430432,3.5920948575172806,73.97721469290724,72.4678737760949,5.1324971434956455,5063.19279695482,0.5454981270430279,4.5370851892710995,6.722944269431624,1460.1586533992404,86.07792614531144,15.800306883062953
2026-01-15 12:30:45.430432,3.961449145292948,73.90404574302354,72.40316520975026,4.618510585175907,5013.125144542591,0.5320013309192164,4.296409742989522,6.710753280279582,1436.7910526398484,83.27852402305379,15.958109501233961
2026-01-15 12:31:45.430432,4.170575987408322,74.04552739767462,72.30675073604935,3.6795065565949683,4960.791807082009,0.5178206291767188,4.445720102828304,6.745044439480185,1434.4108759749554,87.70842185049017,16.126457854125682
2026-01-15 12:32:45.430432,4.13834539966501,73.74945712951099,72.46492430882026,5.337482074726399,4976.462245043761,0.46694314439045137,4.306762791250419,6.57058864506461,1460.1900276564882,84.42458588890105,16.075677069523614
2026-01-15 12:33:45.430432,4.413591624518012,74.62686161650844,72.59830112944935,4.736692193122084,5056.059407128495,0.48997144096721157,4.467020174295416,6.606558425605515,1429.1906538422086,84.23249403817398,15.822598897316889
2026-01-15 12:34:45.430432,4.006500945938954,73.51770169186459,72.49814228768643,4.842975171555292,5080.004892341024,0.4961038632160742,4.301268977027357,6.724597152958083,1420.854526836011,89.22322643683594,15.74801632979009
2026-01-15 12:35:45.430432,4.726767038578658,74.05542217366872,72.56139621453725,3.7898390565858424,5076.416578174312,0.5274787158032221,4.412840952893157,6.556148042268485,1484.5199600418866,86.04553348473344,15.759147967476554
2026-01-15 12:36:45.430432,3.867671583381022,74.60708186576889,72.86268153970309,6.591400367762804,5037.851603252699,0.5754459447133452,4.347927847036588,6.56967705494798,1461.589974752013,86.850581099371,15.879784936171571
2026-01-15 12:37:45.430432,5.360084583294809,74.002039953368,72.43142422768848,5.876714186386116,4987.368756559868,0.5559169068396564,4.538416017796748,6.625584610664426,1444.7158143001127,87.70978586304368,16.04052234853825
2026-01-15 12:38:45.430432,4.312833673882503,73.94298828949955,72.55566972692894,5.964155884171978,4837.9243087335435,0.42903078221019797,4.500053936262888,6.659599689431114,1449.9304558059612,83.69905200108157,16.536017286500737
2026-01-15 12:39:45.430432,3.5714212217918586,73.89276637315687,72.39815732748018,4.694555297558318,5014.858001190411,0.5111997484450524,4.530296230749873,6.729611253682439,1460.117287162323,87.49964219410735,15.952595264115125
2026-01-15 12:40:45.430432,3.464553750969444,73.94588249547128,72.33072805602261,3.27081711049658,4999.908562057795,0.5368381672583948,4.489544861143147,6.640736704253483,1469.4667489922683,83.99621177000466,16.000292606766127
2026-01-15 12:41:45.430432,4.241236207621593,74.41185454240296,72.38301846931644,6.9529173824895105,5006.999104816067,0.5309430165072317,4.360570224979559,6.6195880425967735,1434.8804941736998,83.9107532213234,15.977634172742437
2026-01-15 12:42:45.430432,3.8882686073370745,73.33644142660114,72.40424828569566,4.938902491994132,5002.69486735166,0.46853831183062905,4.551352136925473,6.665569496884822,1457.3229305193136,84.45600005538373,15.991381069849382
2026-01-15 12:43:45.430432,4.357000247046046,74.4600301103889,72.57189515950942,4.251200203979947,4933.686891902542,0.6457054607884181,4.692222456026945,6.67347982416472,1439.8659164757953,83.75587033011008,16.215054127431703
2026-01-15 12:44:45.430432,4.236618812286772,73.57281285426495,72.96981515734015,5.416801574483114,5027.870427842559,0.43614577188344406,4.540921257860655,6.672061991108514,1446.2203751097475,86.64431286531432,15.911309002115177
2026-01-15 12:45:45.430432,3.9635855436715635,73.92000430122968,72.35679131274483,6.167120788003297,5031.610815701592,0.4458405776666975,4.457407540068243,6.641100689602433,1453.213857349298,85.53442131029011,15.899480887979815
2026-01-15 12:46:45.430432,3.5766031409657977,73.8712266739104,72.41667493887691,4.976949443914534,5034.1169391029825,0.5116797540630789,4.3571932823894555,6.5522456943040925,1449.8664285389466,84.01755117076577,15.89156568425981
2026-01-15 12:47:45.430432,3.242576387657068,74.17656598093122,72.48737539737775,6.278575167939374,5047.328850178669,0.6058401527481927,4.409193302924003,6.604119200544684,1464.7113379660514,86.34901006630965,15.849967849265083
2026-01-15 12:48:45.430432,3.7767425239664894,73.52056269443487,72.57915976974195,6.082999938516869,5030.202582246081,0.4581902574647915,4.545303965657206,6.721013554263373,1459.741731182312,84.4496351252273,15.903932036923745
2026-01-15 12:49:45.430432,4.428199397161736,74.13865179982459,72.55271016239095,3.9236188125979417,4979.498529423055,0.4867085817176504,4.607311802679938,6.65935344689883,1419.8366158125564,84.34385925927064,16.065874811950017
2026-01-15 12:50:45.430432,4.107046872065102,74.60729288698606,72.75681915878963,4.326209894340524,4996.458157604196,0.5538646836507847,4.526086617472197,6.633873894044648,1422.8435358586912,85.09736776980309,16.011341929932232
2026-01-15 12:51:45.430432,3.3771306106440058,73.59104779862216,72.01472158589296,5.957537163279768,5004.556243362669,0.49910689225561333,4.579988728970599,6.7059084274186995,1442.6056663048141,85.92692071133243,15.985433295129933
2026-01-15 12:52:45.430432,4.086590462925591,74.05691185028311,72.02261402596086,2.287387436189562,5005.384972455331,0.48326980727348523,4.570767824402724,6.593494168381553,1486.5725052488365,85.77969529875485,15.982786626850995
2026-01-15 12:53:45.430432,4.192658689864419,73.80140534666101,72.40082436559797,4.850544306835011,5049.9108827985865,0.528281645094336,4.550653439138592,6.63873259331435,1432.9681633499679,84.27350163549434,15.84186371931878
2026-01-15 12:54:45.430432,3.5580712818994336,74.1277661618579,72.71946003750874,3.569168798375328,5032.183437651124,0.5136258995114796,4.434152640473874,6.656887920258702,1445.835545807745,86.69422241487881,15.89767165509802
2026-01-15 12:55:45.430432,4.076862552972764,74.00574433322473,72.18687039367889,4.523446198566475,5103.867171978498,0.5515219392818396,4.517392351197516,6.627931124835269,1439.2730794608697,84.55521169784069,15.674389106209487
2026-01-15 12:56:45.430432,4.029104359223,73.8075539272867,71.89847353206125,4.7011799109707955,5110.323448994233,0.5645734444532682,4.415162219611786,6.65503814114508,1438.9191123182384,83.69003102278256,15.654586407000297
2026-01-15 12:57:45.430432,3.4285148510846883,74.14636168546133,72.61423588124384,4.641755622092492,5003.982479130696,0.5153501530002681,4.50174289529581,6.640615303428912,1453.564794878101,82.06395670246529,15.987266209192997
2026-01-15 12:58:45.430432,4.178893680174141,74.54130443293602,72.54873144474054,4.447738747887391,4808.167222577032,0.5145866362689154,4.533086353106691,6.580032847610706,1478.015545523913,86.96635696199804,16.6383564249503
2026-01-15 12:59:45.430432,4.280392263184117,73.94272886248181,72.28195831864011,3.902856350371186,5061.8416233063635,0.5107055491143067,4.667878380738686,6.659073894093953,1459.1193679976118,85.02478015238802,15.804524509746413
2026-01-15 13:00:45.430432,4.541525621587638,74.21592738264445,72.30289207985581,7.291911266818686,4972.981183050647,0.5244565278324644,4.369026802563237,6.5835824104243565,1433.9293807714582,85.42174471702103,16.0869299631905
2026-01-15 13:01:45.430432,4.526901026017452,73.61201811263865,72.30605125607306,6.867462004161351,4959.92580390845,0.5027585318935732,4.54815076309913,6.658280756254836,1505.064590216064,87.09160583139904,16.129273534083826
2026-01-15 13:02:45.430432,3.3111653160214543,73.7130690869546,72.52210706349479,3.837934179743717,4980.077736250531,0.4999695758838855,4.648123659162359,6.718706791207506,1451.5714644192226,84.04518753680436,16.064006273972637
2026-01-15 13:03:45.430432,3.5310874800424386,74.14172188336411,72.3747369447634,6.582116751303567,4977.66784765927,0.5598313560413621,4.575884776583879,6.635948840136198,1438.4555808723578,82.25120150305175,16.07178350351756
2026-01-15 13:04:45.430432,4.25751763360433,74.44523480856078,72.5988127837951,4.600534509527147,5030.6134905052695,0.5758058090177521,4.583294544282504,6.591425843501451,1478.2419274935519,85.13956140443044,15.902632979256152
2026-01-15 13:05:45.430432,4.256892975456104,74.1066840046357,71.92907466741912,5.129187473331711,4922.028211043688,0.42462235276832894,4.558769490186781,6.643650609339751,1440.6185876411237,85.61592310416059,16.253462306555218
2026-01-15 13:06:45.430432,4.257523843153024,73.90608259084306,72.32862962697445,4.936726040103084,4946.11396271042,0.5005010575870285,4.629833448977542,6.6084014445960735,1483.2582730997487,84.47430186767926,16.174313936786206
2026-01-15 13:07:45.430432,5.92636574532736,73.999787421627,72.27478920781779,4.340251358746034,5017.157927709871,0.46556527832773825,4.391252183188763,6.679725450131574,1432.5871441806667,87.94747515615234,15.945282399455335
2026-01-15 13:08:45.430432,4.285445255346583,73.62487767980909,72.4487318643255,5.983852343606147,5031.1472015206655,0.4844514266756964,4.361407333402975,6.642600562623858,1478.6006077784273,80.02766686455729,15.900946006075907
2026-01-15 13:09:45.430432,4.567782820090299,74.1813545979066,72.39239044830197,5.125886530576658,5032.0770822468,0.5201258104867661,4.499366585953474,6.735488162583229,1454.0209532856338,87.24011327579957,15.898007660145053
2026-01-15 13:10:45.430432,4.477000881746601,74.26469991869702,72.65956875597915,4.523448576780758,4960.648186053335,0.5334719185771234,4.283883789642829,6.708149479783867,1475.8210446540486,86.58230730072844,16.126924748446548
2026-01-15 13:11:45.430432,4.325695625652899,73.86437290015007,72.12813264566799,3.695410556199527,4951.086717536688,0.4943936778194328,4.623064580417801,6.64234597477593,1488.0353141740309,85.91354155540093,16.158068837017332
2026-01-15 13:12:45.430432,3.842365377679827,73.85898735567216,72.50909829526616,4.10640498628088,4974.668258310604,0.40433298326385986,4.622071519549544,6.685780453398655,1427.347854189575,78.3281969010618,16.081474350848065
2026-01-15 13:13:45.430432,4.379484610246633,74.07976346889562,72.61166728464234,3.3586198843979034,5011.993637614236,0.45174772097119104,4.456664944491547,6.630338179541858,1475.5154364151665,87.56777756654054,15.961712201630183
2026-01-15 13:14:45.430432,3.613587392731214,73.86898407918783,72.8713294873124,5.01222354841517,5074.273868463628,0.5448249835100083,4.462922940333949,6.651697844258258,1421.821921911492,82.94713177872823,15.765802570727647
2026-01-15 13:15:45.430432,3.8815906966299956,73.98016021561226,72.4036468057813,3.803334407715604,4897.628140711462,0.3629786788982534,4.492765252484933,6.6319282901824845,1429.0563128950355,83.98461604323323,16.33443734427307
2026-01-15 13:16:45.430432,3.7573182260854483,74.62991653674996,72.5648917208705,4.734439487481459,4988.963562152082,0.5593713575841,4.505202065043962,6.688322797992486,1433.9318108041512,84.65881467041986,16.03539472745528
2026-01-15 13:17:45.430432,4.040937069693161,73.9258922897762,72.13922744148752,6.370101853610371,4933.36607794874,0.526061499532227,4.512717391919429,6.721649413835479,1460.0727327235572,85.81483606930395,16.216108583059672
2026-01-15 13:18:45.430432,5.157329283336754,73.89249795439363,72.0216087591374,6.199299572921586,4917.387866132325,0.5658088040765011,4.55582321068783,6.689932410359558,1450.6603175386972,86.2788560843851,16.26880005764573
2026-01-15 13:19:45.430432,3.0663674037041257,73.80573745830945,72.66895487515634,4.967723105897382,5048.347832267241,0.490071540655952,4.482737364699152,6.696096830064268,1446.6572783167433,86.7856811086386,15.846768617777977
2026-01-15 13:20:45.430432,4.343130095187257,74.22325759144998,72.49888794127038,4.91291527385685,5027.231228724967,0.39692972879885474,4.59431933034778,6.696151671861787,1452.9247055804472,86.63170702015704,15.913332082855081
2026-01-15 13:21:45.430432,3.193642064405174,73.94563274803457,72.73570253795968,6.879874549421008,5022.471675797363,0.5215181320753249,4.54459477771253,6.677562796116736,1461.8257917858696,85.50585440842625,15.928412376222962
2026-01-15 13:22:45.430432,3.764034067105283,73.80518808850357,72.22531942220606,5.520756120358711,5046.05129198655,0.563732656201917,4.439303655412736,6.593035692039487,1463.364962478827,85.83184531811519,15.853980740751703
2026-01-15 13:23:45.430432,4.544475298483683,74.39639120968191,72.60398042790575,4.672193540123477,4976.014055161693,0.5462360902756711,4.63351126678041,6.735048575970826,1471.8833367123027,82.81849256835551,16.07712500671392
2026-01-15 13:24:45.430432,4.0321400095477316,74.42588090135409,72.87376356810877,3.573981882879548,4978.368124183324,0.4668654258255982,4.364174301387751,6.740220541334922,1486.4006962553487,83.49794638636196,16.069522784260474
2026-01-15 13:25:45.430432,3.461127611035347,73.8198729302784,72.58394112167146,5.393873218164743,5109.286530836129,0.5043380537731323,4.490783418917852,6.6383060198343316,1449.5727525511704,86.79092044734966,15.657763469943442
2026-01-15 13:26:45.430432,3.6423481453700157,73.44003801459182,72.55531630111821,5.829323772582862,4987.671447287022,0.4733581865610038,4.596691740107547,6.631465104239191,1439.5782207573816,86.67441897345736,16.039548884783688
2026-01-15 13:27:45.430432,4.339798874467338,74.30225410695108,72.50171121616486,4.368348475486356,5036.756605652705,0.4590366767905314,4.427692689508786,6.680620582645769,1462.2707225837037,86.44759883288884,15.883237222584222
2026-01-15 13:28:45.430432,3.6348166841414318,73.794611052272,72.18582370857482,5.291202755138032,5000.319077048166,0.5477694285589926,4.530955564676715,6.677540641759175,1427.1149036747076,83.97116647668695,15.998979018600213
2026-01-15 13:29:45.430432,4.108229294790988,74.23718767974883,72.77111458714207,4.636426705084971,4907.587073496079,0.44012338443674187,4.554333959699905,6.639902696562349,1436.4259173577677,86.8209842638874,16.301289982616527
2026-01-15 13:30:45.430432,4.0227859199519065,73.40896885468645,72.37782847203898,4.815967600800997,4897.768549809936,0.45530917847091934,4.413947613201876,6.58749871722062,1469.9876189278557,82.67751109503928,16.333969069057886
2026-01-15 13:31:45.430432,3.6741998261970914,74.26777920148979,72.6008966512766,2.5121779424376687,4971.050789003005,0.44479871832638074,4.4927522280405965,6.6652850595374895,1447.517432503646,87.15471961972455,16.093176955056784
2026-01-15 13:32:45.430432,5.071972044662663,73.63664842121577,72.18739313868575,4.778218596283865,5052.805062583499,0.4254876238350477,4.484349616979079,6.677571826908777,1425.8361508328392,84.47825839750821,15.832789709701565
2026-01-15 13:33:45.430432,4.316959511159006,74.21922923571995,72.26410806709845,5.9693693024080545,5039.4145828318005,0.5073207145921301,4.4448262148167705,6.68629105740194,1420.2039386926965,88.36834081268127,15.874859804657223
2026-01-15 13:34:45.430432,2.9874287066711966,74.00428192035093,72.78701747984445,4.3685974444334414,5045.703858211202,0.5580751524240988,4.730167485205078,6.6674646386177105,1450.9743335878761,81.95711581586903,15.855072403785806
2026-01-15 13:35:45.430432,4.093227157384714,73.713818174181,72.43053954220844,5.052526368215316,4950.647691053185,0.4907561621877367,4.423689364655452,6.636444242581905,1472.8379307393602,88.52680809183704,16.159501744504276
2026-01-15 13:36:45.430432,3.669106767615806,73.87788910612197,72.7906550952085,4.24404929330808,5080.7936245061155,0.42471260997179167,4.600493029406788,6.699700101975314,1472.5709155506238,84.27707134167308,15.745571639465378
2026-01-15 13:37:45.430432,4.426216667398112,74.20589553708702,72.4843538681883,5.360441676292773,4951.755334990681,0.5419972269871014,4.460719898311885,6.6532924248782965,1452.2176100578567,84.24104148797652,16.155887071942853
2026-01-15 13:38:45.430432,3.60373963078365,74.03176833593457,72.13162044540843,4.783476802463826,5010.641219933498,0.5842850877017486,4.391336381111472,6.626753849281764,1490.1781883819226,85.38967763797119,15.966020413064372
2026-01-15 13:39:45.430432,3.9426317792665504,74.17532389414174,72.67841351994635,4.060758459317993,4999.482385504613,0.4676878837926703,4.510281424315507,6.640967330897714,1447.9035926811907,83.6058421743986,16.00165653787484
2026-01-15 13:40:45.430432,4.252493639490228,74.59293217535465,72.38202153644887,6.3325514676651276,4991.306308984271,0.4760722866641141,4.56490933843875,6.562701548376252,1447.2286475320518,84.85534199739539,16.0278682668706
2026-01-15 13:41:45.430432,4.432877597085061,73.53072751648668,72.6397377627034,5.928932013532215,5066.92960691478,0.5257830315041697,4.592050957506568,6.640887908791074,1398.65128180522,83.52474746945829,15.788654314602066
2026-01-15 13:42:45.430432,3.3998517964721118,74.4851637724906,72.50504217350802,4.395093236071825,4964.744473991702,0.5810936873892526,4.656226511065507,6.684421825993733,1441.0527410167756,83.59787293804163,16.113618821489766
2026-01-15 13:43:45.430432,3.832749382079526,74.03130678125696,72.19137635441143,5.4977883094177775,4932.519737214404,0.4740082927137387,4.79452462899351,6.666989151106962,1467.0403006981699,85.97377190060115,16.218891005427437
2026-01-15 13:44:45.430432,3.7625273444195217,73.73036478550306,72.53285895307411,5.537412002820381,5000.999774310321,0.43337751095008975,4.52505142037556,6.72603320864906,1481.279226737194,83.19686900939297,15.996801361790235
2026-01-15 13:45:45.430432,3.673335383713144,73.60090591227831,72.93924462843056,5.642301235011176,4980.008663285674,0.5315709303136203,4.433690782617461,6.6368512542992155,1433.3953073266543,83.46361152998904,16.064229082528982
2026-01-15 13:46:45.430432,4.882727120140548,73.94326388276689,72.59859729170289,3.3057441040049222,5168.869145954132,0.539953403657115,4.545287432679489,6.6743656581526665,1459.245046585861,82.25441750050719,15.477273217995661
2026-01-15 13:47:45.430432,4.202490855480478,74.27649503357733,72.48849644939891,6.006606541032628,5033.825373821999,0.5003065725217614,4.473378704959351,6.689637008815289,1470.9375806464657,83.99213864007731,15.892486143050077
2026-01-15 13:48:45.430432,3.3695580228324773,73.96173526388674,72.71506868039138,4.430301037074269,4979.5329712390685,0.47209333701712747,4.592596612985223,6.767142850414371,1450.224163063918,87.62320405944784,16.065763689499864
2026-01-15 13:49:45.430432,4.458930973527388,74.4533464790742,72.54213369304063,4.642172066558733,4947.194421540646,0.5497189365496024,4.370283570363428,6.6572382745558825,1404.3343908494553,83.30813271979406,16.170781494188084
2026-01-15 13:50:45.430432,5.061078098506316,73.56464729298453,72.54190684605256,7.6378817522602,4905.98557947156,0.5264018002273982,4.736833454240044,6.5977906410567995,1454.945799991485,83.53673346962552,16.30661132286024
2026-01-15 13:51:45.430432,4.5162326302755735,73.99637331564618,72.28167496556819,5.301873380721012,4948.739045713129,0.46157822415482536,4.585604809477552,6.692396437667765,1465.2286124812179,85.38784389296308,16.165734192288927
2026-01-15 13:52:45.430432,3.2403150170229935,73.62428196667607,72.54676960515792,4.613677524552824,5005.747088587957,0.5024547365652836,4.331599598220383,6.743286367798423,1431.0515420996308,84.25840713240095,15.981630430826812
2026-01-15 13:53:45.430432,3.7578829635668742,74.1090895647875,72.70708868328339,2.794705627244094,5071.366432579738,0.4324146233987677,4.429097109768502,6.633872564488669,1444.9169093825124,89.4563088666993,15.774841172205543
2026-01-15 13:54:45.430432,4.633455574593311,74.26606621702919,72.33278756957999,6.389764133946356,5056.084457119396,0.534294522821896,4.581608104411394,6.692054076930321,1426.8900791574247,84.67494407064748,15.822520505438396
2026-01-15 13:55:45.430432,3.6461652671906095,73.87377146189569,72.7848991642494,3.6547903291913975,5011.454741582319,0.4868883215308572,4.617634405617146,6.711436402761446,1398.597049028393,85.67043669243475,15.9634286101007
2026-01-15 13:56:45.430432,4.2219097140731146,73.21873584301186,72.48165879517097,3.9965610965004963,4983.841616714876,0.47821445838076315,4.3727762372768035,6.700853277198508,1470.540088235753,86.88753756959865,16.05187446801979
2026-01-15 13:57:45.430432,4.387317026714668,74.05968444403895,72.32244609769229,4.6686477009121505,5013.440617820607,0.4983562757423783,4.571302585043295,6.656277926123679,1449.925029323963,86.8491557317257,15.957105329149545
2026-01-15 13:58:45.430432,3.5365347642109586,74.13102156552006,72.69952641538404,6.416411791700293,4974.068100125771,0.5020153849665124,4.305266012733807,6.615076312089343,1481.9534999340997,85.46657516311475,16.08341469992684
2026-01-15 13:59:45.430432,3.9702373219691,74.1212884264885,72.44264115285235,5.773239986665759,5085.918199788194,0.544746503078278,4.491066413452895,6.645936022599321,1467.1464438381236,84.677745026628,15.729706388775902
2026-01-15 14:00:45.430432,2.379366329965464,74.37073465754665,72.65190297749722,4.84216249015974,4990.540490936246,0.5295545265662611,4.61120468421032,6.6729300226938815,1442.915804766691,89.04805707275851,16.030327806235604
2026-01-15 14:01:45.430432,3.487806179332855,73.67868389610528,72.4416482735483,5.308292063638821,4995.683107087663,0.49217953606035986,4.444848426989702,6.695411126204587,1448.336386797912,84.80047944937147,16.01382599438691
2026-01-15 14:02:45.430432,3.87371592430342,74.20406483163514,72.48803477129402,4.3996143071288945,4889.2088787489665,0.5381834074859497,4.349307770086199,6.666697252399953,1461.3235478154033,84.11661979114304,16.362565393293263
2026-01-15 14:03:45.430432,3.3761084090175753,74.3577522537434,72.59871204086686,5.139653689565351,4990.228257673862,0.5200368626845806,4.514621479637756,6.631004601672972,1469.3376683351148,83.70830202341196,16.031330806757744
2026-01-15 14:04:45.430432,4.816205651965817,73.46642372479805,72.558179411518,5.073336744778136,5041.824206898247,0.47867001818569815,4.439528113336452,6.677768982807489,1456.4534126148403,81.54639359458649,15.86727278006711
2026-01-15 14:05:45.430432,3.2849293110196838,74.0958955477757,72.10089364390966,5.968769895681353,4946.613871148073,0.49376409208817573,4.562955836606584,6.693004253387142,1472.1118629057896,86.64323150447433,16.17267934871832
2026-01-15 14:06:45.430432,3.7799777566515083,73.8487460506977,72.27575125198112,5.967178122438949,4962.463983275359,0.492588855557844,4.411467356778194,6.668980502820724,1444.0666252665105,80.30386320579835,16.121023803823732
2026-01-15 14:07:45.430432,4.065370288643046,73.9755431980695,72.68588199695816,5.493977382205645,5039.635550886684,0.5252630671587101,4.42273631103469,6.608190644273084,1430.0571290642863,84.98855431819015,15.874163754941494
2026-01-15 14:08:45.430432,4.720636644533058,74.1043029450615,72.4735726822197,4.637652442453898,4926.1671388240975,0.4816488692639179,4.297899767912376,6.640929698264141,1448.7038149287773,84.59027873145723,16.23980627240683
2026-01-15 14:09:45.430432,3.2820689244102805,73.85383143076594,72.39525373944572,5.7418222943901265,5052.890050377096,0.48047954067891835,4.516994471105148,6.697391038820624,1454.1036978147238,89.47993038446289,15.832523407872218
2026-01-15 14:10:45.430432,4.58158187607748,73.79728757625152,72.2282851969485,4.908031533796954,4973.392805491345,0.598437865471698,4.48390950617234,6.580849109562776,1425.9692921052142,81.33669754257275,16.085598529773964
2026-01-15 14:11:45.430432,4.0051165305097935,74.0102457252464,72.28405273574484,3.918085631286867,4980.57158897544,0.5469867740873552,4.381161532925993,6.545341098880442,1423.2655583170676,83.19779342603128,16.062413434048622
2026-01-15 14:12:45.430432,3.5092456744760243,73.67382621834116,72.09564027200761,4.596712208089062,4943.80607974372,0.461969966778743,4.519379871376709,6.725404142507202,1458.9477259294686,84.7278070826367,16.18186448044238
2026-01-15 14:13:45.430432,4.231051737131636,73.67425246133445,72.47974385625969,5.0845269837843245,5018.902313021395,0.5285470496971099,4.602707030064414,6.675570762751095,1441.8728629725915,84.60494132506166,15.939740407467655
2026-01-15 14:14:45.430432,4.0995298477867355,74.20381198488695,72.38031248388378,5.9102157836647455,5122.993599251469,0.5059175032827589,4.478443205658105,6.680336500126006,1446.68318188676,83.90091081837991,15.615869598527109
2026-01-15 14:15:45.430432,3.6998915614206025,73.6553617894524,72.30668242180293,4.816471827842847,5039.074861973031,0.5195775587630047,4.526816694982197,6.5961591513186475,1442.8061466859835,84.83802418119566,15.875930044959938
2026-01-15 14:16:45.430432,4.03490104249501,74.19989375027276,72.48637531496641,3.790801288760394,4956.785736902973,0.5068670662282553,4.527331124958517,6.686876403173327,1480.4120180352643,82.48087454226052,16.13949124417559
2026-01-15 14:17:45.430432,3.80734320156912,74.13877738785618,72.57279412617055,5.05674168329682,5056.7810292745735,0.5594821322742618,4.379567017282104,6.663762434378419,1475.2352232079,85.71438575798987,15.820340951460278
2026-01-15 14:18:45.430432,4.056758672625624,73.48225798136282,72.91863958644198,5.113456040056552,4984.166022703287,0.5172810172325722,4.705658582070759,6.57078362110758,1425.2529261992167,80.35702931584484,16.050829694595524
2026-01-15 14:19:45.430432,4.331065337260523,73.7967306042993,72.19762331608736,5.185837628902753,5068.724249071378,0.4968955650892856,4.452915016987772,6.721214170713694,1439.344135738391,84.94846128824548,15.783064153599694
2026-01-15 14:20:45.430432,4.7930084080726765,74.35823282091421,72.73187620866011,5.91987151595443,5040.333820108218,0.5521095288491509,4.5656116201860275,6.657934166180937,1467.000085359392,83.79928661147285,15.871964606955808
2026-01-15 14:21:45.430432,3.3810922505865753,73.7056503406581,72.69462031220301,6.018923240089898,4852.842921726413,0.5116642520543936,4.576921527722905,6.630195801696037,1462.038724742065,87.03257588551327,16.48518225097213
2026-01-15 14:22:45.430432,5.066516687328133,73.86067872130718,72.34418145212466,4.405789127618333,4949.796018352248,0.5060739289664529,4.486040487288425,6.63110051270074,1449.1708407534043,88.51062214126661,16.162282183626516
2026-01-15 14:23:45.430432,3.023956100238749,74.13861826797557,72.54064719091721,4.383856541951056,5047.2192611417695,0.5157011301243057,4.560679502505963,6.549238904728382,1427.2479959007153,84.33789566249928,15.850311995738936
2026-01-15 14:24:45.430432,3.9241074524822084,74.23501715278478,72.40847335013248,3.9598012890445267,5007.582863607251,0.49531954883168167,4.524581922181639,6.679666829981569,1436.3491990769292,87.78145185828286,15.975771580616716
2026-01-15 14:25:45.430432,4.2941586032422885,73.92453833418665,72.53713771608375,5.698815670280476,4948.8122026146075,0.5004613496497734,4.358236024277259,6.663092860362287,1439.6646486490743,84.36776743873918,16.165495218778677
2026-01-15 14:26:45.430432,4.140495933867516,73.8207469415925,72.80182620268091,6.448820108337715,4968.32052422531,0.4706652705619064,4.466772729874991,6.640295993383345,1455.539886622382,83.06774695374182,16.10202071503309
2026-01-15 14:27:45.430432,3.688650240089703,74.42671095850955,72.62112124652626,4.684918072091077,4904.688168995531,0.4624416390188061,4.438744909764594,6.713924260372584,1484.0745430939448,88.49180726437123,16.310924822032838
2026-01-15 14:28:45.430432,3.8959388748213626,74.52166989913927,72.60172167464668,4.758569435275007,4995.58133562368,0.450071480675878,4.453825495865387,6.580807049050208,1436.2623953042375,86.04155288946801,16.014152232797603
2026-01-15 14:29:45.430432,3.753499532670584,74.29365741523453,72.41393813600907,6.466782556898976,5110.534486300789,0.4304008356601462,4.369599682216336,6.62016137618162,1429.4792950488952,85.00887704521963,15.653939957639778
2026-01-15 14:30:45.430432,3.705317621527894,74.0255954427695,72.20318866701513,5.505557853215008,5040.2466695366165,0.45601413193077217,4.612643371674603,6.607499587261981,1447.8282704634412,86.3743549501973,15.872239048045426
2026-01-15 14:31:45.430432,4.4248010485105125,73.75752028350772,72.45830635789191,5.436235704801055,5109.520850059421,0.4912866482766537,4.660199265461341,6.636060251011423,1470.6347796102812,85.54843007026034,15.657045415338631
2026-01-15 14:32:45.430432,4.178507742982523,73.75086667803303,72.74132163097278,3.8090834940262734,5044.119854489499,0.5051558791222819,4.597800297599841,6.653373501262862,1421.062340664786,84.86156118411697,15.86005136828704
2026-01-15 14:33:45.430432,3.653545202369673,74.15675423157973,72.19456642868207,5.678728069279419,5051.373967167635,0.486435171842618,4.627052922414714,6.671500676190568,1479.072683017499,82.347130345384,15.837275268070668
2026-01-15 14:34:45.430432,4.449799937716626,74.12551946626661,72.28898212636466,4.070863659490242,5098.703934387251,0.3822148254936321,4.465536516299184,6.632651327344744,1446.5593727576866,84.45892652567747,15.690261884094706
2026-01-15 14:35:45.430432,4.153649760438305,74.42047957788392,72.52525354724682,3.865979814065042,5018.863162967112,0.5787293178881171,4.4363743165013965,6.6061322132422555,1435.3135999537326,86.24651084691695,15.939864746721772
2026-01-15 14:36:45.430432,4.40643105941948,74.19513502776084,72.30306904303055,4.653228423233288,4990.638633924656,0.554324006144519,4.422141295318829,6.734300347488523,1417.9962142647569,84.75445714862637,16.030012563159218
2026-01-15 14:37:45.430432,4.314814420961806,73.54907590947205,72.34149531057696,4.41420727655131,5051.632875831101,0.5222879925608565,4.564406492295722,6.770582009589429,1464.1304154684126,86.80465152226077,15.836463568591828
2026-01-15 14:38:45.430432,3.585502494538964,74.31558428531687,72.41528028365437,4.77840030561496,5072.692011856094,0.5953745336276635,4.522706305314415,6.6571643335941015,1446.5765760951692,85.76731004773357,15.770718942332962
2026-01-15 14:39:45.430432,3.7199094799015153,73.70058181180568,72.22687651916198,3.5590183654750813,4976.00176786439,0.45113179412581444,4.492277828840157,6.612160981648957,1453.4141096550902,83.24372736382918,16.077164706140078
2026-01-15 14:40:45.430432,4.373646802561631,73.8848086184143,72.30517563075672,5.958816306467672,4963.9215458829985,0.5943812560313002,4.629514854419535,6.723772706552115,1431.9837651797727,82.36165608433575,16.116290167065753
2026-01-15 14:41:45.430432,4.3051851327167325,74.0750600618755,72.64068558335747,6.127686294516429,5006.942801621544,0.4517392961624726,4.540494135381534,6.577662144683577,1443.6180793149795,84.68564300013966,15.977813841630317
2026-01-15 14:42:45.430432,3.989549203017926,74.5987002469352,72.2385260435538,3.0526575258591855,5041.5749433465835,0.5119368962645678,4.416134236247942,6.633261333764759,1440.2683750729052,83.95154310379083,15.868057283483763
2026-01-15 14:43:45.430432,4.058663691654391,74.9329755668016,72.18042557310103,5.97845780566655,5039.904552433078,0.4363081337432898,4.43190911708643,6.615194147432685,1447.9881378924358,85.67264361924337,15.87331648203119
2026-01-15 14:44:45.430432,4.638832447894212,74.18201691774085,72.37399500409322,4.1894713701783735,4928.79161999062,0.5007347047772184,4.568199329925415,6.592023222477476,1436.6089534724838,83.56372468247454,16.231158906278175
2026-01-15 14:45:45.430432,3.704214305582085,73.94504101438389,72.64639110050197,5.856975536982786,5095.5803033531665,0.5193083248999194,4.6041732852654595,6.635998788353912,1419.3163807862556,83.76921534849025,15.699880138746058
2026-01-15 14:46:45.430432,4.273548690585019,74.16035169454416,72.46061563840063,4.931553507333584,4967.941753530157,0.49226548344327226,4.555168023225597,6.606791396041302,1504.5699949059322,87.10613943518983,16.103248381113364
2026-01-15 14:47:45.430432,3.898903673783053,74.26629662776215,72.40708378437688,5.028775564080998,4986.746750155571,0.5356938722045069,4.689688874787208,6.650632723207433,1422.7319150532496,85.2964059372558,16.04252311339136
2026-01-15 14:48:45.430432,3.8911593983863897,73.90379971233284,72.50887175950312,4.814902350578781,4954.867282000609,0.5049507224743629,4.663500716573142,6.651358858383624,1453.6291801388509,83.59454586914542,16.145740228121447
2026-01-15 14:49:45.430432,4.549388425993595,74.53856340677369,72.15085851342808,6.212129204233486,5134.916441796854,0.47387926358112453,4.544103583485076,6.6189334138239015,1414.5594434315192,85.03528361747004,15.579610867437156
2026-01-15 14:50:45.430432,4.412708174494015,74.06902122775742,72.59894113075501,3.7604119874749715,5012.103533514399,0.47165933410988303,4.41614193405185,6.631474332170307,1410.0590512676406,87.75782248600336,15.961362223478535
2026-01-15 14:51:45.430432,4.406754818000319,74.14932292672742,72.57668700628074,5.607840338735008,4957.451245965922,0.5405456886307848,4.369001248826823,6.638457551604815,1451.9565298370453,85.58757337654944,16.137324611129404
2026-01-15 14:52:45.430432,4.652739403577165,74.19977727561634,72.41813830518086,6.10133016488955,5043.196177498122,0.46731289850965163,4.461261825498529,6.690492303055971,1453.487351755366,86.18590161885025,15.862956185790729
2026-01-15 14:53:45.430432,4.010501920816379,74.12647598318433,72.70118490235929,5.7163400805404105,5038.456788965502,0.5457701485242469,4.575321344641615,6.642578529946791,1475.2299798160477,83.49553092694512,15.87787756267046
2026-01-15 14:54:45.430432,4.340976485647482,74.25168215014088,72.2745007802094,7.324698914323418,4990.613648821006,0.5611355896415966,4.682664707931194,6.691235087039305,1457.9909368203141,87.0528387542692,16.030092816120796
2026-01-15 14:55:45.430432,3.844866621703272,73.81482404403592,72.72558179865071,4.471053237275301,5042.03033563917,0.4165643068826935,4.54174470344108,6.679290649177733,1447.0037856250842,89.6362045209276,15.866624092783951
2026-01-15 14:56:45.430432,4.162083176244221,73.83250947381619,72.53089873311905,5.957304822593532,4958.735401958456,0.5566463193650517,4.616872279423124,6.678576534845037,1431.0079951187,83.41706471497429,16.133145553280364
2026-01-15 14:57:45.430432,3.9349284728161575,73.66995373010849,72.43268948202437,4.89390936465858,4975.354086252537,0.603021134922235,4.47546925138122,6.719392298517299,1479.980241364671,82.63621205125602,16.079257599182537
2026-01-15 14:58:45.430432,4.048497982496359,74.13185036918607,72.49602527292633,6.2334060763526695,4899.489167271697,0.5126001880600964,4.562276912522755,6.594030456012705,1468.5770249210045,85.35108448767029,16.32823285627313
2026-01-15 14:59:45.430432,4.297578512718457,74.23368095105363,72.47854704683782,4.992311004278631,4933.8024457890215,0.5299542092647411,4.5823356829477175,6.626340844684645,1425.0734104450314,86.75101009968883,16.214674356951534
2026-01-15 15:00:45.430432,3.5908896583832637,74.13733185984556,72.74405657928354,4.612124218137531,5090.381540283534,0.5518502662184579,4.3020405724147475,6.738164940014979,1450.7592745642128,84.81722065589948,15.715914291867403
2026-01-15 15:01:45.430432,5.04619363784273,74.50234773000426,72.28466417450579,6.306072203871629,5082.071431386115,0.4862258842410489,4.458656119762349,6.637134174970537,1452.88104463053,82.89358720791468,15.741612663279767
2026-01-15 15:02:45.430432,3.496991309250149,73.99832119435129,72.34749615217068,4.50843806098107,5003.289432432448,0.5091140111768935,4.594970038427787,6.509243815504708,1443.0869268678866,84.78283167643922,15.98948073669734
2026-01-15 15:03:45.430432,3.392905693606134,74.20062249667775,72.70726057841449,3.587274241099444,5083.146572359492,0.43429002351884455,4.527446833563657,6.639851582842606,1465.437009716136,86.19618454555491,15.73828314041034
2026-01-15 15:04:45.430432,4.579055436750034,73.6724897371582,72.38089301296323,4.483153116826172,4991.996275669585,0.5069317514265226,4.380348495184907,6.656746976508163,1466.6346627669636,84.18593634610788,16.02565298173614
2026-01-15 15:05:45.430432,4.395831346981468,73.88387008925768,72.68010661546631,5.619032946588533,4987.829484871605,0.5249055997822271,4.256987762427264,6.51914434412844,1446.190286043898,86.21451003550985,16.03904067744195
2026-01-15 15:06:45.430432,4.312059908526077,74.20866132726974,72.83988719660174,6.392038751587092,5002.825532423278,0.5258081511463235,4.4634219254698,6.716696781994398,1444.3826150840468,87.32942157047982,15.99096340288514
2026-01-15 15:07:45.430432,4.31417275463214,74.25473063322295,72.41964099461167,5.111129375296512,4993.753920233822,0.5532712361798791,4.492841430710612,6.61431437680672,1479.9791692533506,85.4804612515409,16.02001245512998
2026-01-15 15:08:45.430432,3.9938766135765427,73.91180991570074,72.63627246531506,6.318197067234025,4989.240183821991,0.4612598910932235,4.411607705017166,6.666428155759376,1468.6567778472447,84.94410445744342,16.034505666695775
2026-01-15 15:09:45.430432,3.551372814257084,73.97852022444258,72.26926154373203,3.6418250785224062,5057.169905357478,0.4733696621663252,4.514308493702799,6.638700922732797,1451.4472077981677,86.65868785045257,15.819124430691835
2026-01-15 15:10:45.430432,4.037902279096863,73.54463787599576,72.65094665961357,4.556736535182097,5007.50678269781,0.5947753672995677,4.55063867472329,6.585582429039798,1417.4158192183988,83.28779834512554,15.976014306444881
2026-01-15 15:11:45.430432,3.6614191442439443,73.89289123975801,72.53988479719736,4.711424882845899,5035.62408822169,0.4924835813118145,4.567068717072623,6.596474593268229,1456.8800021261006,83.09058033261415,15.886809380215606
2026-01-15 15:12:45.430432,4.487559866708875,74.26711494905594,72.59460765643205,4.8854405725274805,5051.569026263866,0.5100016893656164,4.2644081075067675,6.603245858178623,1463.9616692983534,84.46685543014203,15.836663734389846
2026-01-15 15:13:45.430432,3.9264713092489307,74.17256150483198,72.37088558559292,5.084094388250197,5019.409289782737,0.49664949791373897,4.368571490219188,6.704283595459183,1394.9095674320326,84.01624109037107,15.938130441533044
2026-01-15 15:14:45.430432,3.5872514016037442,74.15019971641436,72.16778331688657,5.690910957392193,4951.486433704588,0.4589159586847489,4.4695377351645265,6.642623090594992,1455.0373889663606,83.39331604941906,16.15676445267888
2026-01-15 15:15:45.430432,3.839307079173503,74.01493210615429,72.6006504129499,4.55519316182951,4932.356705551798,0.5811764605445904,4.557217313103746,6.623906724172413,1441.6661602640852,88.66093694999755,16.21942709657495
2026-01-15 15:16:45.430432,4.206465727137812,74.00211894758846,72.08731936950412,5.139028686953125,5007.439031740365,0.4736149294039697,4.548923401355004,6.603269554370489,1445.582914397409,89.34398641898858,15.97623046289902
2026-01-15 15:17:45.430432,3.7181377235980126,73.80190365815797,72.4365299015515,4.954877109675948,4991.437184758754,0.4436357238146535,4.547186994787667,6.709807511076306,1431.8523809447336,84.29258991548883,16.027448015228618
2026-01-15 15:18:45.430432,3.588889802216784,74.20964852606076,72.688236373284,4.07411009610885,5004.369571446006,0.47746298613486243,4.461658205803107,6.72321006362618,1447.0362141919272,85.18343789949672,15.986029580322162
2026-01-15 15:19:45.430432,4.121843605745956,74.12629188331681,72.53837954717461,4.886333310918564,4999.19729803757,0.3999146999137233,4.467236656269004,6.709237194935334,1477.8398315236266,84.62431435987241,16.00256905871747
2026-01-15 15:20:45.430432,4.122483285554361,74.14760565439784,72.88966852895797,4.856340470102882,5129.178683008328,0.46743562675084094,4.427167073157826,6.674621866957708,1441.0720300236896,87.21499848023632,15.597039008412741
2026-01-15 15:21:45.430432,3.746528412314435,73.84218954719972,72.70502183051636,4.834919434996954,4933.488687217933,0.45159357010738366,4.576819412810584,6.664491502093536,1469.3114711758637,87.61129112368009,16.21570557307048
2026-01-15 15:22:45.430432,3.7644808471908386,73.35399712403863,72.36922032233488,5.031759456581451,4900.502686508944,0.5308714315463662,4.407951121226042,6.589203109101205,1433.8733756224078,81.44547240262071,16.32485586024461
2026-01-15 15:23:45.430432,4.116024968678818,74.32914581352611,72.50546267597029,5.075673540613386,5016.618841675981,0.46632928802200635,4.585003639518957,6.637709043664447,1465.1751238531208,85.95202160013125,15.946995880052379
2026-01-15 15:24:45.430432,3.275957829251338,73.85634876319747,72.49052585949111,4.567704820892669,4981.178872270591,0.5443901967789424,4.520785323813764,6.615806989832678,1450.033117112439,82.3863573176777,16.060455175650674
2026-01-15 15:25:45.430432,3.296268112811722,73.74116727078706,72.18356464733077,6.272714733971265,5015.803393486498,0.5699241996534661,4.495495552154485,6.558724394550765,1457.0404965757857,88.51654431575055,15.949588475474872
2026-01-15 15:26:45.430432,3.640777889373782,74.2080436735742,72.31192021670313,3.830519370796983,5029.1941511142,0.5390587668143799,4.434328960022353,6.702852170958269,1450.1430651219498,85.8804960604208,15.90712102102407
2026-01-15 15:27:45.430432,3.8932764241440765,73.88239620802426,72.38784781860403,4.2790298915301035,5064.205234758945,0.48923058555699617,4.364445813883587,6.615208502680386,1462.8325046488242,83.35330092327473,15.797148079802886
2026-01-15 15:28:45.430432,4.155453782799002,74.31798091521398,72.09275589942881,7.779963624223556,4924.638708980803,0.5070557248352796,4.4352347243621955,6.709797095371766,1398.648297641325,84.5173572241243,16.24484652125002
2026-01-15 15:29:45.430432,4.737678108474776,74.18510178487301,72.50949869365033,3.96200864501077,4972.164105107142,0.423750752992797,4.466999313137511,6.694087320038001,1421.6034937308486,84.42204548346768,16.089573535561357
2026-01-15 15:30:45.430432,4.42882981160101,74.20507079696014,72.45018563106939,3.6462453252902414,5021.438062944038,0.493311031373938,4.263097568841875,6.677835898831671,1458.341609960173,86.05022588577162,15.931691080761134
2026-01-15 15:31:45.430432,3.9200307350182864,73.59021328663984,72.16542121973768,5.734476745001218,5038.523179784362,0.45697807659665834,4.480264484466534,6.68064420358816,1409.1292329220753,87.08382520835495,15.877668345553554
2026-01-15 15:32:45.430432,3.9904918960486557,74.36358319561592,72.58084257305546,2.922880146226126,5109.672477514419,0.534716319057465,4.5924357368026,6.619234305896315,1439.3883928870557,82.70358541605658,15.656580798876506
2026-01-15 15:33:45.430432,3.4987353176810956,74.07837515937015,72.64317454893819,4.764726090027561,5047.785198555694,0.6286376194622237,4.556721790543388,6.742892507564534,1448.913183179267,88.67750900182423,15.848534922383413
2026-01-15 15:34:45.430432,3.990743432003805,73.88921685822613,72.54540689577298,7.1458249250764885,4997.160570205686,0.5249910817986905,4.450379412425849,6.6521562715476525,1433.437197247742,88.21138021564168,16.009091338185108
2026-01-15 15:35:45.430432,3.855670680539931,74.04301654020267,72.43518636495821,3.4550640778465995,4955.478212352867,0.4004429925522667,4.5046936298415226,6.665096584255935,1436.1687719461245,83.24935286481791,16.143749719366824
2026-01-15 15:36:45.430432,4.161359280169044,73.4671294301305,72.61828843035038,3.0180355142612867,4971.785507364049,0.4819384903542814,4.4443835430578,6.617546183321668,1455.4316440030718,85.14560358872461,16.09079874453686
2026-01-15 15:37:45.430432,3.5863845282238387,74.1225958434442,72.63604407209534,3.500818798042302,4970.364858852145,0.5061245462687227,4.5148760733335696,6.603441736961153,1470.1858991155962,88.42161708822863,16.095397877586635
2026-01-15 15:38:45.430432,4.259673257120586,73.69118854754538,72.56148071394394,5.898359568346986,5032.761681425688,0.5043678712630132,4.654010782374403,6.673864800440471,1430.8310123749038,87.46583717335497,15.895845077515668
2026-01-15 15:39:45.430432,4.766369456501289,73.59419891424695,72.33507754991305,6.124776719985812,5012.849872279292,0.4634593437195623,4.5968498802624875,6.66087567479694,1438.4988360762527,84.3265139399042,15.958985814116314
2026-01-15 15:40:45.430432,3.945619925771571,73.54329224413463,72.55532015310223,4.487411203021491,4933.817521457891,0.5122645871318467,4.552079430569275,6.610532381704871,1435.3747805334592,86.62867962913575,16.21462481173419
2026-01-15 15:41:45.430432,4.200855861049471,74.33380651249698,72.7390961301651,5.683212404001069,4978.204926545478,0.43787495815403066,4.4507115087616285,6.5780786640612305,1401.5724049624544,90.99439658343827,16.070049582212427
2026-01-15 15:42:45.430432,4.345071995855556,73.81122098189216,72.38067418827765,6.39025532751199,5043.877377672571,0.45275456386574664,4.574993839294484,6.586503845633623,1452.83423580635,85.21031996370242,15.860813816396726
2026-01-15 15:43:45.430432,3.7993897640570817,74.46011831297496,72.9195878678265,6.787346414429825,5017.5831177487025,0.5322898820801856,4.331312304862695,6.709806685854556,1468.6943549165699,83.73470349711997,15.94393119608042
2026-01-15 15:44:45.430432,4.112046240905208,73.8392595610843,72.39487381320292,4.7536647188201515,5028.4322308006385,0.4492168384560087,4.4747646518009105,6.619337309267497,1470.3328641463177,85.3448397041828,15.909531306791067
2026-01-15 15:45:45.430432,4.0062962003908975,73.48779261272212,72.50648140266803,2.698528282330013,5019.146085502864,0.5269105802746129,4.558371141982395,6.633054572716208,1432.5846724711853,85.49310419099464,15.938966237916318
2026-01-15 15:46:45.430432,4.048838049274416,73.6650426680154,72.36550288079873,4.179121077590313,5081.321536730443,0.4315268112671971,4.5740421214047755,6.722517012937954,1424.9660390295971,83.9509265219998,15.743935789482768
2026-01-15 15:47:45.430432,3.6134951080722666,74.37074348600208,72.54465416718405,4.573195805064742,5011.802153191218,0.5882412941895868,4.566988449021574,6.593892471925679,1450.4321109518337,85.88325013562843,15.962322045985143
2026-01-15 15:48:45.430432,4.012255087129471,73.953230546619,72.15155566147294,4.7410612034216095,4980.698860106465,0.46128650387979725,4.529483068920969,6.613650258714148,1466.5854737313293,82.491197880545,16.062002993349
2026-01-15 15:49:45.430432,4.248999145622725,73.83551381105282,72.39079164023666,4.812140598991281,4954.212247943322,0.4888166714098278,4.480427502091612,6.611561658571966,1453.0970089662076,83.66893226598265,16.147874979157578
2026-01-15 15:50:45.430432,4.7255718038975205,74.04800546775584,72.28157575993029,6.1188945979306695,5012.480472910485,0.5165306630545203,4.5537975969826485,6.730903424058303,1455.7860927174752,86.5164895523096,15.960161926286405
2026-01-15 15:51:45.430432,4.479635413042604,74.15053482085027,72.52706766957846,6.274428426687582,4877.964799261245,0.4717325023749453,4.40471389594137,6.749669175029121,1472.8366185547247,81.4902582969155,16.40028234974467
2026-01-15 15:52:45.430432,5.076591228755778,74.33521964477073,72.69888947510178,4.828326346075217,4990.785549908364,0.5071702980535652,4.415532273670675,6.687578161270109,1435.217268815386,86.80633518398955,16.029540680518494
2026-01-15 15:53:45.430432,3.616326218555975,74.43454976896788,72.6292012374229,6.098484876051819,4989.708007003933,0.5287678362260063,4.50617346764603,6.689169236207713,1445.6005982665395,80.9760372685886,16.03300230949505
2026-01-15 15:54:45.430432,4.436160318360339,73.89206940626327,72.02566812782823,5.357661366631089,4931.776457319136,0.5480306616251742,4.517319764270875,6.620982249857364,1482.692110235224,81.53735084224736,16.221335393511975
2026-01-15 15:55:45.430432,4.091671002869176,73.60218569417539,72.90841393058558,5.064505972862571,4953.586708067201,0.5395748717986478,4.317438482143535,6.7473664243452145,1446.0637775380474,84.00204251388823,16.149914135895795
2026-01-15 15:56:45.430432,5.094901466608836,73.87596045166302,72.55905598812417,5.9065441571099635,5040.482876507412,0.4914094768098663,4.545514638094952,6.663384812717934,1424.6532606806686,85.5737276856387,15.871495243612967
2026-01-15 15:57:45.430432,3.595850857322424,74.07808415197486,72.3447001719014,5.072252048237916,5011.535587453748,0.4926684112978199,4.57727283779194,6.692655513222487,1436.6128780749941,87.65052720625478,15.963171088773262
2026-01-15 15:58:45.430432,3.580139078909612,73.71087232213682,72.53142558379818,7.057811177097762,5005.089416685367,0.6174554279012516,4.492271476253371,6.644723753061452,1431.2364029755752,85.11524552631919,15.983730427133947
2026-01-15 15:59:45.430432,3.700303677277989,73.71285472553149,72.53523796450054,3.561588833205441,5015.317376696601,0.5474944534124646,4.737446628328399,6.63659837063362,1457.1432517140254,84.50689278484802,15.951134094068632
2026-01-15 16:00:45.430432,2.9380521378450966,74.10313636446496,72.36663025660968,4.484829100907982,5004.631379397446,0.45390881718398934,4.431706489368481,6.733152112979806,1432.0810599282245,86.15916249596961,15.985193301016295
2026-01-15 16:01:45.430432,3.7371224891596193,73.98540429452886,72.53958333346841,4.87348110304605,5062.143128142916,0.5049994081882776,4.463891283661313,6.676986183986916,1455.420685057225,83.25820235906413,15.803583181052524
2026-01-15 16:02:45.430432,3.620433669223151,74.00983909862347,72.37850554247593,5.4394526904579905,5006.1714590851825,0.4832428430610904,4.460493309387279,6.72256877305352,1435.278695629187,85.27883031869281,15.980275676498511
2026-01-15 16:03:45.430432,4.075196893238104,73.77245139958998,72.419127601462,6.267960487103089,4927.089344309063,0.4932332883038445,4.492381238870898,6.662766408587252,1407.5324292320354,82.60110748408928,16.23676666070657
2026-01-15 16:04:45.430432,4.17087798788858,73.93087978573827,72.36274417284898,4.975601432763844,5081.506498243721,0.4385252421145956,4.4671275187033705,6.607581673178846,1456.1323957396385,85.16518103375083,15.74336272671298
2026-01-15 16:05:45.430432,4.938085419607943,73.72273005671951,72.21346574205207,3.5777703504937928,5018.517013366442,0.4794038382807023,4.3593189455395125,6.620832853356076,1452.9692736309378,84.7403273483012,15.94096419060173
2026-01-15 16:06:45.430432,4.4752119190930255,74.26705952333744,72.52916729404308,5.842513896455005,4970.537313460247,0.5905777886596957,4.445345170376353,6.655148262123231,1460.3551563141768,83.39146415710117,16.094839441876733
2026-01-15 16:07:45.430432,3.7115481721687984,74.31057480041713,72.61705988730327,5.754958766141964,4937.329914085249,0.5289538150437751,4.490237930422593,6.618674989197834,1436.5402556166948,85.33008127307548,16.203089806045867
2026-01-15 16:08:45.430432,3.550792664325821,73.44614364132858,72.60297671921528,3.058141340620594,5019.795711047902,0.375441929592427,4.6228572082062,6.594626929568616,1434.4091104928125,85.31709930631929,15.93690353253433
2026-01-15 16:09:45.430432,4.245959585753253,73.72114674194228,72.66398505052705,4.9961958663292005,4994.141399751281,0.5608361746248973,4.7202243273372915,6.710070851589352,1458.029337169631,87.35090802467828,16.018769513411087
2026-01-15 16:10:45.430432,3.339883396489679,73.55104122347298,72.56486804200297,3.409858169319702,5078.707339301621,0.5544814761454581,4.633547389785066,6.622756496458825,1480.3803914506195,81.78873319387442,15.752039772191498
2026-01-15 16:11:45.430432,4.915729382927177,73.80499281967793,72.39345490035662,4.3353489024979375,4982.704635966658,0.48203573478467915,4.4224620970327395,6.656909637389567,1450.2233601901266,84.84790218460591,16.05553727237532
2026-01-15 16:12:45.430432,4.589720060360643,73.9749686090629,72.66793277288623,4.0971910730372,4958.130960515877,0.5358631771891608,4.430419038937384,6.664806679494281,1458.491701920943,83.47947520059304,16.135112331053932
2026-01-15 16:13:45.430432,3.765412173947648,73.56510643409044,72.22849649203161,5.809264698241986,5044.789810911797,0.45703003945913995,4.4840671422490646,6.620592343733972,1443.5682463114858,86.73952411635258,15.857945127260074
2026-01-15 16:14:45.430432,3.143432735454561,73.72344205606241,72.3198657234975,5.1168301741721836,5046.2640946358415,0.4764872141866821,4.678455888885359,6.722539973315437,1419.1273895625263,86.50782413038426,15.853312173066739
2026-01-15 16:15:45.430432,4.676936187082706,73.69881278837555,72.30715998571534,3.7144089992439726,5008.43256838051,0.5749273180334927,4.483457594781811,6.59414291193977,1469.348588383081,86.01575969013724,15.973061213813688
2026-01-15 16:16:45.430432,3.942730077373691,74.06218019881969,72.71601121182786,5.880065962957342,5033.817852383745,0.48641349800651457,4.367249250946257,6.663081263179039,1468.1682847817233,83.59233348386107,15.892509889311212
2026-01-15 16:17:45.430432,4.61890815598673,74.02080330111087,72.68855770282802,3.5661941760715856,4998.1156439628885,0.40651341690225046,4.449882286304696,6.66230588531883,1464.2154805035038,86.77094116588019,16.006032212686037
2026-01-15 16:18:45.430432,3.2027861706028165,73.78347873399882,70.5204989147309,5.330113790470944,5011.6932550504625,0.49683483886093316,4.575705600181942,6.647287269856793,1446.3610912331517,81.93973814251333,15.96266888828065
2026-01-15 16:19:45.430432,3.700312488523114,74.05304626164182,70.51489427962413,4.185989330708444,5058.249544128196,0.49607058035428214,4.568994027689609,6.585154369336402,1461.9411219947708,81.52937859281445,15.815747978046469
2026-01-15 16:20:45.430432,4.002621849859092,73.83599597462383,70.46636796281705,4.63432291746948,5031.265916701075,0.559918428468673,4.479978333350834,6.693540877593174,1467.8752359477567,82.44825800019615,15.900570815476753
2026-01-15 16:21:45.430432,4.023490296882371,73.91850346690218,70.40655146516904,5.504270748038384,4991.536278083368,0.500716821108788,4.568341467356003,6.68717553351673,1482.4031736991342,84.93305037934618,16.027129834007358
2026-01-15 16:22:45.430432,3.774967264260378,74.50203562708955,70.63751790576073,5.521449399059529,5067.618127296308,0.47892088442798536,4.272682779745317,6.6162215735704395,1469.7705220929488,86.35032880197659,15.78650916277345
2026-01-15 16:23:45.430432,4.31142496617375,74.4021383155371,70.68735763938972,6.33696907355596,4881.757231360424,0.5522528072615603,4.51038292350327,6.685374360360268,1451.2764245006729,79.04793505198096,16.38754165940079
2026-01-15 16:24:45.430432,3.466189785308703,73.61012562892172,70.41065809141607,4.917746300328547,5102.603665571097,0.5060395116250556,4.586068542136863,6.668745384315039,1423.8349348915126,87.64548566375957,15.678270397480732
2026-01-15 16:25:45.430432,3.9288102574893533,74.24891972536375,70.49171616215754,5.306450862963341,4914.702045255463,0.46249886592171413,4.416713672484547,6.585969392731945,1453.1131659534349,85.26222439235687,16.277690745714704
2026-01-15 16:26:45.430432,4.06014781585595,74.24341896634748,70.45501336992898,4.562262677595675,4968.645358761385,0.5577498780270809,4.416366146350371,6.607303554271432,1455.1315479169862,81.86445530482045,16.100968015141838
2026-01-15 16:27:45.430432,4.257219417029375,73.65552101337421,70.4579760925135,5.181989882622798,4997.954123240246,0.50968308822584,4.313355184723653,6.706914072244479,1464.180595506366,85.20189394057917,16.006549485519255
2026-01-15 16:28:45.430432,4.355807439044445,74.24563329312646,70.61859082554298,5.439486048008511,4992.675966463592,0.5001462983339718,4.6589895594810695,6.665470809257103,1477.0778371864685,87.18505082935684,16.023471288216914
2026-01-15 16:29:45.430432,3.4376789540810653,74.46137957552376,72.48778486572952,4.901690152545624,5050.320552001328,0.5088954195705827,4.427984602297843,6.621784852709469,1448.0969897588643,86.19888203061252,15.840578667486326
2026-01-15 16:30:45.430432,3.232942914632189,73.66323655812667,72.28831187327167,3.1962495159075037,4947.108169069488,0.4464665814291702,4.524104327786211,6.607076205441368,1492.0197437962622,87.19814612510793,16.17106343058744
2026-01-15 16:31:45.430432,4.638838410949255,73.72474915369573,72.00038779650141,5.331470896330895,5013.038340874153,0.47361731119108313,4.560391704148337,6.624230310094229,1414.8142595991885,82.26750674120578,15.958385825162056
2026-01-15 16:32:45.430432,4.166157005989795,74.30529844005305,72.54009192628274,5.364561477355457,4971.089395089012,0.5001791300916392,4.651206794914145,6.627776023506115,1458.3868374492324,84.17198952972319,16.093051973483472
2026-01-15 16:33:45.430432,3.625756731721723,74.0814485932477,72.62178107125092,4.319826523652049,5014.757048966871,0.49026681524876603,4.484610222601437,6.607701848368538,1434.0295921563195,83.15061553895293,15.95291640628561
2026-01-15 16:34:45.430432,4.775575987761261,74.16544288257185,72.55241336181734,3.7156129639274855,4996.761387010106,0.5636214191408297,4.446057020622158,6.5629117943808355,1411.8555600062239,88.43516041008864,16.010370278631477
2026-01-15 16:35:45.430432,4.057837317146429,74.10217676492015,72.11008765644912,6.475879150503966,5004.646782634149,0.5108702926363502,4.5173067648570555,6.70700066432004,1445.9645124740168,86.27872568697326,15.985144101996497
2026-01-15 16:36:45.430432,4.589648592031914,74.11720877627845,72.4298301139847,5.491445510894402,4972.503758376783,0.5427451961318202,4.6284080276542285,6.698531683630573,1420.8565460315808,90.69401917791528,16.0884745165311
2026-01-15 16:37:45.430432,4.033759240705055,73.60205836150668,72.05633044798978,4.7709189690782905,4974.496802495196,0.5004697677287925,4.482982746859921,6.586337227409658,1446.7714420393436,84.06478093316555,16.082028630488253
2026-01-15 16:38:45.430432,5.0303739624409936,74.31419531198644,72.77394022153084,3.862967116852513,5014.363625701371,0.5528144241873062,4.404513091841593,6.656815564778184,1450.6953849618892,83.55065157663539,15.954168060320955
2026-01-15 16:39:45.430432,4.877670421221602,74.35087699772834,72.28278908357639,4.178185171578654,5047.185775287802,0.5198763878286577,4.345924219168464,6.604888089864262,1472.3708281867189,84.7143467228097,15.850417155575816
2026-01-15 16:40:45.430432,3.8755179257604633,73.9311827767796,72.75108072189198,6.302590396786232,4970.0860332901075,0.500671024269423,4.377870261539478,6.636921638838674,1419.8482973047212,87.7567144428451,16.09630084150504
2026-01-15 16:41:45.430432,4.4857854754771775,73.98695691505584,72.68917392873684,5.137661940868046,4956.561622771354,0.499335845552049,4.5864391497406665,6.6327616710063175,1468.1689033129155,84.26776062124931,16.14022100168498
2026-01-15 16:42:45.430432,4.322687974792574,73.54066774923328,72.3198819294928,4.4494129329992935,5030.673008283592,0.45227806868545184,4.467937552369319,6.628608289214107,1451.9616090055958,85.2488751958139,15.902444835565865
2026-01-15 16:43:45.430432,4.684315778766174,74.15427642680535,72.27344300974644,5.509689231224656,4998.374805347115,0.5253457860068156,4.439247909007929,6.750147354203815,1470.576983072192,85.19338140577364,16.005202313843757
2026-01-15 16:44:45.430432,3.5175382697099478,74.17161723251424,72.57007404327727,4.185601812553676,5041.524906699297,0.49798976327318106,4.428403277681606,6.627983715766191,1441.3649764993775,85.07899352240437,15.868214772418185
2026-01-15 16:45:45.430432,4.343025729999219,73.9813426949002,72.33113519256338,6.500843030280379,4954.710139331442,0.47490040199093975,4.508504586020019,6.609586808746654,1423.3551082647311,83.69520307907504,16.14625230342833
2026-01-15 16:46:45.430432,4.529212243424794,74.33730600796115,72.52049692843164,6.352800534896725,4911.028053728828,0.5553230885406035,4.476054490623442,6.611870928525148,1425.6500134756827,84.72541786417926,16.28986825665919
2026-01-15 16:47:45.430432,3.1206302567884427,73.89977683070602,72.40343448183862,4.533425928797223,4973.3497959086835,0.43748919870525993,4.472686785628075,6.702188847820088,1424.1638509266577,84.63979479729728,16.085737638203497
2026-01-15 16:48:45.430432,3.4083707436671125,74.16938177776808,72.14376831710688,4.37132975296914,4961.682369536749,0.4788752052283783,4.6349323927810735,6.5673948834153535,1459.556283058413,84.9848706806507,16.12356334842717
2026-01-15 16:49:45.430432,2.98038391111995,73.69410069839236,72.05390639617511,2.38186680130772,4996.060579995985,0.5513859374389767,4.653801628186163,6.6118688541782245,1479.5384404442939,86.88703363630542,16.012616084023605
2026-01-15 16:50:45.430432,3.865296582777721,73.99293435473773,72.54533684969891,3.518419228448632,4968.15773928648,0.5157761470460127,4.338997832709101,6.722341142005577,1438.7009694668957,88.52125606924899,16.102548308276837
2026-01-15 16:51:45.430432,4.358771127897981,73.94769372262915,72.38768845073388,3.660530225042244,5037.050847566822,0.4976070536173621,4.532759273114296,6.662199309399883,1462.5827059651556,83.31913047466058,15.88230939511847
2026-01-15 16:52:45.430432,4.751178526048014,74.06759237661228,72.38938203661718,5.135190340987386,4985.592486878874,0.5125501771575073,4.422313790137861,6.659596100251806,1419.5311588372876,84.21601275042457,16.04623727481632
2026-01-15 16:53:45.430432,4.037047390209888,73.88914192134999,72.63917276781876,4.67376629555864,5007.523724938695,0.5089707085524421,4.475174888613891,6.756607323007185,1453.606424983546,83.34997620318762,15.97596025388365
2026-01-15 16:54:45.430432,4.814307772785646,73.9605582212985,72.73468845532649,3.6546645125847586,5007.8817279220475,0.4241668726857039,4.530927838512669,6.662317397647425,1463.3712523267425,85.37420307444455,15.974818165922404
2026-01-15 16:55:45.430432,3.309949270892554,74.24781415143245,72.44549105572764,4.718835957535442,5009.747754620609,0.48253690573260194,4.478728008306908,6.614590691932022,1421.0375044944626,83.92330108497805,15.96886787886957
2026-01-15 16:56:45.430432,3.148308780322423,73.86897072882853,72.43188025861802,5.5053371476473485,4998.793544477251,0.5808260827256875,4.523045988062763,6.635896147156183,1445.9223306204028,85.47959366748398,16.00386158943998
2026-01-15 16:57:45.430432,3.9722261505516907,73.5180268697784,72.60002860662277,5.527839349915587,5025.530034520516,0.46703379326114164,4.567297020603192,6.593228384548472,1464.3183428097113,87.20725382088958,15.918718911334247
2026-01-15 16:58:45.430432,4.192032724469653,74.52487517126163,72.22861288606009,3.1003297191411185,4960.21724330871,0.4840849492947833,4.529457680054032,6.7127968520007855,1391.3245870554106,79.94833662839078,16.12832585264674
2026-01-15 16:59:45.430432,3.9836526259529537,74.41443622360714,72.54463061094954,4.871736519516169,5069.970896332694,0.47291896183454063,4.435316369583238,6.678728085876836,1476.7090612340348,85.98355977920139,15.779183280493205
2026-01-15 17:00:45.430432,2.9662789499800617,73.61232119146831,72.61037719436443,3.61665922302839,4988.173130831573,0.4956492388340931,4.437080039302968,6.706220707498545,1457.073587517821,84.07962590220424,16.037935713483
2026-01-15 17:01:45.430432,3.955439980243606,74.20691234157356,72.63604604168353,5.901728697140274,4934.422543105066,0.47084385843378507,4.356029470338196,6.710649196427469,1464.334552954347,85.92084453596878,16.21263669682789
2026-01-15 17:02:45.430432,3.3477652497475736,73.8491075688346,72.11264945949951,5.784146416353498,5009.403667849589,0.524337075107903,4.414607970247928,6.629289460953624,1441.7456144161047,83.2070611244996,15.969964751182049
2026-01-15 17:03:45.430432,4.334836274415019,74.07904616459932,72.34772894603822,4.101972773675541,4957.4409758776255,0.5098656706145134,4.696206836189853,6.6027623573995555,1415.5455503686928,87.39252197661375,16.13735804203648
2026-01-15 17:04:45.430432,4.183299123048424,74.08826723870405,72.3243473494353,4.2339547975996,5033.266726725444,0.5386773807553509,4.420799642590476,6.647414344434598,1460.681259126339,86.82656123608056,15.894250065314264
2026-01-15 17:05:45.430432,3.530060106836322,73.92967765990511,72.51997739088185,4.538732949501693,5110.480278802119,0.44745294169055194,4.380662118755618,6.606361946460574,1448.3481934916697,86.13670429708529,15.654106000923997
2026-01-15 17:06:45.430432,3.743066541331653,73.76487030032408,72.59614891595359,2.747206605268661,4960.671395422108,0.4829829758558548,4.531992786184477,6.658247843770452,1450.6423091086465,86.58645143562019,16.126849295808423
2026-01-15 17:07:45.430432,3.4703932390555243,73.79283768430513,72.7993420814892,5.335968173440577,5016.6186166612,0.48871386841939324,4.488963524070814,6.706604844041735,1471.752139703979,83.50875906565565,15.946996595336927
2026-01-15 17:08:45.430432,3.968660451363414,73.72514242535563,72.40100690392639,4.727155453659869,4912.224720564768,0.5227823455044297,4.4804406763150775,6.641593017697542,1465.241277477252,83.76075249062141,16.285899882610064
2026-01-15 17:09:45.430432,4.477571160250619,73.75045333753087,72.40048550033816,5.9701750825678594,5022.695261472068,0.46033894013964827,4.640904596641209,6.657499754495388,1488.4247483417923,86.50487240163496,15.927703321692931
2026-01-15 17:10:45.430432,3.507136976832228,73.97984651298519,72.72993440377574,3.9015907820374474,4955.714310010016,0.5457826902129173,4.554912667555836,6.645307719188832,1453.07708457747,83.46454171446278,16.142980606934607
2026-01-15 17:11:45.430432,4.252023257758922,73.78527200326677,72.55931538770606,4.380877051750068,4968.758269078276,0.5593207795258804,4.447000706829653,6.690136378621885,1436.1757512441777,87.89127009331618,16.10060213592164
2026-01-15 17:12:45.430432,3.7348711908137795,74.20461561971379,72.75353030223759,3.4934747419608847,4944.935675508009,0.4505563826182208,4.457552408240822,6.616610880285585,1446.2316630618254,84.35281785743794,16.178167978248037
2026-01-15 17:13:45.430432,3.603563583868828,74.44617384660077,72.55774560060196,3.995709436505747,5036.607561302737,0.4754563552553217,4.4497413486094315,6.540177686917845,1458.3132674507722,86.00378877972125,15.883707242679776
2026-01-15 17:14:45.430432,3.946484820022721,73.82598402758899,72.26857667625734,3.818018003931781,5050.365217873663,0.47340342458539536,4.587473962158025,6.67354344296877,1470.3171303798595,89.19849903851018,15.840438572021156
2026-01-15 17:15:45.430432,3.482378838790313,74.07182135016062,72.23337432904444,5.995973678846446,5001.169260732925,0.631619310233875,4.4691852370546865,6.6993917210654,1420.6593209712257,83.58755329186384,15.996259240439292
2026-01-15 17:16:45.430432,3.723175347326409,74.14990553309087,72.18969755018821,4.301738151248608,4956.778664733214,0.47850499473960567,4.320684649754585,6.672318712237927,1450.1707523035834,85.13752350168957,16.13951427147409
2026-01-15 17:17:45.430432,3.401061053705576,74.14160068127578,72.63241036695169,5.124175684744613,5079.476151805193,0.5838812721078067,4.495168032126566,6.6179884752266,1482.1908331407674,87.10836632927462,15.749655596191515
2026-01-15 17:18:45.430432,4.982362566458194,74.02278658037483,72.7377193646174,4.619236596138196,4962.479493612267,0.4366684002446695,4.346297399887207,6.593249395090697,1445.1958225799497,86.90255477775307,16.12097341721542
2026-01-15 17:19:45.430432,4.017631775985865,74.22280472550791,72.86987242827728,3.730534733987187,4891.898385003628,0.4505174516917818,4.71842306017549,6.674724876589017,1468.6202370973822,84.34436937952128,16.353569453781827
2026-01-15 17:20:45.430432,3.650137246003707,74.14467468580419,72.66862106646465,4.831699576828357,5022.919450497853,0.46566977340758997,4.403433208615277,6.657073947646734,1459.8623505443202,83.9665391249563,15.92699241714312
2026-01-15 17:21:45.430432,4.106989955367111,73.62870127330181,72.732567715507,5.599103331863595,4944.761266317924,0.4577155344276739,4.483813523464227,6.643710368617084,1469.1172121304996,84.5337281349099,16.178738606640827
2026-01-15 17:22:45.430432,3.943835975154585,74.26074681931678,72.38399673346926,3.7922406074566477,5049.4304396749585,0.4866050632920751,4.525820273470114,6.74112316714969,1433.8047891680014,87.89571553230273,15.843371040704891
2026-01-15 17:23:45.430432,3.8895152002333884,74.26618725118003,72.26871683665122,5.809112790731379,4980.943115166329,0.4645610898639251,4.471134183932077,6.602659995290934,1433.8919665986884,84.4417882872801,16.061215346228373
2026-01-15 17:24:45.430432,4.3070833500217125,73.77101416874642,72.67001586648351,4.150279078522304,5030.18566202721,0.4590329203632713,4.47099695985338,6.7387518510563735,1450.4054378424457,85.15623138496693,15.903985533559666
2026-01-15 17:25:45.430432,4.378753855023652,74.01138135063428,72.58353615044788,4.517016073927159,5070.075017327608,0.5579235998236663,4.542182728616088,6.651589195243532,1419.3555642551937,84.14642705815315,15.778859233165209
2026-01-15 17:26:45.430432,3.7347494261947363,74.20499869784332,72.52148887486818,5.530683123010048,4939.557056768964,0.5611896811256583,4.652621595879628,6.558221476156457,1444.6051878677667,86.41109712959198,16.195784172666116
2026-01-15 17:27:45.430432,3.71209087967766,73.93720585412619,72.5774742961266,4.336563842780512,4971.70314345538,0.5474648249187658,4.5767509081817295,6.641039867284043,1455.0575331503132,85.31105007516732,16.091065313364474
2026-01-15 17:28:45.430432,3.862474151424178,74.32189341432981,72.56463709649164,5.037574859335866,4996.216446367147,0.5261999477792164,4.647851387857354,6.697974803829973,1485.6927121389954,82.99313237848354,16.012116540341175
2026-01-15 17:29:45.430432,2.8490394176322074,74.70916174838581,72.7567633719707,4.685309171211908,5076.877565951717,0.5046371532889776,4.39533808919065,6.631747248359752,1458.0543637853964,83.06235177193001,15.757717014198493
2026-01-15 17:30:45.430432,3.242404468900724,73.76420419020951,72.75899711696339,5.129368006703818,4967.080864102978,0.4751484654667046,4.531736263325536,6.576261072938081,1462.504569417462,81.00278886688899,16.106039379821425
2026-01-15 17:31:45.430432,4.683437133722262,73.58568661905387,72.60884407046807,2.619260894476503,4970.27481520255,0.4523421247622454,4.515524605205828,6.641774273410192,1473.289516941,83.33735718174877,16.09568946878037
2026-01-15 17:32:45.430432,4.822483856750642,74.09114557868146,72.66916057451259,3.170318184791917,5023.90702877779,0.5181497851716343,4.535109129167673,6.607141381305415,1430.7068482220989,86.58789160726434,15.923861556702073
2026-01-15 17:33:45.430432,3.875481980221811,74.21646875153785,72.60281251048495,5.615967006046838,4971.138563714471,0.4413184803726601,4.637623197063557,6.674590720054399,1446.6983467525804,87.64752107602453,16.092892800039635
2026-01-15 17:34:45.430432,4.288278481527883,73.93074008784657,72.40776605359308,6.037181405649051,5007.62629414488,0.4503039535412303,4.477921085020794,6.688669990803381,1498.5082518360778,86.37111672643437,15.975633024680622
2026-01-15 17:35:45.430432,4.155625077271768,74.43597819899631,72.65131293498263,4.089513296468478,4922.423128951594,0.5576456628102405,4.459449663344591,6.597186479612595,1448.4175555523098,86.10926440128137,16.25215831801905
2026-01-15 17:36:45.430432,5.539440404227619,73.59841826008302,72.22110098622815,4.755971647828866,5110.71649712783,0.5950324520861043,4.553398079741866,6.614709797244218,1472.328614975644,84.7469479009427,15.653382465053419
2026-01-15 17:37:45.430432,4.559787455717288,74.20787558690948,72.71077831045918,5.2947192529023015,4932.6145384845295,0.519664756908324,4.322179727243415,6.6878321232553475,1469.274757543462,86.54982910982797,16.21857929011797
2026-01-15 17:38:45.430432,3.9360412042596167,73.81824175377233,72.2610954120468,5.693217601658704,4983.91236480049,0.5553228576147322,4.476314795087782,6.607057786085052,1420.4377257122462,85.57255644616377,16.051646606992954
2026-01-15 17:39:45.430432,3.5222297796997872,74.5158133718622,72.55716065735895,2.9723227283291513,4998.375948207895,0.48770758412780085,4.486580231071454,6.595892093208601,1456.2095855401187,88.60889794397426,16.005198654311506
2026-01-15 17:40:45.430432,3.1967768398712137,74.59775460595044,72.33096920831477,4.113959753021623,5095.63440671784,0.4331162906956158,4.407964138369308,6.591065443410187,1452.9349494441044,84.8031093716465,15.699713443831811
2026-01-15 17:41:45.430432,4.1017318179336115,73.770003023665,72.61067779661488,4.667420620150125,4933.757710953363,0.5306085809309292,4.605705901135658,6.667601930647907,1456.5991757568088,87.68601616747226,16.214821376897607
2026-01-15 17:42:45.430432,3.6218246273578485,73.83513285922743,72.49321495481442,5.703140197236049,5099.185206773937,0.5284644661635032,4.393775968265672,6.665457885975874,1434.9177504041788,86.74822816363572,15.68878100244823
2026-01-15 17:43:45.430432,3.288873145201163,74.25787636609394,72.18104880836734,7.498430483721495,5037.858841055101,0.5035834276940122,4.4864126951636205,6.615797698481049,1427.6616097617568,86.47088657240832,15.879762121966333
2026-01-15 17:44:45.430432,3.676713557878737,73.88386080506315,72.58413992620369,4.771994273190282,5020.854766221162,0.4878812270947444,4.529315722532297,6.650254269806412,1440.479799999583,80.97701734907636,15.93354194154679
2026-01-15 17:45:45.430432,3.4592259981928026,73.98637663462033,72.38441584463345,3.5930225378960112,4950.768315649102,0.5481105289290549,4.635345156147612,6.726356619207757,1448.044100058316,86.85837912309542,16.159108021097342
2026-01-15 17:46:45.430432,4.843570817536282,74.00761652616272,72.67622934416268,5.402268077201298,5028.557062101903,0.4507133483286263,4.498944356511915,6.601296992154089,1473.6996889520062,84.7449840421817,15.90913636099031
2026-01-15 17:47:45.430432,4.440819878474725,73.4240980531407,72.50026513774688,6.32099578954071,4963.82566887901,0.4613109710554671,4.593615359412821,6.552412869549478,1486.346216394512,84.11214701113022,16.116601455519397
2026-01-15 17:48:45.430432,3.9960136793416914,73.99584867617173,72.5790841970776,5.108014120979501,5063.333062659921,0.4495946746619786,4.570059539727713,6.672753778786019,1477.9319569244635,82.03417391764417,15.799869179052898
2026-01-15 17:49:45.430432,4.739972069445013,73.79308166778075,72.30848620899695,4.093351454845707,4951.446898544614,0.5042486481317914,4.512345755616915,6.644479941804921,1467.203704215637,84.98882573206363,16.156893457448675
2026-01-15 17:50:45.430432,4.038684153823809,73.85206315328007,72.38213355371452,5.957993941480019,4994.342075277195,0.4456053493945371,4.391048659172655,6.614498745659246,1429.9131947540081,85.06710319363648,16.01812587007466
2026-01-15 17:51:45.430432,3.569357899335868,74.43308960104065,72.40827227277978,5.663545618498435,4972.236345599342,0.46578789097423784,4.356541913909565,6.682604011867745,1441.8220765002102,82.39399615637039,16.089339773802926
2026-01-15 17:52:45.430432,4.761562038634828,73.62304793171623,72.67134049604851,3.9739191558043756,4950.62385187865,0.4647122218886401,4.510650540141919,6.69196125723344,1454.1985210482599,82.05343965421261,16.159579558774556
2026-01-15 17:53:45.430432,4.2694550218423295,74.24396155602439,72.8354754175611,5.381425617534342,5037.065990845395,0.4869695833833021,4.445730312609738,6.539586099005995,1437.3512192384765,85.97323896025623,15.882261647037346
2026-01-15 17:54:45.430432,3.481376922836772,73.91631112090046,72.33896564965143,5.997265567658872,5026.7729373704815,0.42563127767980113,4.59192610916813,6.617370104533426,1461.544113050559,86.74341026212275,15.914782902815622
2026-01-15 17:55:45.430432,3.9048306609581958,73.91607194945125,72.71536962893154,6.181890042558893,5060.45050994505,0.5043602496018633,4.5745856518098575,6.765875811559843,1464.4097221650857,85.38056581984485,15.808869159530364
2026-01-15 17:56:45.430432,3.5621908733076215,74.23711156881551,72.06606451645486,4.933551024690544,4911.006244589592,0.5623651825332339,4.481538900556295,6.67917024578991,1460.7258012513093,87.30166929936873,16.2899405978429
2026-01-15 17:57:45.430432,3.3086001345178317,74.10201538837067,72.26116211978155,4.641920553820681,5053.208535117053,0.5067745686158381,4.384228707605873,6.683805181914858,1470.5026920911516,84.827230031297,15.831525543433145
2026-01-15 17:58:45.430432,4.46308877376582,74.17118389916585,72.30824430876264,6.227273822081263,5125.272445267845,0.5770660572400661,4.551073554960728,6.708644713931574,1431.9081757257386,84.89129745119959,15.608926326221711
2026-01-15 17:59:45.430432,4.954708320235065,74.29045539815986,72.22949826211186,3.789839497019115,4977.417945541152,0.5666999092938463,4.398205055386485,6.6508534412599865,1468.656574081844,83.16594394251842,16.07259042244287
2026-01-15 18:00:45.430432,3.3007162130904293,73.900607485045,72.18328232204249,5.438579290921005,5094.7574306054485,0.5388867523623927,4.424153607706914,6.689834208004581,1436.087090997596,81.87951604489257,15.702415883319688
2026-01-15 18:01:45.430432,4.281484618345285,73.81632897964768,72.58259978242756,3.629973372635571,4986.841936397009,0.5037342921318443,4.402058426178485,6.685903102191861,1431.1812809471423,88.70932426771917,16.042216902066073
2026-01-15 18:02:45.430432,3.6746787154390868,73.67445484203266,72.45718646045442,6.065376272259603,4931.379513121935,0.5011250194122719,4.486149897806005,6.676952074837638,1460.6423226837276,87.26259810049949,16.222641106231542
2026-01-15 18:03:45.430432,3.756437308117652,73.75237684100631,72.57588107952103,4.741954484388838,4984.71837787966,0.538189988618163,4.617019233407056,6.63389940146913,1474.3174712439795,82.21497486572304,16.049051106881077
2026-01-15 18:04:45.430432,3.7038030378805655,74.88472832759261,72.6380945372243,6.268583235647469,5052.410198383764,0.4804164695247984,4.499495912977647,6.658602946118314,1459.7602697275202,85.31150381566256,15.834027099698185
2026-01-15 18:05:45.430432,3.568004615160092,74.37340387422104,72.55312339863451,5.491412756355527,4958.091175883424,0.4058739624266268,4.455678130757231,6.6205819217846615,1450.4160804754508,84.79990737779266,16.13524180215297
2026-01-15 18:06:45.430432,4.024260813972414,73.59467769013759,72.63155263523008,3.77677976993807,4969.983067049676,0.524600202705148,4.347438506995475,6.650640715228325,1456.2030765220302,84.45201505367392,16.096634318613543
2026-01-15 18:07:45.430432,3.584524941794481,73.60326261297693,72.48609354275155,6.424627732077243,5029.676971614659,0.4434465685032514,4.555212458472984,6.591575455395037,1452.7285383613455,84.18196430437013,15.90559402750628
2026-01-15 18:08:45.430432,4.135228412889919,74.14455981851555,72.26260132233885,6.551245266427729,5000.153005836929,0.45189293859048074,4.421959539407137,6.610468800436353,1427.480982077292,85.76253829393596,15.99951039630427
2026-01-15 18:09:45.430432,3.9748809452754315,74.16417943921338,72.71156283616416,5.882286492599215,5029.231147624337,0.5000111973997894,4.51175176191581,6.635884397903754,1425.1475971011016,86.63635105094295,15.907004003542307
2026-01-15 18:10:45.430432,3.880525976566795,74.16466515059521,72.38217757344377,4.23841213496378,5011.891477037917,0.4952437561223265,4.464578138408336,6.602814728428497,1448.4234824105308,85.80478233805641,15.96203755937686
2026-01-15 18:11:45.430432,3.546218168979201,73.92351326193389,72.31288074024752,4.693986045642591,5023.981265977579,0.4293962196842185,4.583817721959944,6.624749136462741,1451.5971367153861,84.75896325124161,15.923626256682189
2026-01-15 18:12:45.430432,3.7116143347158337,73.96236372199913,72.46441642483911,5.14542721740576,4978.384940709523,0.508274578206657,4.4842763607971445,6.641803701162225,1450.2266475673546,84.68554656621777,16.069468502891286
2026-01-15 18:13:45.430432,4.377695612912878,74.0983638572478,72.3174378161407,4.296289600668567,5011.5865471015195,0.5483069830430525,4.494107364547695,6.670113117233219,1463.5220322729983,86.87362863384533,15.963008769402272
2026-01-15 18:14:45.430432,4.250458593812191,74.025767901888,72.41651392360211,6.6923465724632045,4953.631349715203,0.44358292148671086,4.548574714745546,6.697462865092646,1445.6904656767133,85.92688987623212,16.149768594427076
2026-01-15 18:15:45.430432,3.5112223776007245,73.33420988817574,72.56881078431269,5.144326471726036,5064.421681125169,0.563624166542438,4.710694018226318,6.626810781431095,1461.2595836380972,85.14537892607086,15.79647293157988
2026-01-15 18:16:45.430432,4.049666152714613,73.93106011082745,72.56966834784923,2.296651952892643,4968.286264159135,0.4219914587435028,4.588844693035855,6.7167552308634315,1447.108264653471,84.92819740479979,16.102131750562428
2026-01-15 18:17:45.430432,4.375693561685894,73.74457806972191,72.32043398671487,5.33935581275622,5056.44237437747,0.6058662072185477,4.491139389365139,6.696930553931275,1486.4671792407294,85.69054101922458,15.821400517760138
2026-01-15 18:18:45.430432,3.165297359439314,74.05256342567256,72.40245892541026,4.651842603182687,4988.3196519508565,0.47943697847582584,4.500319799061529,6.675204691597197,1451.614274534529,84.0633026228811,16.037464633749604
2026-01-15 18:19:45.430432,4.271680096189968,74.89557770078102,72.71486660095405,4.925073443881552,5010.099950537866,0.5072808498413446,4.447514053967557,6.657682456464832,1496.8144522305136,86.64307763461642,15.967745312428645
2026-01-15 18:20:45.430432,3.6686881205270767,74.11024449964229,72.59928002354678,4.631380634214301,4975.251772455465,0.4053983213757165,4.40500042964803,6.665956042093428,1457.0402318218173,82.84828287632426,16.079588261825215
2026-01-15 18:21:45.430432,4.28529933429658,73.90594109414828,72.9150130078697,5.8070464166066875,4949.2002284415985,0.4968931966765346,4.444724921293368,6.709352557533319,1445.7264565882356,84.17708698046704,16.164227816095117
2026-01-15 18:22:45.430432,3.6183704217287413,74.27654045059317,72.7360256347483,6.119687778553381,4912.761980619735,0.5114241088859096,4.422785103628806,6.711178982987964,1432.0110404748066,86.22221219089205,16.284118855257088
2026-01-15 18:23:45.430432,3.0975589496677403,74.14480636616277,72.72885861371199,5.283053162258653,4947.233792070377,0.4956918947950253,4.565336838379588,6.716747336419182,1421.1422285188462,82.73423437329146,16.170652805660243
2026-01-15 18:24:45.430432,3.1862287810584187,74.12602834713556,72.22242628990884,4.660688812861841,4983.804557339204,0.4718459461473813,4.392880514213101,6.652066341593851,1430.1711543120769,81.85398291470099,16.051993829130225
2026-01-15 18:25:45.430432,4.024042473330691,74.1820551779647,72.65277207032669,4.95866279519083,5010.593958941444,0.45267177407360926,4.633321056138004,6.677748358249931,1432.4078738167202,85.12615535085848,15.96617100797788
2026-01-15 18:26:45.430432,4.129861250860741,74.61696306944886,72.48937863966061,5.019599616577628,5050.518965664163,0.5565263309768655,4.575204638361883,6.717177325331103,1457.8964004082436,81.60708369110706,15.839956357728413
2026-01-15 18:27:45.430432,3.5478416874477956,73.66073346940223,72.38980363929235,4.197569960135163,4977.712127010158,0.5015403567498975,4.502050172936767,6.618814198254181,1439.4766925787962,82.40239289189628,16.071640536603642
2026-01-15 18:28:45.430432,4.319296229388687,74.14208962304343,72.5336030681065,5.578928648571235,4955.901961786642,0.5770376188258386,4.500031861146507,6.634079157314085,1453.73854105109,86.51318823701287,16.14236936421546
2026-01-15 18:29:45.430432,3.16923996886552,73.72208566100554,72.6890423069223,5.460042323860466,4927.864260699865,0.47367588226025387,4.444271869038545,6.650801833150674,1475.6395672475337,84.59042948478853,16.234213397070775
2026-01-15 18:30:45.430432,3.9669601006763417,74.16665379390267,72.60016631820085,6.540441239776674,5024.003180895205,0.47826026533138916,4.527008441134776,6.694979936898971,1448.243832967303,87.57097389941796,15.92355679714063
2026-01-15 18:31:45.430432,3.394491900118772,73.72439404655417,72.32430523973159,6.2553497802884745,5069.159725766467,0.5407797122298081,4.608809246320859,6.695758607535931,1491.5831339693361,82.5903713181251,15.781708276691527
2026-01-15 18:32:45.430432,3.6740819460989202,73.87478995591847,72.64849178271852,4.314325082409869,5063.316513397815,0.4188512518998218,4.429684353774419,6.638456794440104,1426.483780393216,84.81209526873543,15.79992082033892
2026-01-15 18:33:45.430432,4.023699335658207,73.91147302572863,72.3724824915848,5.8202983745089645,5035.496637407362,0.43932683199235384,4.3466607911081265,6.574569527281015,1446.9883290325015,85.79916910641552,15.887211482915374
2026-01-15 18:34:45.430432,3.5697933173580236,74.29274501580342,72.54333662379285,4.049046616905528,5031.92716586338,0.5548742485676582,4.570321825485674,6.662309197214799,1439.2137415277805,82.65897013974218,15.898481310047652
2026-01-15 18:35:45.430432,3.8077222278850873,74.27553633318273,72.43932998650457,5.6959321009408495,5084.881188985467,0.4414033035388403,4.53243659742438,6.6040841931335805,1468.73013212114,87.06352380899925,15.732914305508396
2026-01-15 18:36:45.430432,4.50314640460722,73.62628478706608,72.45622674965287,4.483385801239892,5016.604073070841,0.40904744923487263,4.387980119855882,6.575503189767989,1405.2041673926776,86.02135776633207,15.94704282712691
2026-01-15 18:37:45.430432,3.711554065238426,74.01648023329996,72.65324859500811,3.976746776624416,5032.306483801209,0.5934263594036545,4.426660862908588,6.586806421963314,1421.1376942164438,81.78142582662514,15.89728293726083
2026-01-15 18:38:45.430432,4.4178460560325705,73.78712604357524,72.29196125603681,5.280045342697404,4983.9608069074,0.4303091176062897,4.414089572594986,6.6663190503922785,1447.8530635509808,84.9245164075828,16.051490591403912
2026-01-15 18:39:45.430432,3.435146572671191,73.6224485267974,72.88903901485538,2.3254328718458592,4931.897831457262,0.5092059699164084,4.427546773096575,6.718051868046641,1481.02755442019,85.77191347251727,16.220936186012157
2026-01-15 18:40:45.430432,4.2649020889576414,73.93489488487269,72.1357827861411,3.2490244255947722,4965.807554975021,0.5034542596362136,4.467631724595881,6.651944725811813,1454.516836680746,83.81988665294388,16.110169215045712
2026-01-15 18:41:45.430432,4.72078431032895,73.90745516346325,72.38046646334902,4.822508116225717,4999.542048073267,0.3594685841690958,4.473345269571925,6.660569032732298,1422.9690509147154,82.04027018898238,16.00146558039862
2026-01-15 18:42:45.430432,2.7641777499363553,74.72801494590365,72.57404237798835,5.082441766634842,5003.039268625065,0.48663414884160955,4.434920634493154,6.709144746943896,1426.0566681461953,85.55691757889483,15.990280248586894
2026-01-15 18:43:45.430432,3.6015523722647615,74.12988794760821,72.61686283328706,4.630681229841811,5096.31429274277,0.5224206624739555,4.424183618050007,6.572777254545823,1483.459794056899,89.42248590056512,15.697618985925029
2026-01-15 18:44:45.430432,4.28853606359027,73.58671474977373,72.47990485588566,3.4205637012824015,5004.0638583795535,0.517715469075943,4.477121565608062,6.676008821080014,1437.5773040240751,84.22603180168461,15.987006214166518
2026-01-15 18:45:45.430432,3.8984773069785037,73.83056779874872,72.4885218593997,4.182108157861494,5058.942172201282,0.5451760341901751,4.516769153485956,6.64942051078406,1431.1407325510047,88.13848236256942,15.813582618041638
2026-01-15 18:46:45.430432,4.185572936685654,74.30641498862882,72.58211001706552,5.3912093272373935,4978.2461379211845,0.4806254342547283,4.468370346363516,6.678302872941604,1479.5474512126173,83.49542235647706,16.06991654964782
2026-01-15 18:47:45.430432,3.69800740664209,74.62653283186097,72.45378610450847,5.581781770628362,4984.416205711738,0.5356252221046081,4.61586670233413,6.62582580457981,1470.2219401117397,85.4310912700199,16.050024054637824
2026-01-15 18:48:45.430432,4.04329489373645,73.52420500632861,72.77863625158699,4.983776882404059,4933.549618138828,0.4655335465959964,4.550808771442079,6.6091031354786764,1475.481192865336,86.54304506175224,16.215505303903246
2026-01-15 18:49:45.430432,3.92216138230396,73.43602268445828,72.66786982284631,6.156833781036989,4962.8835993561715,0.42947662917936125,4.34091541431413,6.6570254452142805,1430.9991623946837,84.98317266805726,16.119660757382725
2026-01-15 18:50:45.430432,4.5838910308299035,74.56128955261154,72.67456487020112,5.397397023459234,5026.349069568188,0.43511358121593835,4.552372776541385,6.732459566166724,1419.4978871797127,84.40452870223754,15.916124983112798
2026-01-15 18:51:45.430432,4.127210421650607,74.11688425321127,72.30676865532591,4.2525443460417875,5000.378009019707,0.4268944772402293,4.560554398258558,6.693045505227073,1452.663329787254,86.45225504270074,15.998790462580146
2026-01-15 18:52:45.430432,4.168801331037601,73.73951218043709,72.48412231511885,4.719497946588382,5047.146930994862,0.5504792983945597,4.456526503187581,6.624615361490996,1456.7025226614733,88.78291023053845,15.850539144940427
2026-01-15 18:53:45.430432,3.794061516938766,74.16038872583673,72.43990681025586,3.5971338427921453,5009.062697417253,0.42427132454707217,4.350480241269684,6.582951398200937,1457.2920360740966,85.60117384927827,15.971051837951476
2026-01-15 18:54:45.430432,3.7561968879637533,73.20927567829494,72.2988797248621,4.891861009608583,4982.377313418113,0.5137019420324651,4.500806675941114,6.565896635815111,1479.56367871278,83.96787964693931,16.056592057881854
2026-01-15 18:55:45.430432,3.7837209060901897,74.00101265197915,72.57203283678915,6.112100619221339,5107.414843189348,0.48670379029637834,4.499229134851776,6.715804972592524,1415.324658199835,84.62049688548063,15.663501488757792
2026-01-15 18:56:45.430432,4.1972260711891485,74.09834635185292,72.39247084844403,5.685290084710968,4995.304821564348,0.4948675713274684,4.387835376346681,6.602245885593209,1467.1939010259553,90.03941529129075,16.015038692863374
2026-01-15 18:57:45.430432,3.7895077595898687,74.27728104186134,72.63108076597005,6.402009325919122,5058.150048485265,0.568180364759985,4.354878078374006,6.633724329350254,1428.0674991170536,85.26981423267625,15.816059079535835
2026-01-15 18:58:45.430432,4.1448874284482065,73.69583121431224,72.28596168742114,4.697114756201007,4979.939539672766,0.4780786316392363,4.491244645354656,6.716060556303879,1467.114706417217,83.81117260284405,16.06445206064828
2026-01-15 18:59:45.430432,5.03770039932272,74.02570614842101,72.84380812256836,6.346099794514258,5035.479973969178,0.5305800780774842,4.476692280794918,6.56930492722605,1440.5008659095724,82.70986416703492,15.887264056963495
2026-01-15 19:00:45.430432,4.435562351715846,73.72237261218213,72.32073346828159,4.80669577355203,5046.400782957584,0.5018781675690556,4.45827346346776,6.724613225473753,1433.7205640821899,81.34819781177478,15.852882765509118
2026-01-15 19:01:45.430432,3.8369882339160792,74.0766151267023,72.54386046744008,6.471585082569894,5010.424598528779,0.4923990547183651,4.491658926525344,6.637317977305376,1437.801945861016,85.72716854769239,15.966710690245804
2026-01-15 19:02:45.430432,4.600606961081972,73.73139610329109,72.65837186207762,4.978143252557876,4882.27585386517,0.6149984562193237,4.389722362617968,6.592570834238064,1421.0877959844688,86.309283985649,16.38580088355026
2026-01-15 19:03:45.430432,3.795962313489224,73.87756974825193,72.38587191395997,5.707231373804277,5000.9126230428055,0.4279329127142315,4.456517938713389,6.637632453642555,1450.8085787966693,84.20660764006959,15.997080139209471
2026-01-15 19:04:45.430432,2.980937732411073,73.70125538156293,72.6704937286866,6.475112364309855,5061.5230023879985,0.5644565917718722,4.5533325030614344,6.613870160929927,1434.546532186791,84.97005916393809,15.805519398460984
2026-01-15 19:05:45.430432,3.495956844541298,74.19534087254709,72.25416328043991,4.8065723714187945,5026.3740416513865,0.5328203282744987,4.465002991964871,6.672040989945286,1465.7259646180055,82.65907658142275,15.916045908456995
2026-01-15 19:06:45.430432,3.0646040394870724,74.257535334997,72.79042353983651,5.2183889875441745,5022.291943761462,0.4760237502684108,4.3328027528207445,6.617593378305611,1462.8011216206583,85.265856929655,15.928982404014478
2026-01-15 19:07:45.430432,3.8242432579793455,73.92961382901278,72.50282985299314,6.288863425206302,4913.887153302124,0.5814659258720806,4.452730772227643,6.554417889454048,1483.763141058056,85.96299064113425,16.28039014820276
2026-01-15 19:08:45.430432,4.009209189594776,74.01147139848801,72.38071771840623,4.866996836069936,4963.977246466247,0.40759449438057316,4.392984153649314,6.638971873279551,1457.3265496708216,83.92967146566473,16.11610932684076
2026-01-15 19:09:45.430432,4.8382186561376415,73.56542257560994,72.44016364551452,3.6791077174938387,5020.567881557572,0.4739116671350464,4.526713629646173,6.582172747385673,1460.4135553416015,88.38090533917168,15.934452414012764
2026-01-15 19:10:45.430432,4.163463686882081,73.91009700559796,72.66178385387855,7.14300705458491,5020.519163839344,0.43957588978654616,4.531883740338042,6.660215994199416,1478.0019962365564,83.32578734650617,15.93460703749641
2026-01-15 19:11:45.430432,3.890449735595568,73.98493861488748,72.38310894162991,4.530235535662863,5060.733339006645,0.520604173243573,4.334122537491397,6.5906434833858345,1437.446746079466,85.56695320803796,15.807985649704857
2026-01-15 19:12:45.430432,4.414702790591744,74.78623792730899,72.35012846211545,5.1587560509375425,4992.756662242696,0.4443467949406411,4.575901297058219,6.625599359841396,1420.2348357435394,86.69663443940921,16.02321230774039
2026-01-15 19:13:45.430432,2.8944323454960577,73.66640989226775,72.45569268048325,6.156006669451127,5020.291204333691,0.5216531973370659,4.388781369872144,6.659129390210717,1454.0018811825678,84.84542099970123,15.935330590173972
2026-01-15 19:14:45.430432,4.117807279054283,74.43925317162574,72.264607577446,4.391506096268798,5000.818712096565,0.4906781792089223,4.655918229048235,6.639377063748287,1421.5473306157119,84.62304636221101,15.997380550206037
2026-01-15 19:15:45.430432,4.385432596943484,74.29905763203975,72.86410878158836,3.99213208677787,4950.6528631749225,0.4760323028671958,4.495122373549938,6.662521514150052,1499.0787734585078,82.14226769910067,16.159484862102587
2026-01-15 19:16:45.430432,3.260706877110079,74.08419092134704,72.38672108175706,5.253737296774833,4887.210433445262,0.5194323623016656,4.375360650146083,6.684014358285888,1479.109965841579,87.71468299143257,16.369256263762644
2026-01-15 19:17:45.430432,4.5718770216034645,74.52758614525854,72.66632335723608,3.2069236020876106,5021.550484606504,0.4865689188030968,4.385801392930732,6.592103315013435,1493.2795266660316,84.6602135966648,15.931334404630388
2026-01-15 19:18:45.430432,4.169248203747207,74.11163164178205,72.54189401672956,4.7120939231320795,5008.6973604206405,0.44556825784704807,4.534809529178735,6.646780122968765,1451.2489395332625,86.07473084986965,15.972216774798593
2026-01-15 19:19:45.430432,3.7923560430495993,74.11674775870038,72.3030931899036,5.245038664315406,4969.091247894991,0.6400686494817489,4.4608700110101625,6.483524810124594,1461.011471874032,86.34544097572028,16.099523234533
2026-01-15 19:20:45.430432,4.3163909330531425,73.98406380409473,72.49880905815745,4.730048103174836,4919.041347174207,0.47564164084854277,4.490334609038186,6.662366665084127,1440.810491360947,83.74340301596449,16.263331481439327
2026-01-15 19:21:45.430432,5.1353464289021975,74.36707066472559,72.65680055586215,3.4565490568142527,5031.486975720437,0.3891195459923993,4.661278023269704,6.634959293481258,1467.658496111735,84.60494279141757,15.899872221878333
2026-01-15 19:22:45.430432,4.090933127529247,74.32894077014326,72.46234773298274,6.594177956204012,4986.703996290223,0.45789506551393055,4.430075593577093,6.600827511826102,1425.6891357589789,87.66896470148701,16.042660655117025
2026-01-15 19:23:45.430432,4.124110293150168,73.81229681375113,72.7386225891702,5.1035381539491755,5027.843736118407,0.4366361655813635,4.50599628576957,6.665785971114826,1399.1381362105044,82.7656046685191,15.911393471779128
2026-01-15 19:24:45.430432,3.770319550229878,73.60422584162038,72.70430307855638,6.431152117761741,5093.202426520588,0.5413072808020258,4.641984448737305,6.708634878859254,1434.1857876102288,89.25583614951451,15.707209983140576
2026-01-15 19:25:45.430432,3.575077815267604,73.9391058087813,72.68378297093166,4.739963749819555,4892.928455984014,0.5160826329795793,4.52705134754664,6.6261991126200535,1420.8905304876537,83.51025442944746,16.350126661296386
2026-01-15 19:26:45.430432,4.415167908272123,73.7599884306807,72.4080686455454,4.119988018309236,4965.019959564882,0.5199356400895172,4.3393397264642,6.602759275487914,1479.5585347231906,82.64096508671898,16.112724752673692
2026-01-15 19:27:45.430432,3.5719580870455663,73.98094262761539,72.2840315104437,5.26918092025516,4989.531219334404,0.4814988767081378,4.550538901173214,6.658251263121936,1486.3135491016062,85.26461804137706,16.03357038633218
2026-01-15 19:28:45.430432,4.035783118609697,74.37123144040524,72.37728247892744,4.78421287367178,5072.741308707333,0.4860324876471539,4.383699714221655,6.5832196666676825,1421.9414185517378,89.41669652867974,15.770565682637992
2026-01-15 19:29:45.430432,3.761171276617442,73.86280950347397,72.53924818813334,3.822238542008642,4918.179849039676,0.4814534448196166,4.640680752873297,6.616980931473224,1475.8343121504247,81.1780681288156,16.266180264965463
2026-01-15 19:30:45.430432,4.2394899128731955,73.98715298560653,72.60915734270647,6.469784258787495,5096.79305128403,0.4959403407932265,4.417713239500202,6.711120108082525,1469.0276996700154,84.71796856302062,15.696144456923882
2026-01-15 19:31:45.430432,4.166831052643474,74.01740682044252,72.0656857190479,4.377729777106004,5006.792795078314,0.5417666717682418,4.7969509507745665,6.653108961490615,1418.6044663056225,85.95253003451312,15.978292546605909
2026-01-15 19:32:45.430432,4.51876997212895,74.25452926466158,72.49837735967765,3.1597336152044315,4995.199966913307,0.5168037706252673,4.646737598832768,6.556026651802692,1442.1946493813675,85.06729991707107,16.015374865850372
2026-01-15 19:33:45.430432,3.7449918005726266,73.32593319980462,72.53161784506463,6.328166053957332,4990.097011839055,0.5250056414810433,4.4203387430372025,6.56015041763603,1438.3967255575096,85.76384334000602,16.031752450944182
2026-01-15 19:34:45.430432,3.8650625323533143,73.81798991157041,72.44449114873689,4.495701984187376,4978.186848390998,0.5249779454124601,4.502001380500161,6.658104284632339,1464.959907972544,83.56393383565545,16.070107940174406
2026-01-15 19:35:45.430432,3.5106181421088465,74.06338510768384,72.75825476780318,4.392176107384376,5052.405837963458,0.5442221218690869,4.575364428163346,6.693119528795885,1425.4244129818996,83.80055630813723,15.834040765071771
2026-01-15 19:36:45.430432,3.777853369961944,74.36002368692806,72.58435601485017,3.234612412970026,4946.573962295878,0.5144075020770127,4.578366047422671,6.5691189270686925,1448.0225474868103,84.7031547056816,16.172809829546992
2026-01-15 19:37:45.430432,4.1886502465224265,73.85242926574814,72.76203838161618,6.7409414865969906,5017.270709082192,0.517942403633946,4.54423362599762,6.672485630374826,1436.2813099210077,82.7402238241945,15.944923971350626
2026-01-15 19:38:45.430432,4.378494308322676,73.43703418818744,72.45680789592996,3.7105194127903127,4980.790916714651,0.5594403120596578,4.625215903696611,6.716517175374486,1459.4668236677028,84.91062719711962,16.061706130151777
2026-01-15 19:39:45.430432,3.538917337911187,74.18591343378984,72.68749549850139,5.05844948070565,4961.893327574295,0.4667477040998444,4.487703105336563,6.744392949397932,1445.6641593662414,84.222509412657,16.1228778449192
2026-01-15 19:40:45.430432,4.4348029600528305,73.80939128335231,72.8270132789055,5.91262032254044,5129.298758784194,0.45721287100242464,4.463328233142397,6.6665611379929945,1439.2950859211921,84.05990962969027,15.596673885098967
2026-01-15 19:41:45.430432,4.677818929402475,73.64310000227289,72.76233868985453,5.421716933003097,5020.952536737673,0.44070392004065717,4.465313601207539,6.6753401297276245,1445.7340684873584,85.64101282519728,15.933231675593454
2026-01-15 19:42:45.430432,4.20671745161185,73.81269638308603,72.28157168131425,4.940345688007809,5030.663277233057,0.5091457281810128,4.585837323197213,6.543340778618593,1490.7208566568022,81.3586810136014,15.902475596419018
2026-01-15 19:43:45.430432,4.938397906279033,73.94464239270324,72.44926478449152,3.2983341417125835,5056.888839033433,0.4073133879390438,4.5365181040302645,6.7549876273997995,1441.6620072776122,84.5418197932337,15.820003671524464
2026-01-15 19:44:45.430432,3.6131054004482133,73.81857660063854,72.43096705891004,4.190275164232716,4928.932502734073,0.5231077048029839,4.529128366569026,6.6212254893451945,1429.1798956343243,89.63470753122972,16.230694974139755
2026-01-15 19:45:45.430432,3.3776726483442916,73.33833018287028,72.59785090701527,5.187800338042522,5087.614595456102,0.49454034527497237,4.579523424925719,6.603326442078748,1461.6686713831193,82.82778062734874,15.724461532807606
2026-01-15 19:46:45.430432,3.110639875547861,74.26911985906614,72.63727071100291,4.212825930013004,4874.552141075246,0.5567319849910528,4.294894759214614,6.637239693278019,1447.1295066115408,87.57100099296883,16.411764134366877
2026-01-15 19:47:45.430432,4.748022155744591,74.38246251238361,72.33222146519485,5.203359459998768,4961.561679498074,0.46640413447675044,4.531006882387515,6.7255836707092715,1421.6953213826705,85.10931224182539,16.123955554270772
2026-01-15 19:48:45.430432,4.327182828177029,74.19545659740186,72.51356770278339,5.681743408815142,4977.048416341055,0.4898340857291247,4.521856888887371,6.7604023023771775,1494.6299267040492,83.79408438223716,16.073783758529938
2026-01-15 19:49:45.430432,3.9722076645447726,73.65869429887256,72.09601453356878,5.9625028858001015,5029.086168248526,0.5561101666646684,4.66688080813007,6.656270433973792,1442.9504210882671,82.35871668094039,15.90746257343638
2026-01-15 19:50:45.430432,4.139984313159911,73.93955253981575,72.78838900116038,3.7738206421873164,5010.935913307075,0.5691567823389077,4.347141201773633,6.699904208630183,1442.442610920773,85.27936393057047,15.965081450663032
2026-01-15 19:51:45.430432,3.4372554763508116,73.99804360543116,72.39752515186466,7.196646054978954,4991.65926296508,0.465992381712409,4.655718663237676,6.652160202434276,1453.196707038162,87.90679421162935,16.02673495635987
2026-01-15 19:52:45.430432,5.222875989808413,74.17963831686858,72.5111727879689,5.767479344554131,4999.400132768614,0.509089061629358,4.507540912892466,6.598110226349091,1484.6023353841767,84.22157770960648,16.001919805466112
2026-01-15 19:53:45.430432,4.064610590987614,74.20050214661542,72.43807005720238,4.998285846330936,4951.098848823872,0.5147209488842024,4.548898953066004,6.723837183539415,1416.4050934696202,84.83807715052646,16.1580292461751
2026-01-15 19:54:45.430432,4.054697397302446,73.77974786036646,72.72920551500269,6.08953658307664,4925.138380275791,0.5186826702810574,4.667591878760938,6.618893625982181,1455.519716988411,87.02074170038067,16.24319842877598
2026-01-15 19:55:45.430432,4.362883311949346,74.02459866692406,71.93249871172053,7.3654077719999735,5036.325581116803,0.4868712170342189,4.556076126800558,6.726776538668594,1491.7454432358725,85.68174158269257,15.88459655983163
2026-01-15 19:56:45.430432,4.240504615868357,74.13718412138458,72.49667793153482,3.5612798989431305,5034.685305626809,0.5640691699061817,4.540036828946256,6.714927066488454,1452.574573614793,81.85544844055084,15.889771682569966
2026-01-15 19:57:45.430432,4.111942012139566,74.43674669664404,72.47883624850046,4.774737357508647,5079.224718757853,0.40551482581892273,4.524229118580232,6.680701813197861,1425.2933204139304,85.19777443171037,15.750435239566315
2026-01-15 19:58:45.430432,3.604762772277344,74.21135196194741,72.40927272248166,2.6215683401266716,4960.49914515924,0.4789434882599458,4.451652186500563,6.741448737812718,1437.632062940787,88.0244698213312,16.127409290669654
2026-01-15 19:59:45.430432,4.235734178567998,74.23671700621266,72.84524530912712,5.192651532648025,5034.640760515046,0.5223965366386474,4.497151087548961,6.761617301659287,1454.1376505951357,84.926117627065,15.889912270883844
2026-01-15 20:00:45.430432,4.9410122482375165,74.0251479883788,72.32253410822885,5.365394241925141,4985.814663581764,0.5228612405974672,4.428448723387725,6.641237831851785,1476.6160783127973,79.51702114104525,16.045522226156862
2026-01-15 20:01:45.430432,4.672710023077489,74.42313774356106,72.65435923544713,4.9608378845572405,5059.523749259674,0.5676379515307381,4.495543310057452,6.609560294079179,1443.2132831116787,85.77642998318214,15.811764894216745
2026-01-15 20:02:45.430432,4.796593313319699,74.12292883878784,72.57125055774122,4.34546642900169,5051.098138833907,0.5599112696600643,4.26640693029449,6.556786508137177,1466.5330359486486,84.60308712091192,15.838140103622841
2026-01-15 20:03:45.430432,3.7443921617844076,73.74167362694793,72.7523038505071,2.9504854838116747,5010.560469961223,0.4857229187346388,4.542903956756755,6.762234112771513,1421.2926234590623,81.34181117215756,15.966277720747499
2026-01-15 20:04:45.430432,3.5051975898707095,74.42101099103756,72.3665621830445,5.373533683411769,4983.023492166701,0.5649935621765302,4.4878262746216375,6.628015899554078,1421.1256326080988,81.64158381989243,16.054509902624336
2026-01-15 20:05:45.430432,3.937106539950176,74.20937098176171,72.35340622017524,6.455434483915325,5048.046608930413,0.46429791281112726,4.466379626333324,6.706751842855088,1440.343986226301,86.95021428657762,15.847714214538623
2026-01-15 20:06:45.430432,4.027862456144347,73.86708679366146,72.71921398149549,4.408981544266568,5032.345226162828,0.5465443691395919,4.521975808394014,6.612937231624526,1478.7605744374653,83.53523450880984,15.89716054933698
2026-01-15 20:07:45.430432,4.547095759235474,73.85615210978023,72.58506426166602,5.440059929023145,4965.777979895691,0.5905261239210496,4.356643607703456,6.726913282045602,1451.3774927902755,83.18500723852802,16.110265163663325
2026-01-15 20:08:45.430432,3.1537676851425904,74.08897266354222,72.19101253066465,3.4318556865799494,4933.610066326029,0.5607472053427485,4.692926999662128,6.6149941204092295,1455.7962239113324,84.92872287813667,16.215306626284427
2026-01-15 20:09:45.430432,4.7647751597303065,74.13895543858028,72.39213899710735,5.457213063692514,4985.57335496591,0.5052885191762062,4.48972325385124,6.590414043319133,1455.5615919114705,83.71159400336012,16.046298851528384
2026-01-15 20:10:45.430432,3.9209960507105053,74.05918767968936,72.57727653076961,4.606617702255343,5075.77069076741,0.4834110614113939,4.485415556702781,6.639574678452313,1472.1841596517347,85.20009725555549,15.761153305352478
2026-01-15 20:11:45.430432,3.78655946502629,74.09339260203286,72.66755284430931,4.237582049397085,5057.324357936652,0.4235704351870357,4.403460378986708,6.623411214951918,1437.7955861492428,84.59455994112666,15.818641308709607
2026-01-15 20:12:45.430432,3.493947812369916,74.50998721237292,72.3641538693614,4.239636358783869,4944.383626516471,0.5155269818957102,4.502394638244926,6.679814989273061,1463.7657021697646,82.60000883981272,16.179974298710192
2026-01-15 20:13:45.430432,3.1725716640671155,74.32146294567046,71.9171488020366,4.60638841796699,4941.612129205004,0.44423913860145403,4.638695989027328,6.647430253640374,1433.3823467228974,83.97760440287723,16.189048818137458
2026-01-15 20:14:45.430432,4.411585291980957,74.05719067737951,72.6046446371474,5.382433315692535,5063.734192483975,0.46034326681930315,4.603591620943203,6.681385119727596,1489.6654531184151,85.88550664261821,15.798617573320259
2026-01-15 20:15:45.430432,4.036658983594202,74.28239317423025,72.2559358620112,3.687836798804482,4943.218204762108,0.4404627099631664,4.585443775114055,6.6354489263457355,1433.9921779140661,85.08383608047725,16.183788917699616
2026-01-15 20:16:45.430432,3.355019550129473,73.69024282894173,72.09653224037552,4.602884668432147,5025.4647661821,0.47698038336716725,4.554639895166727,6.61674463144906,1432.3522139384277,84.83611503521634,15.91892565605964
2026-01-15 20:17:45.430432,3.352460613968192,74.11937811498404,71.93353481500317,4.958528222000853,4969.196439233184,0.4986015292756509,4.464145747243739,6.620821972605197,1460.993396269761,88.87476848235877,16.09918242884862
2026-01-15 20:18:45.430432,3.832107650354936,74.54279190491994,72.66279617203955,3.900960775468141,5080.852246226084,0.5136807290582852,4.35498368329633,6.752246939901552,1451.5957686286465,86.46207505077108,15.74538997063372
2026-01-15 20:19:45.430432,4.834510762644697,73.93458623138228,72.52572349008099,6.796665201675017,4961.478760043106,0.46997466822930184,4.4798961228133365,6.661258546611347,1456.5370481252187,86.70488252964269,16.124225028286716
2026-01-15 20:20:45.430432,3.8702043243181974,73.74570982141428,72.45486872385754,4.1465045199386585,5057.168076510291,0.5534641853197592,4.476412853546632,6.550811889527348,1454.5462759098464,84.66806318441014,15.8191301514353
2026-01-15 20:21:45.430432,3.248428523440947,73.80437333342208,72.77780487259255,4.330563086366509,5009.242932703019,0.4895897371005017,4.604879443967124,6.6239895493272964,1428.192156023851,85.44029038070255,15.970477190818036
2026-01-15 20:22:45.430432,3.8771284679570277,73.67311008879729,72.62746493660461,4.021692050177502,5012.609742711715,0.46061387833672407,4.530939044245982,6.654843301623794,1482.2671785815896,84.13780002094862,15.959750330916787
2026-01-15 20:23:45.430432,3.863638215126165,73.76457142756169,72.82326000854438,6.798480087138118,4901.48457093243,0.5113146133621718,4.6612311527903545,6.742269984062519,1467.870844117782,86.55509953104826,16.32158560172337
2026-01-15 20:24:45.430432,2.6515566785292144,73.888847570423,72.22145290556661,5.5529052285994815,4889.854332339714,0.5981776416771908,4.619748854003817,6.701434935794495,1477.1789990253424,84.77920019180192,16.360405558691014
2026-01-15 20:25:45.430432,3.972852566741094,73.57832989424641,72.49308987520921,4.063407993756358,4988.971702986634,0.5167580283267559,4.45435043904959,6.603914108175904,1439.4333822177914,85.44475549786111,16.035368561442876
2026-01-15 20:26:45.430432,3.884532734895661,74.00468550018488,72.1766573250104,6.106231558859969,5012.34530317083,0.48185721863131964,4.3204870803380135,6.770917787678623,1458.3304708943035,85.32122260431034,15.960592329780566
2026-01-15 20:27:45.430432,4.348103182406709,74.27068315213599,72.4541235336289,5.200698694288878,4943.740108613114,0.4236269321940648,4.638557523394148,6.648441981759927,1453.9473692446938,84.96366623718909,16.182080417338664
2026-01-15 20:28:45.430432,4.924478047472673,73.72767314595592,72.45027682924666,5.257253421111502,4945.565329476183,0.4890293839513965,4.635938522323074,6.712316490553747,1472.5600525240302,90.87637613431154,16.176108224309576
2026-01-15 20:29:45.430432,4.563282514773879,74.45578517709254,72.62532272745261,4.655522791247547,5028.0736314913065,0.5117464062544058,4.363378840909777,6.592249575130006,1473.2049626365924,83.66676144501055,15.910665965381323
2026-01-15 20:30:45.430432,3.8655556547225847,74.15323762655828,72.50911277622838,4.250584013043027,5028.142724022857,0.4806209554372215,4.65092400198275,6.530091845237456,1453.8610160591622,83.64857693968261,15.910447334318016
2026-01-15 20:31:45.430432,3.446737045629165,74.30917417568722,72.62468142765599,5.337766099054601,4993.112946980604,0.41673076808795,4.5382117170592515,6.579578425481582,1419.6409773631349,86.38819349362352,16.02206896769218
2026-01-15 20:32:45.430432,5.286679901624931,73.80264963384435,72.64068802662779,4.45491277000441,5039.010086059304,0.4574717305248283,4.516068549812565,6.487483326190215,1485.5932377417537,83.80966200184965,15.8761341282734
2026-01-15 20:33:45.430432,4.029609217007244,74.25635756811998,72.93098573547663,6.816755629575105,4941.289885213992,0.5727269230443879,4.661478325424733,6.755604466362646,1461.1197486738029,84.41718727730222,16.190104579653788
2026-01-15 20:34:45.430432,4.006964645956473,73.6724198298814,72.43694066894278,3.730708894756896,4982.203254145651,0.571700050186523,4.634468517323062,6.6607266459443215,1437.8312591721772,82.82717809328877,16.057153014267865
2026-01-15 20:35:45.430432,3.9879374564449983,74.26707425025096,72.31179545986673,6.5361567728549455,5082.3938802891835,0.4556680415397701,4.565133095199521,6.603767799077599,1458.130842765334,85.98311583880518,15.740613947742293
2026-01-15 20:36:45.430432,4.099042380383928,74.05155180193806,72.54921672306328,4.888681151202199,5003.416106496991,0.5336378393599711,4.547321706581198,6.672631201499007,1419.7781290309495,86.0085144889683,15.989075922771866
2026-01-15 20:37:45.430432,3.9278197940380286,74.16597536599544,72.3395439945721,5.299085734021106,5006.31562572935,0.44107136076149134,4.561639429053036,6.659466701809008,1471.107061349421,84.3696158801531,15.979815493224143
2026-01-15 20:38:45.430432,3.7131689965598818,73.64732161831255,72.79639215368731,5.8331577666294345,5115.297329298387,0.5702158140997476,4.459994256611747,6.6810466697807,1420.575765114417,86.42963337696014,15.639364605805383
2026-01-15 20:39:45.430432,3.7265705293798037,73.73147904731702,72.44335639221096,4.369750704995564,4930.032891707561,0.5122617923947118,4.494489855026768,6.710476570056814,1445.5833101592584,81.28374997253282,16.227072264479613
2026-01-15 20:40:45.430432,3.9836233648920008,74.17916846547601,72.38688472642521,5.864248384698636,5039.821518332105,0.5474820749308267,4.4097682845405455,6.635503942348749,1454.889088992111,83.58629319697131,15.873578004499542
2026-01-15 20:41:45.430432,3.7282876144331176,73.71549559873274,72.40573685576977,2.2924561446188227,5083.199313990405,0.41424533264087304,4.466696022426108,6.606008034694951,1470.776794239642,84.66004162757814,15.738119845078144
2026-01-15 20:42:45.430432,3.6435771086614177,74.13896188762973,72.64368348469432,4.2800104667780605,4983.757103675072,0.5338818550962444,4.463336612133107,6.6913887607185965,1452.1308935286875,82.6554350061941,16.052146670833377
2026-01-15 20:43:45.430432,4.0532151138459485,73.58985865806193,72.4684506033537,4.075937192658935,5042.9815393427425,0.49961629681577485,4.436469463037834,6.6901166388942235,1462.699257472251,81.50257392516255,15.86363134107893
2026-01-15 20:44:45.430432,3.8725113912895726,74.2544522638,72.37166663597392,3.7464939876282384,4950.899025139454,0.5425964535395421,4.513674650264846,6.655036790406068,1449.436661831009,84.3842080699231,16.15868140185844
2026-01-15 20:45:45.430432,4.751996494291344,73.63024300556945,72.8330703835247,4.785045161921049,4965.663380221632,0.5457433899048925,4.467601914929943,6.758877709434039,1449.3562809811144,86.38804017412149,16.110636963158257
2026-01-15 20:46:45.430432,2.674515095803494,74.16568998130386,72.32876603186764,5.3857499681816945,5019.248320802381,0.5032892344737375,4.5502234720351975,6.6281088938569175,1451.709545006966,87.56421678285302,15.938641582732279
2026-01-15 20:47:45.430432,4.545753425961231,74.1876892800938,72.5071132148066,5.702659998499306,5039.928333655529,0.4699585180452043,4.337767938670623,6.605007101418237,1446.2188415829526,83.90542423358926,15.873241582777606
2026-01-15 20:48:45.430432,4.623042596248815,73.79096845447113,72.63046123032204,5.240876757200407,5056.046825620312,0.5389848091089747,4.48866452058927,6.67090457137533,1416.2685951383712,86.46643167524319,15.822638270401109
2026-01-15 20:49:45.430432,2.9633048837959253,74.17460797012542,72.17373297791659,4.334306535106453,5078.481429346974,0.49699227502974364,4.51315516401775,6.616253107154326,1434.6335301260674,86.27308407615133,15.752740482165539
2026-01-15 20:50:45.430432,3.8286562029598254,74.07813267900006,72.59605210028118,5.3690164378251675,4996.627672072241,0.4563607523236179,4.468937076016312,6.674775826207245,1454.895496822234,87.437216348669,16.01079873274243
2026-01-15 20:51:45.430432,3.8142795670021044,73.83834744314218,72.2889784649039,5.124285694850851,5059.680587758629,0.4539923884271157,4.482760730019077,6.6083495872080285,1445.0175799302256,84.29961793929199,15.81127476575333
2026-01-15 20:52:45.430432,3.2962441526410893,73.69743359477714,72.6645565561668,5.936056167936016,4982.884757827543,0.4261417791843809,4.341475398927014,6.6299878858534065,1446.8838183563619,81.40299900963065,16.054956895065484
2026-01-15 20:53:45.430432,3.6110916562045623,73.41121229249822,72.3074697976162,5.776936702931517,5045.104565579413,0.47448544202184684,4.535647710466949,6.744542021001958,1443.5329266112258,85.14037170484549,15.856955779629569
2026-01-15 20:54:45.430432,3.4447120772670856,74.1048950141899,72.63855380636977,5.030476413920629,5010.374439892609,0.5551346023037189,4.564760598256707,6.629720632162616,1432.7280321453636,82.97241251806055,15.966870532277962
2026-01-15 20:55:45.430432,4.876135221711811,73.53055916859138,72.72116661325894,4.1027469938387435,5022.283895354096,0.5088914899852717,4.5493537294203765,6.6100574227991356,1440.1380107804741,83.55298978187598,15.929007930834942
2026-01-15 20:56:45.430432,4.46783919657373,74.0286032598324,72.67228730512656,4.347049844167919,5021.175393701102,0.47351161470384795,4.603872705944219,6.708533939435325,1443.8633651122282,84.39756171189363,15.932524504194246
2026-01-15 20:57:45.430432,4.63577754749708,73.92096553517533,72.55026332964762,4.450210640361966,4919.764749510109,0.540242796909004,4.52015296057825,6.597447902485666,1450.102862810837,84.32214473730171,16.26094012075803
2026-01-15 20:58:45.430432,4.360836032021617,74.20374283263146,72.45373981141407,4.684733666083744,4943.793907056961,0.45837616891383054,4.547868118065094,6.6153528384926465,1457.8675668893943,85.2831185337916,16.181904323682453
2026-01-15 20:59:45.430432,3.4354741143913854,73.90938635015304,72.38471608473303,5.2680504275897535,5005.127071990876,0.504767513716639,4.5156090738456856,6.67882805602545,1446.3889941822852,86.40631263283923,15.98361017599072
2026-01-15 21:00:45.430432,3.737739866860113,73.90116566409587,72.79420693816343,5.715174390128058,4915.636046017941,0.4910184813637242,4.56875507195925,6.696920571193665,1429.4068948861516,84.26452883344807,16.27459788541635
2026-01-15 21:01:45.430432,4.244687280613959,74.21956121128649,72.36010095596647,4.948881306984623,5041.560555159987,0.5389565312794176,4.342277036386788,6.711023819554054,1422.0383592016244,85.791395013216,15.868102569574571
2026-01-15 21:02:45.430432,3.388936095554027,74.10051740872524,72.292586785286,5.0161247879004724,5043.577798314407,0.42113858145402494,4.410641903202199,6.612638908388976,1501.9487441475044,85.02963201986101,15.861755919921858
2026-01-15 21:03:45.430432,4.356499215086194,74.09484678715484,72.63307378700657,5.143306305000004,5016.35852764389,0.4574901127092672,4.658689965703309,6.679800433649306,1427.4036993947088,86.87098879175689,15.947823417951513
2026-01-15 21:04:45.430432,3.8798373009209324,74.14078027694256,72.3407726393627,4.48409468686766,4943.943299362104,0.4180877170452733,4.25395641779038,6.626694590022791,1439.6274999747122,84.62281629778737,16.18141535124848
2026-01-15 21:05:45.430432,3.812589596225201,73.53932836303787,72.30998730050678,4.074607742357044,5069.006946943426,0.4870201639095365,4.485982207017465,6.619717218324468,1460.3400060502786,84.84214664845089,15.782183934121338
2026-01-15 21:06:45.430432,4.355479984101746,74.2270366039961,72.21127914756605,3.24456210268929,5101.860531985918,0.5605713751816215,4.617227495960806,6.710160639114615,1457.2172121913136,84.25119910400218,15.680554083837274
2026-01-15 21:07:45.430432,4.22213165574302,74.18374063820409,72.4034180321079,4.304850641923128,5007.353841372299,0.47472763951732366,4.490673933445824,6.622522280207021,1460.4173138512315,84.675502920083,15.976502267328378
2026-01-15 21:08:45.430432,3.81951691709046,73.69499506142705,72.4834569952207,5.473145453267787,5025.526768922562,0.47446580309021746,4.45949889285493,6.66391022980105,1441.1456586093566,83.43302374330825,15.918729255351561
2026-01-15 21:09:45.430432,4.579664901682124,73.92677585789774,72.54861834553213,4.297088561960432,5010.086932739802,0.5435862212092069,4.51294216768153,6.657778973461532,1454.771161412791,83.23480542771297,15.967786801705538
2026-01-15 21:10:45.430432,3.459468336200051,73.98820781371171,72.6902612488599,4.76219296257406,5026.51845944994,0.553427477922765,4.464687981999755,6.596462281183075,1451.2268732848172,86.55153077056545,15.91558862170269
2026-01-15 21:11:45.430432,4.307967803472132,73.95965096467948,72.60537958473316,5.466431287412317,4994.02206216868,0.4955714466365605,4.503084949275694,6.698304642767816,1443.7573726491742,82.83359663363079,16.019152299311145
2026-01-15 21:12:45.430432,4.296550628984192,74.10015798997055,72.46182555608937,5.520689496422669,4998.27178800781,0.5342357427024946,4.431661896347987,6.678014044683948,1454.908194835427,84.3617638206042,16.005532190534613
2026-01-15 21:13:45.430432,3.8452267803430047,74.42941003454935,72.46036086472405,3.920467147833961,5045.285880024869,0.44615227295610266,4.610867441995572,6.5506854694064796,1471.107310935014,87.030685572542,15.856385921902541
2026-01-15 21:14:45.430432,4.163066511121059,74.32453001830184,72.60203149378303,5.997059356453642,5117.281208094822,0.5688987166962707,4.642326492106566,6.663871055561867,1449.5559955312935,84.29459840999279,15.633301502651683
2026-01-15 21:15:45.430432,3.3744432118073484,73.60633424197057,72.75451403258572,6.1273500893554855,4929.9964382799135,0.6074353146968525,4.486660967788838,6.611351328291669,1449.6890569271286,86.65748090737115,16.227192250855293
2026-01-15 21:16:45.430432,4.462013509603451,74.18662099709181,72.52526283989664,3.87015014278144,4994.8093757798515,0.5260607895594362,4.361351057930876,6.704853765320632,1471.3632206975196,83.81790855854632,16.016627258674795
2026-01-15 21:17:45.430432,3.9075489317785053,74.39867999586062,72.40617382915792,4.176163130358846,4940.976975738396,0.39578341893285995,4.44761568296866,6.577730008160962,1469.2272071963762,82.89767278729961,16.191129890469593
2026-01-15 21:18:45.430432,3.73863848974048,74.11604255620676,72.30142679978289,6.191090683146191,5079.601244928805,0.4720884868801108,4.481601133989703,6.632176151568523,1481.6787288192697,81.81034829019836,15.749267736294776
2026-01-15 21:19:45.430432,4.524504612918444,74.32729412755579,72.21095894711756,4.853146478744699,4970.613101534005,0.5306412660834661,4.550553887690321,6.668101227549424,1414.8753953104085,87.62544813854532,16.094594040182045
2026-01-15 21:20:45.430432,3.64782815472862,74.60368113371023,72.6332539344087,2.780222052548149,4927.83996031071,0.4789258501416819,4.399198677682932,6.652717014707094,1468.1023836633879,82.72625763673116,16.234293451964263
2026-01-15 21:21:45.430432,3.2957693518182203,74.30711286383209,72.61559570472791,3.600318495267314,5031.909349942429,0.5636099277125048,4.423083768135785,6.688147912835699,1462.0316009080436,86.4943731802502,15.89853760002956
2026-01-15 21:22:45.430432,3.221685413238048,74.07479257869252,72.61547270502133,4.7506303748275185,5087.215555737155,0.5294078632217932,4.5510676137858805,6.5740789006995355,1432.2869520449347,83.00010594641324,15.725694955028837
2026-01-15 21:23:45.430432,4.3030049756728195,74.31352654222543,72.47426811072958,3.836957349715398,5033.179893428038,0.4646762249617102,4.593890883203956,6.732595716843369,1455.031758359977,87.63476783587964,15.894524275688658
2026-01-15 21:24:45.430432,3.3597853237518587,74.04346634992906,72.78138694917835,4.586576229363558,5010.239893864096,0.5016132405385626,4.437840595482932,6.676257232939414,1471.02243495516,89.4135654492302,15.967299309953962
2026-01-15 21:25:45.430432,4.877397090992182,74.00717091298549,72.40317630108304,5.032396213683579,5020.457046138799,0.4553083389680455,4.366678294604901,6.717985910650045,1433.416821550292,81.62693988061933,15.93480419507373
2026-01-15 21:26:45.430432,2.959035296058139,73.89457572928588,72.69105384744144,6.462254604034729,5070.742033141278,0.4908707560793779,4.828411820128789,6.693712008461662,1458.851248580456,82.83048713168237,15.776783649638896
2026-01-15 21:27:45.430432,4.848228184145019,74.46902400764964,72.4922514210021,4.709546083772211,4956.290036499293,0.4722703379783724,4.578330423708872,6.649419494277248,1467.4270735146204,86.54626372760644,16.141105425804597
2026-01-15 21:28:45.430432,4.105508733601309,73.7544714002174,72.37832984706414,6.072541799572759,4994.407644795684,0.5587380900116519,4.473299623823297,6.585790089454442,1428.5796087493702,86.02608584673163,16.0179155747053
2026-01-15 21:29:45.430432,3.951643444064804,74.45971031740343,72.61850606146355,6.42876016203677,4977.365492574523,0.6058006028415498,4.586903127553084,6.621822340937565,1447.154286151097,86.55384370952038,16.072759800209145
2026-01-15 21:30:45.430432,3.7275404565955252,74.14995923712212,72.5819272237368,6.434309669352076,4941.606734635415,0.4284405833382124,4.487554337028558,6.729478166643129,1456.0193675328483,83.85248889919124,16.189066491124226
2026-01-15 21:31:45.430432,4.199568057176036,73.58020814755942,72.57139455185339,5.284754593385569,4983.58123702916,0.4038391856895124,4.586715688910019,6.71927188908282,1434.077369889141,88.97506832204674,16.052713138411697
2026-01-15 21:32:45.430432,3.9811826487875757,74.11029478789743,72.51625568441123,3.0367108521610255,5055.386054799123,0.4877413789074307,4.5159393197776225,6.619020000994816,1432.416936018129,85.23609893337955,15.824706388952293
2026-01-15 21:33:45.430432,4.551650941008261,73.36999204770451,72.49242138365663,5.460824865403866,5028.330107419636,0.4240792150585659,4.509127189816757,6.5090847856898915,1447.2991079627445,82.56607484631296,15.909854423032941
2026-01-15 21:34:45.430432,4.05711382433102,74.1876524050493,72.97767439857408,6.048399887813541,5032.21552500541,0.5023105801835459,4.488641813176921,6.639365513284744,1466.032794338074,84.4937029999141,15.897570285389156
2026-01-15 21:35:45.430432,4.075150880730939,74.2655694448967,72.73685132903924,4.918932894564583,5007.323780582666,0.5374468056902963,4.355261866653691,6.635614855593545,1462.8746800238423,82.59286620754233,15.976598180094314
2026-01-15 21:36:45.430432,3.818193893893072,73.82229321330438,72.6445653789971,6.744583870075249,5026.166189136429,0.5747070948633413,4.693809489939314,6.6375113693979815,1432.7717454162732,88.18188271710821,15.916704102007657
2026-01-15 21:37:45.430432,3.9715271881394663,74.03706430878667,72.52235983164067,5.8598335614674575,4959.970482882594,0.5100697279357641,4.405846607973226,6.67642696009157,1463.0433577023136,83.67933747439977,16.129128243018545
2026-01-15 21:38:45.430432,4.1539008844460295,74.58624723012508,72.70143144011934,5.568273377152784,4984.524505703638,0.49034223875752103,4.363997642368941,6.693810628966084,1433.28120447667,85.98496696948925,16.04967533181118
2026-01-15 21:39:45.430432,3.144915803671687,73.84827598872143,72.60359895527829,6.0863807112058375,5009.600211848434,0.4010807541713458,4.478714011724363,6.699514977354976,1417.7966040401313,84.05865371003564,15.969338194051563
2026-01-15 21:40:45.430432,3.3259072889471435,73.68232772388302,72.5052409505548,5.333369851260878,5013.875792944094,0.5013092574592899,4.403852818648949,6.672285457006769,1442.6571285790553,83.76922538047498,15.955720345642
2026-01-15 21:41:45.430432,4.371632047011357,74.44449902073877,72.43928713494682,2.5071895006046465,5016.009392746094,0.5035643630274731,4.494828720943973,6.559961464903869,1472.4593874317147,81.1794916374379,15.948933452096812
2026-01-15 21:42:45.430432,4.085432719063971,74.58877615715924,72.48381653246746,4.500861048529634,4993.083235899181,0.5319478407106373,4.568776384856177,6.632940013365336,1463.1192110428274,86.19634920598114,16.02216430617808
2026-01-15 21:43:45.430432,3.9080083318236603,74.00110870155436,71.86591485282439,6.197168027247853,4981.128829943484,0.46457559492354544,4.599530290052923,6.76520448917746,1449.9685638525361,87.59836250525836,16.06061652513165
2026-01-15 21:44:45.430432,4.009216966532697,74.3034389106225,72.54212016785952,4.192408659901704,5157.888564152215,0.478247369988207,4.581473072162169,6.668710836740124,1441.6658903281789,83.1680648372697,15.510222643429548
2026-01-15 21:45:45.430432,4.173790852680836,74.40244277465926,72.40230478397793,4.7765274947630605,5045.33936364662,0.42609988723479075,4.469436794521432,6.6683909784221935,1442.2047572776714,81.90954177000266,15.856217834706445
2026-01-15 21:46:45.430432,3.730120159845319,73.77725473023848,72.81853399965658,3.955163686096929,5020.657373797631,0.3854353596557967,4.504959182766159,6.667974296988693,1452.175698117216,86.60663208547565,15.934168385501259
2026-01-15 21:47:45.430432,3.6108476372988436,73.85440824938964,72.50386881416235,6.783922595201769,4988.339575089681,0.44457514546016086,4.540787905089749,6.6707689811253,1428.6312502830833,81.7075173017875,16.037400581046402
2026-01-15 21:48:45.430432,4.097922627548841,74.36926235394643,72.26220731609301,6.681492457418015,4977.439058652806,0.4214837092873492,4.324221257605792,6.530844390945704,1443.037853095974,87.43906587189652,16.07252224634023
2026-01-15 21:49:45.430432,3.510813611192484,74.50550428361255,72.49002396917437,4.116131104859271,4993.459970313652,0.5168356147710306,4.557058470011986,6.638023784154447,1445.6886107728046,83.19120975409076,16.02095550492117
2026-01-15 21:50:45.430432,4.204126377857236,74.16886425805231,72.2907757829875,5.147298000389084,5014.641442179334,0.47409329716665716,4.354270071241617,6.648105358410266,1422.97851083097,82.79341451435074,15.953284182414537
2026-01-15 21:51:45.430432,3.1487081978810796,73.73605569394938,72.5946814831425,4.319505952235953,4905.978222796846,0.47308814349626055,4.704034659890649,6.714074769962671,1433.2310349820484,85.49692484226259,16.306635775156956
2026-01-15 21:52:45.430432,4.514577818662822,74.59611833350984,72.5581894728679,5.614944639031378,4921.530520231266,0.4507793476912394,4.4595484915358305,6.652383644731115,1458.2101358297277,82.92372142997712,16.25510594136085
2026-01-15 21:53:45.430432,4.236298741206522,73.84070873065642,72.69156792622165,5.509683077242329,4968.155880553052,0.33837172837437834,4.481512482280541,6.5676744306699035,1450.1902367988198,83.58577783741359,16.102554332714384
2026-01-15 21:54:45.430432,4.128014867156938,73.89945866564857,72.3418236416611,5.811705571613265,5010.356971838928,0.5754155374373775,4.423029290076214,6.671504457808588,1443.8247641761322,85.70796386534201,15.966926199000541
2026-01-15 21:55:45.430432,4.491345491972757,74.10270135034689,72.50680161924564,5.331918447707888,4988.036342642407,0.4499864738611606,4.437002996814431,6.609808767587863,1431.7714512492407,80.14177532566671,16.038375525872787
2026-01-15 21:56:45.430432,4.832737222231288,74.46624812621444,72.22699564091468,7.935406206388468,5073.906061304974,0.47937899650750465,4.727409356914324,6.589160717945929,1481.5369965117843,88.28483849185665,15.766945432849527
2026-01-15 21:57:45.430432,4.507185032509065,74.25619279296566,72.64029895638494,3.9720762349892613,4925.880160650211,0.42725539173553445,4.59403696886233,6.608292047664171,1433.2404157064136,85.08728026493148,16.240752391637574
2026-01-15 21:58:45.430432,3.0795628843341776,74.12445965010858,72.60377423608803,3.2893966455634858,4962.432726519832,0.5485965171720317,4.345079755485216,6.677125211483226,1455.0318561452348,82.41406797519295,16.1211253449282
2026-01-15 21:59:45.430432,3.360211516632149,74.13898655903543,72.59916100420551,4.606909799298538,5076.004587049555,0.5071714468518662,4.650421290068523,6.7129380619880035,1440.242618238524,82.96550926142632,15.760427050067005
2026-01-15 22:00:45.430432,3.6875907111521604,74.01305440059303,72.50032380627138,3.4320117344397323,5006.555966233757,0.45868173573670656,4.619324227514143,6.67414649725888,1450.7255858527667,86.9832927565216,15.979048379675053
2026-01-15 22:01:45.430432,4.013045525105417,74.16744185435556,72.58295457815775,3.507537729994007,5044.242129140058,0.4803885194327988,4.471878753771171,6.6816011611808515,1459.1521948388074,86.2021058701482,15.85966691365753
2026-01-15 22:02:45.430432,4.258829510234562,73.2411319766917,72.82086782166172,3.9986853458020333,5102.5623471634735,0.5839089961062435,4.530669694202984,6.6736522636419,1422.5948682158423,87.77356131457043,15.678397353532032
2026-01-15 22:03:45.430432,3.637128093423267,73.91101776227906,72.4429811485916,4.077811094568372,4965.309779104909,0.4963515284059361,4.498505592057892,6.655066358843023,1449.8676751169303,83.63451431039152,16.111784271075532
2026-01-15 22:04:45.430432,4.093383382238539,74.07239658047503,72.52772903674202,4.04538189804994,4995.034283110398,0.4909133231192047,4.697257990444693,6.684846531748138,1473.814572979597,85.59316767430161,16.015906091075745
2026-01-15 22:05:45.430432,3.6223085338233387,73.65469577491415,72.28277474016372,5.518218950445411,4986.378654953456,0.4529309256930367,4.420370981100791,6.5290612266465295,1485.23003786984,85.85313582356736,16.043707374795574
2026-01-15 22:06:45.430432,3.6942410985040257,74.11589699534346,72.32634780768034,4.493810938914664,4902.270349775837,0.40527094247638484,4.514601060977573,6.655554417565242,1447.3997205348974,86.39053500050447,16.31896943497988
2026-01-15 22:07:45.430432,3.2966694515758888,73.93865863370416,72.51956265861867,4.8204854251275195,4984.480159812201,0.49199806632103277,4.45718546690072,6.597753748268888,1450.8336241443383,87.25456224686414,16.049818122460763
2026-01-15 22:08:45.430432,3.538383376944548,74.52664270949465,72.72078670934039,5.894232774500935,5044.053109369033,0.5162742556162309,4.356695959538214,6.708145128627208,1494.2266605720306,83.5654721883113,15.860261235434791
2026-01-15 22:09:45.430432,3.324157697191833,74.47190591756446,72.44874383514968,4.233677475218574,5027.029477090612,0.5549792232163835,4.719163825505499,6.642642234739157,1472.6984856319839,84.77165946447904,15.913970738500604
2026-01-15 22:10:45.430432,3.512063373511334,73.86025832926455,72.45281669413758,4.735454101295278,5030.954158469401,0.3875751732750172,4.381843342089759,6.6515474044133915,1437.6543086148956,83.77970050883971,15.90155614225253
2026-01-15 22:11:45.430432,4.52682089830392,73.95474868653,72.41862295109912,5.3657599860929155,4981.224550968025,0.4437451836488485,4.522012918748778,6.57474640628731,1437.6203309822774,84.89477625328725,16.060307898477134
2026-01-15 22:12:45.430432,3.5253005555840287,73.97781573031749,72.39304866583113,3.0584321993797787,4967.195138199718,0.4709629454721775,4.325929939361966,6.700841544450643,1469.1309892357453,86.39686556412595,16.105668848152956
2026-01-15 22:13:45.430432,5.316191032418695,73.86450215715212,72.55899429114176,2.6150944910494176,5063.462783594931,0.4998259575713399,4.460092946075691,6.681366406013691,1429.7792573990853,81.69192899947859,15.799464401948663
2026-01-15 22:14:45.430432,4.246658950440445,74.05850749520843,72.20054847096426,5.346117328797723,4975.134142682116,0.4927483154235789,4.542196882143346,6.677847394117025,1471.7545350267771,87.21874313891857,16.07996844018193
2026-01-15 22:15:45.430432,4.092418061847437,73.77251537933373,72.75618791533334,5.492014280566899,5014.704101939661,0.4939155657156365,4.417526602049763,6.609348857391559,1456.68599927502,82.7216357514725,15.953084842843753
2026-01-15 22:16:45.430432,3.570821109909393,73.66081539951874,72.36691554037411,7.064220134852411,5008.166734033877,0.5204048029284972,4.558680185073565,6.611318007753094,1460.3544152805414,84.38525936060553,15.973909066634292
2026-01-15 22:17:45.430432,4.350154939704495,74.18681336717007,72.64438069708763,5.15809487586681,5073.085850812856,0.45483534446104457,4.473095890811192,6.661179972722295,1444.865323930399,87.48788384993225,15.769494613851581
2026-01-15 22:18:45.430432,3.712181086881113,74.18885887526655,72.24600028052123,5.819739717258095,5048.570617883618,0.5467070721116847,4.616008251239862,6.615275079487597,1437.4035039150717,85.65601943596681,15.846069324377666
2026-01-15 22:19:45.430432,4.061004907322681,73.758705272102,72.63376802610924,4.8045273564140265,4935.237068966644,0.521672622084974,4.636176091334022,6.671744648133867,1479.2398566173665,85.67905989652732,16.209960916173507
2026-01-15 22:20:45.430432,5.280042269134397,74.26860662922878,72.6343889215629,5.297227221585087,4940.622341661248,0.48400838679359603,4.441325523926999,6.5419543698616645,1445.0652543889305,82.63874790940977,16.192292077337886
2026-01-15 22:21:45.430432,3.951970050137675,73.8105266812504,72.57684041440118,6.667256841749534,5028.945490903457,0.5800453995944458,4.507673285939296,6.62562277217967,1441.7812984685227,82.91182812835231,15.907907561278398
2026-01-15 22:22:45.430432,4.574636663142838,74.0759495714114,72.30111429564005,2.8760071818743644,4996.783117631042,0.5778208017785884,4.518345422647223,6.7398376732713245,1448.3972586424038,86.88251279333784,16.01030065077704
2026-01-15 22:23:45.430432,3.6484117874370563,74.24610320378373,72.54990963791961,5.413616257571681,4977.241410802312,0.5466447677596904,4.56193492954347,6.671974291399788,1453.8604426543588,83.82171290903122,16.07316049134621
2026-01-15 22:24:45.430432,3.9825057547515192,73.98991623058889,72.26338876305313,7.135586730077366,5050.781394199724,0.34907216147161035,4.501438199624427,6.65833968322655,1429.383497465611,84.0101762534003,15.839133345163452
2026-01-15 22:25:45.430432,4.885400317817755,74.13642227364234,72.44944734898077,5.282034219209343,5009.3729691044455,0.5789472546358988,4.519021095934284,6.749261326783568,1438.7025701158618,86.92790250210942,15.970062619294659
2026-01-15 22:26:45.430432,3.6865164711061165,73.84507110683373,72.70588262019106,6.650572963232848,5002.622869344472,0.5397379261235967,4.475659352520488,6.533202319059929,1437.6393585218789,82.90017290926095,15.991611218633189
2026-01-15 22:27:45.430432,4.906224278998464,73.94106002497158,72.65934038541415,4.370787850470558,5038.991432037753,0.6003204318856469,4.511523986697202,6.609234444260595,1466.905606092137,85.53847026577252,15.876192900698829
2026-01-15 22:28:45.430432,4.353875967727737,73.9382421707359,72.50303658850808,4.967952505836286,4981.244550252822,0.561873229586677,4.629794019353513,6.629941341412631,1432.2807486400022,85.08581465233539,16.06024341766951
2026-01-15 22:29:45.430432,3.718766612052866,73.77602649603793,72.30503868481543,5.033524702388587,5078.425949273627,0.5789171338748643,4.564608324121186,6.69291756165027,1414.884642844839,84.99462854827351,15.752912575488569
2026-01-15 22:30:45.430432,4.316203869527761,73.94696775106526,72.62911754243484,2.7824089206412292,4960.597618838349,0.5439327425090189,4.5701255639443366,6.693782818161412,1410.658108741877,83.963128736245,16.127089142685602
2026-01-15 22:31:45.430432,4.486277224813365,73.53541451034087,72.50387624753961,3.8318221721498,5032.8464533171045,0.5674346599322756,4.5723070324135575,6.606699664550869,1420.5923973064857,83.84028963707334,15.895577332241619
2026-01-15 22:32:45.430432,4.310904981108598,73.85265387585737,72.03593688035392,3.9031249206160137,5071.691641932992,0.599706187036722,4.484619122211896,6.699897716107128,1477.2307640569622,82.84327167241027,15.773829650556063
2026-01-15 22:33:45.430432,3.214887640054772,73.9145373519891,72.6565259652633,5.8220660780325275,4931.135225536395,0.5108277369189103,4.531882704357953,6.629834261633915,1450.324131989681,85.9653300520826,16.22344477306396
2026-01-15 22:34:45.430432,3.636431412087566,73.92314607425139,72.49515343322606,5.872153105684055,4982.833241207378,0.4213884727960935,4.391482632166426,6.710581981282458,1460.0249817361441,83.66370161696653,16.055122884388442
2026-01-15 22:35:45.430432,3.8762406822242474,73.92755076623877,72.74049024959662,5.324036442706533,5057.110369644278,0.4846269549992429,4.626880765631696,6.5983678650938975,1460.7297545424267,86.93748924233451,15.819310664091216
2026-01-15 22:36:45.430432,3.962783285449977,73.98147074004196,72.28094589623144,5.824102896855706,5057.862227386551,0.5194972799691718,4.221703956765678,6.643834420046693,1451.1236783678464,84.55088991681869,15.816959103161812
2026-01-15 22:37:45.430432,4.310336048775339,74.14383245542582,71.8646592373608,4.835850587278226,4991.425219980588,0.5037443792185778,4.4912851607664575,6.625491634231173,1448.504374066974,82.88309902115792,16.02748643408728
2026-01-15 22:38:45.430432,4.088850500466627,74.26235512223975,72.55581677166904,6.201931669539543,4963.266445316157,0.4376719016920287,4.614089597715028,6.702801518578286,1470.8905285963629,84.52437223570315,16.11841735305106
2026-01-15 22:39:45.430432,3.3323278206449496,73.80507043194552,72.5583127353364,5.0087884426320715,5047.796791116538,0.418446618740251,4.363613206637066,6.623860939171692,1452.9199182862528,84.17828560172705,15.848498525295142
2026-01-15 22:40:45.430432,4.190098925502982,73.63903974338325,72.1618656744787,5.057864047426756,5059.17745512908,0.46294186656825853,4.539977991761685,6.647877573549413,1477.9819495852682,87.01820682345611,15.812847189001966
2026-01-15 22:41:45.430432,4.305292872641911,73.68738667632707,72.30430009082667,4.734407366737589,4941.766832574381,0.5403869777992075,4.431923355342097,6.6753405698831525,1462.4165989057974,84.26199962149694,16.18854201551321
2026-01-15 22:42:45.430432,4.27989522396552,73.85383912364152,73.05104354874398,5.684450477636428,4939.804317551681,0.5790169885411485,4.463119673481113,6.677262924151306,1437.6440745303794,84.44757923759934,16.194973496369276
2026-01-15 22:43:45.430432,4.540390362777311,73.89442360465505,72.43887787716923,4.578801183387087,5011.26283409918,0.5458283806888851,4.594594096063944,6.694347630373659,1440.0573195226013,87.82309341098487,15.964039933335634
2026-01-15 22:44:45.430432,4.416961077274452,73.76900118014076,72.64619179527524,5.976431377198068,5031.468031671445,0.5528713643557068,4.519805692588515,6.660556238842234,1435.4507038709144,86.0165346429267,15.899932086704354
2026-01-15 22:45:45.430432,4.2295900396142185,73.61116500072504,72.36986803452632,3.867850859283993,4985.046545738497,0.49595922134182213,4.296564413211564,6.629087554236008,1474.3509604390142,88.325412032007,16.047994590619936
2026-01-15 22:46:45.430432,3.9649171442706765,73.86316375175774,72.08193942022938,3.901083745271806,5033.964690999117,0.41289587711470177,4.40235744602684,6.632515062732063,1441.898980941089,87.51809000812781,15.892046311536998
2026-01-15 22:47:45.430432,3.1695195332420045,74.05442798603418,72.46594835064082,5.687426755126504,4964.493169658131,0.4772389709558647,4.597533573488876,6.651283615760381,1434.0305440640072,83.22567482327429,16.114434498357667
2026-01-15 22:48:45.430432,4.214809109566293,74.17850883975066,72.44687908794278,4.911455785416988,4894.265320046313,0.48706177940638107,4.5448942718193,6.662479623803719,1456.3955608225365,86.97990170880021,16.34566063926485
2026-01-15 22:49:45.430432,4.103843843581555,73.8327730840675,72.42002435226632,4.5461085838468716,4978.80494638337,0.4751473756582159,4.6748135572524285,6.642641417607579,1448.05665787255,88.05060658414918,16.068112902899
2026-01-15 22:50:45.430432,4.135789418597687,73.87610065335697,72.47707183289872,5.8900577324754595,5003.1616073256555,0.5027347432687314,4.66826475940133,6.650960171048277,1455.8913702515033,88.06562626464684,15.989889249802282
2026-01-15 22:51:45.430432,3.3616257120898454,73.72199050734581,72.55285365432913,4.392738585913915,4986.208002005177,0.5220709879946476,4.465775486985321,6.574137306971395,1487.7962780778769,86.97619196715337,16.044256470614226
2026-01-15 22:52:45.430432,3.459471729795869,73.99056824888757,72.46997660974924,4.79979874569963,4942.069836817026,0.5426507594121749,4.750323780506949,6.6833677642227345,1468.2614161185772,86.93504598981835,16.187549476541705
2026-01-15 22:53:45.430432,4.526576426666452,73.74547140974276,72.24719876641053,6.399227950071159,4909.217551206059,0.4860940067816833,4.502447966985191,6.659055614444472,1450.5402110860382,84.3946779126489,16.295875903960745
2026-01-15 22:54:45.430432,3.9802224230716723,74.17193834397236,72.5972369583124,6.53914234581065,4974.295559781605,0.4048120297177703,4.403733146559097,6.700093520677055,1421.83153231588,83.32523583130084,16.082679253484564
2026-01-15 22:55:45.430432,4.340750348686313,73.46424005241977,72.11012564893552,6.572398210270327,5044.882788582488,0.47585611403544326,4.436636013408942,6.650008025370354,1440.0007500558272,84.29556536220508,15.85765286381974
2026-01-15 22:56:45.430432,4.01415918806523,73.89211109826427,72.08992850854315,4.717874223066088,5062.809871970684,0.5021855198495991,4.274327489471058,6.563080121073911,1464.220922050906,81.67042199713447,15.801501937275049
2026-01-15 22:57:45.430432,4.014878069747873,74.09033220175752,72.64783609894032,6.23070290498447,5059.385669206923,0.5611403961066704,4.660701900824928,6.632077690534667,1426.5791792067637,87.68559063084341,15.812196426713658
2026-01-15 22:58:45.430432,4.469141902987999,74.05515035489675,72.60140405442708,4.051047172231322,5610.448587430004,0.47160960789079476,4.659476198904386,6.6400035038440794,1492.819405926607,84.43341408116457,14.259109365913616
2026-01-15 22:59:45.430432,3.7419776358913133,74.80791009919415,72.48852092698519,4.093097125277939,5608.49970777607,0.5256271814199701,4.398449256118668,6.68714516527168,1450.288331252711,87.58266145812992,14.264064218293823
2026-01-15 23:00:45.430432,4.048060388470492,74.10494000737037,72.22091029904898,2.649544147375639,5571.904404625835,0.5145043949817716,4.477211571161809,6.546486322774331,1450.9769678641896,82.5370008455568,14.357748121734362
2026-01-15 23:01:45.430432,3.768862355647479,73.6987836209474,72.35841781186518,6.67286820189853,5617.387526652912,0.5021950266561694,4.5095607544112575,6.6520589758474475,1436.6670961408404,87.16524984200441,14.241495645515403
2026-01-15 23:02:45.430432,3.782751886283842,73.97136072587328,72.4474506504627,4.136020150923922,5555.297519732701,0.5465266659662296,4.403964694785788,6.675683760789665,1459.9347551355145,84.01023868364136,14.400668859919005
2026-01-15 23:03:45.430432,3.8454139382656805,73.46712609996007,72.18082120628517,4.87346742025294,5580.37447022719,0.46695794016237097,4.324489796872884,6.616925605735925,1426.8399638695553,82.43126118338165,14.3359554859305
2026-01-15 23:04:45.430432,4.111066885816856,73.97582007521098,72.35219426839535,4.089675658071716,5540.027365613066,0.47124067751782417,4.478964239622309,6.653731400490843,1493.297851782029,88.25423610431952,14.440361882787759
2026-01-15 23:05:45.430432,3.7606256891682612,73.75008318289977,72.63046606763534,5.695165248330141,5646.758795508885,0.49940495884528857,4.467892057054075,6.618648174542508,1476.3470260930403,87.21462333868155,14.167419381119574
2026-01-15 23:06:45.430432,4.627878062786761,74.27461708266804,72.78546107285784,4.62436633928266,5593.053515181641,0.46799267474531503,4.4611588759011225,6.613521353338981,1469.685928903941,85.42358484037157,14.303456918988893
2026-01-15 23:07:45.430432,3.552696348890248,73.83513791762134,72.4161130494683,3.6951831095670506,5665.006521044489,0.52540061455273,4.522271606260096,6.629579007493435,1422.1914198842037,85.06787577026992,14.121784273824623
2026-01-15 23:08:45.430432,3.9065641779193205,73.96497022526142,72.65129767086322,5.4416625641860605,5624.088497795585,0.46434038478169337,4.642951965852599,6.61446540037665,1454.108265409155,85.87902003763824,14.22452723340978
2026-01-15 23:09:45.430432,3.7801344708629125,73.80933264757869,72.11718798588251,3.5662699751897717,5613.442946400531,0.5113152103872567,4.469690728030828,6.684180915596817,1474.18172796028,85.38925715583483,14.25150317975492
2026-01-15 23:10:45.430432,4.723488942176866,74.521655405556,72.63189024822272,4.162594274684508,5582.41316917157,0.49499136156066215,4.517044299872136,6.613252406158232,1461.8621079871548,83.41544809165705,14.33071999073691
2026-01-15 23:11:45.430432,4.098277388255787,73.90362717016463,72.33921031705451,2.893110885373919,5568.609498929377,0.5107462982388353,4.572687052374493,6.604854499647604,1429.9578179073244,84.17589546043016,14.366243496761772
2026-01-15 23:12:45.430432,4.515922269734317,74.54976711304376,72.5614691233416,3.5760418878023934,5615.689147216908,0.47701293024684804,4.555414292651275,6.738396433341977,1436.9981248938268,88.9214356640774,14.245802768418436
2026-01-15 23:13:45.430432,3.2572198134815142,74.24424552863547,72.45044951635205,5.178529169720478,5597.85457972181,0.48304558527365865,4.438557647555216,6.698037000591202,1440.9612772398802,90.34431348525602,14.29118939420103
2026-01-15 23:14:45.430432,4.133525132934629,74.14462001820061,72.76408280195676,3.0354639618970753,5559.821890535441,0.5048004633998525,4.509637712311403,6.55692433196704,1437.931243310228,88.12533701046137,14.388950145360782
2026-01-15 23:15:45.430432,4.444815397811719,74.11061994419525,72.32511287033202,3.5188542753782843,5554.49424750475,0.5101037253080656,4.554753982016905,6.611761585507374,1480.5755767142061,85.95644788032524,14.402751436089515
2026-01-15 23:16:45.430432,4.041141994637712,74.11813918946487,72.62552125951237,4.997631083867192,5571.238888125693,0.4997899042304422,4.387164866248923,6.662123148586136,1411.579737223535,84.32450193459613,14.359463237253866
2026-01-15 23:17:45.430432,4.532740187532676,73.42169822619631,72.4440985073407,4.456393103906947,5654.629016757987,0.5852681178256542,4.626353901079651,6.666187753361575,1463.1183827931768,83.40362821220607,14.147700894773646
2026-01-15 23:18:45.430432,3.741355774949814,73.91633498175477,72.46833890439807,6.992036635959309,5666.3983375403395,0.4504631540629358,4.643158890521411,6.575475356713156,1424.153932501431,83.5354351791396,14.118315592109653
2026-01-15 23:19:45.430432,4.70467372009279,74.2535473913553,72.46322922136815,6.833896546024375,5067.136093067559,0.4967898102523643,4.427721974455551,6.707928274641117,1430.7749702509786,83.89346468262647,15.788010925826416
2026-01-15 23:20:45.430432,5.149449061809625,73.98533084495777,72.33086537910118,4.132077537248846,5013.258196137329,0.42131854889415077,4.519367001834817,6.691261220959082,1409.8053326626257,89.30232808285155,15.957685973892048
2026-01-15 23:21:45.430432,3.8185807197801704,73.57844304595893,72.49718020681867,5.557137618403482,4967.550073976342,0.5186040739333693,4.564227825667103,6.674095081602017,1439.0189113768226,88.6125645927652,16.10451808409511
2026-01-15 23:22:45.430432,3.777248739299614,73.98427866482676,72.48747035557564,5.749282556879451,5044.180339299708,0.4442376731811593,4.445438584367125,6.717836424535607,1480.2146330307842,86.49255677987078,15.859861190273488
2026-01-15 23:23:45.430432,4.726692238558851,74.51123165487665,72.54824804968135,4.402521141975597,4931.690083116554,0.4860844872061712,4.548161384568809,6.672614499628546,1455.2964848492957,83.07877364717434,16.221619495895904
2026-01-15 23:24:45.430432,4.789786072865356,74.37406751466041,72.51690102913857,3.504458463501796,4945.929330963036,0.4813967837334337,4.516325562629216,6.672429043962593,1426.0327690600182,86.78611185342207,16.174917724597368
2026-01-15 23:25:45.430432,3.7385699864233657,73.9813987971902,72.65959890992245,4.987701550691942,5016.792363236003,0.5140445563300585,4.35320818223612,6.727883963591112,1470.3429534875863,84.5227659429788,15.946444302988303
2026-01-15 23:26:45.430432,3.7899065914520715,74.28543478311742,72.68470172320947,4.827154325185889,5025.819833389329,0.47236045412274097,4.545916131597856,6.705060979036386,1474.6260852713738,80.69398112271176,15.917801006020015
2026-01-15 23:27:45.430432,3.8591076955697465,73.89004789388959,72.28987533563443,4.564235503029381,4937.7474388248,0.4702347151153009,4.389985758372896,6.607924627054424,1452.0809296207817,85.57420127480252,16.201719709471462
2026-01-15 23:28:45.430432,3.3277747444828614,73.48883852395198,72.67375450011815,5.442316868164485,4980.859125950663,0.5717928232042949,4.593920285166205,6.681659758933596,1490.6949831630518,83.31617391833188,16.061486176791025
2026-01-15 23:29:45.430432,3.540674026757901,73.72266020356113,72.26273271457804,4.249270392994402,4969.695808389017,0.5142283395237263,4.432878892486611,6.616786606752071,1466.4312824924923,83.38389314181993,16.097564737253588
2026-01-15 23:30:45.430432,3.497929616623966,74.46886663055245,72.61757117762755,3.848002452420857,4975.66618385592,0.4719474573988866,4.483871456633885,6.675207727547514,1463.6530501458517,84.49918401286398,16.078249031168635
2026-01-15 23:31:45.430432,3.6161012174479357,73.9178020754512,72.62394775694058,5.1090829703498315,5047.179888813647,0.4874583164094385,4.637227891344658,6.673830675350991,1433.9324258566742,84.00335405411518,15.850435641754828
2026-01-15 23:32:45.430432,3.9826575563066093,73.92698480618749,72.1177366216675,5.385970092568876,5035.325273177363,0.5822677476135373,4.549638164652885,6.5808266343772015,1462.5479697124267,84.93148636179198,15.887752162934024
2026-01-15 23:33:45.430432,4.11710736626826,73.91004854111753,72.51859584930588,3.823355056099947,4999.043891007314,0.48824175608744513,4.392052608042546,6.6439077194344485,1454.3358255520898,84.83533889996559,16.00306013394091
2026-01-15 23:34:45.430432,4.7752502464070385,74.5712409768719,72.40630077732794,5.928090610991081,4972.701903644253,0.46553616884238064,4.398508342920092,6.66326285117902,1460.3965800534206,81.24838181430474,16.087833445510146
2026-01-15 23:35:45.430432,3.5008229796306045,74.48778767460863,72.34824694841292,3.229518862223922,4932.517516488993,0.4657501924936804,4.440069721137627,6.628185490450292,1436.3082876171734,88.04055597776566,16.218898307520792
2026-01-15 23:36:45.430432,4.492161199238292,74.66563407003444,72.7701704661398,4.421886541284357,5071.0092469390975,0.47254367595052116,4.539464408335666,6.665735497119538,1452.5619776871797,83.03324655410265,15.775952301465166
2026-01-15 23:37:45.430432,3.8930055778872457,73.95228643687999,72.36926417187252,4.741991463802391,5029.605695014246,0.4702751138786639,4.5358299814932765,6.690294888850054,1433.6627699957007,83.09520322973906,15.905819432187798
2026-01-15 23:38:45.430432,3.9752681451737835,74.08868734662413,72.33872461417639,4.36377628734807,4964.666544796343,0.4360176075825378,4.415689769533713,6.6484703467884625,1407.0573580006794,84.3428934964194,16.113871753149475
2026-01-15 23:39:45.430432,4.337409746083302,73.54500723517376,72.51513898800101,4.434939526448807,5035.979974881245,0.4437899951526511,4.3832790514385644,6.661229973835414,1469.9660913715677,84.78333030526142,15.885686678467483
2026-01-15 23:40:45.430432,3.438638989218851,74.44308032783549,72.63711794925969,6.871074482308114,4996.488818971268,0.4585339812819315,4.5281583405085835,6.719171203927799,1419.9522203662098,87.91795963366368,16.011243675007616
2026-01-15 23:41:45.430432,4.191204873092025,73.64966613461962,72.47167028279797,4.149115910961101,4985.644524756883,0.5295785509226549,4.4818139934209835,6.673659829161262,1452.1437292956484,85.5388469041098,16.046069791528325
2026-01-15 23:42:45.430432,4.083226104106528,74.06503266912878,72.73327410913384,7.441221722471914,5021.76057641448,0.48093813563635635,4.715721588744774,6.660041214483724,1456.6600425889808,86.13293096821907,15.930667896779683
2026-01-15 23:43:45.430432,4.246225632004075,73.67080924171015,72.60619513239281,5.437126779731052,4962.925087504364,0.489641915545298,4.503660365656308,6.602096031017933,1456.531260317261,85.54907237516656,16.119526003208016
2026-01-15 23:44:45.430432,4.144584321953909,73.8233399519784,72.06435773605371,5.092055137311992,4982.812174024494,0.5635044012627448,4.681425282770028,6.683551300569443,1444.338418528035,85.46292316499755,16.055190764974384
2026-01-15 23:45:45.430432,5.227650069955447,73.74882127068508,72.3941066072986,5.476240353387666,5006.073053209977,0.5647503574969209,4.382961640189566,6.666507497469597,1455.4242295055994,85.61945900617401,15.980589805556807
2026-01-15 23:46:45.430432,3.681130007874342,73.81763742179726,72.38763158012966,7.529927749251952,4975.02744035574,0.48589375284311326,4.342678706043829,6.714186971685071,1459.4193413957032,81.13453171486212,16.080313316679835
2026-01-15 23:47:45.430432,3.734501522499091,73.83826318905531,72.59587219068588,4.006406996068552,5033.4542605133765,0.46845682446582954,4.387991486747446,6.652343927165166,1464.6992963150396,84.50016303032095,15.893657885716152
2026-01-15 23:48:45.430432,3.6884297367876178,73.83551936152247,71.97503658872517,3.879582081063611,5093.453325183913,0.4567784843163231,4.618912978145347,6.559186674993301,1484.6688267876852,87.32452222114232,15.706436260925466
2026-01-15 23:49:45.430432,3.7222614404198726,74.25000017353409,73.00980194174355,4.245133803428079,4962.285093369643,0.5346387884854119,4.675610158969353,6.564993956558587,1454.6838830299641,92.88466202161337,16.121604965198795
2026-01-15 23:50:45.430432,3.681306436346741,73.66854116208124,72.60620521897884,5.032143146964561,4916.7437351847975,0.4897646383238856,4.421782054604736,6.686784038187987,1451.280976900354,82.59138213492098,16.27093139459569
2026-01-15 23:51:45.430432,4.594508265553776,74.06616242810416,72.52977536078353,3.2742288751874264,4899.912991626187,0.4806752554838605,4.4539433970240445,6.621490320115092,1431.8654206929982,85.8461599206487,16.326820524510893
2026-01-15 23:52:45.430432,4.710252123994928,74.36538774569166,72.73631354328383,5.022339239318608,4992.476592925251,0.45931677124312237,4.38310190897875,6.671838387555526,1458.7189264779868,83.85790684425132,16.02411118228708
2026-01-15 23:53:45.430432,3.714626853125262,73.84604109064598,72.96873081056252,6.693547133413672,4966.841770493691,0.46151667954943054,4.318836015288161,6.655711632225118,1463.3476620628114,89.0953038077937,16.106814691632145
2026-01-15 23:54:45.430432,3.5838222134478857,73.78462433277572,72.67414932891768,5.151407390624778,5010.393025053354,0.5160029095746622,4.571841169777663,6.641658016615304,1446.1539363143675,82.29243447841704,15.96681130601488
2026-01-15 23:55:45.430432,4.235707778193202,73.93084261244593,72.68976261929433,4.707314541024723,5006.629883601305,0.4342280867056369,4.522302030296216,6.645181935720589,1460.8922500836807,86.24987898063176,15.978812466651803
2026-01-15 23:56:45.430432,3.7238884778595143,74.35391756250822,72.52613800489287,4.381839551316372,4919.839157669295,0.5497434346893969,4.501048798267387,6.606730524747739,1444.1496761290132,82.18557780099162,16.260694188608166
2026-01-15 23:57:45.430432,4.316465908877755,74.05823228928601,72.47169484932661,5.898511704551565,4909.25580852593,0.4733077678092541,4.359994346283662,6.649211115555016,1463.4198530417784,84.36286666387834,16.295748911894872
2026-01-15 23:58:45.430432,4.10146151042565,73.84063571161772,72.40484091119902,4.174167226761952,5014.796662017305,0.4925182027874104,4.663995668182866,6.62077532836028,1468.2520462805949,84.93137333850038,15.952790390471858
2026-01-15 23:59:45.430432,3.242127942501384,74.14516299535642,72.3347776016571,6.846395920599248,5006.7714417359975,0.43315110209297225,4.449664326195053,6.631387173993715,1467.9725573346097,87.13938336347921,15.978360692307056
2026-01-16 00:00:45.430432,4.773752600665031,73.66931235504907,72.3625971800601,6.933359747714357,4978.709100081673,0.49938170308788177,4.553362642481647,6.633817547764543,1452.356886522826,82.84566634768295,16.068422233925588
2026-01-16 00:01:45.430432,4.897938836547761,74.20440785313288,72.2298888071314,5.256750798661788,4917.142820743385,0.483583952865472,4.354543859475528,6.638665336505064,1429.200636967659,86.32676609769477,16.269610811895316
2026-01-16 00:02:45.430432,3.693605654757807,74.12258219231053,72.48482570986299,4.988484911923355,5023.56956313825,0.49749597005717666,4.480947481037997,6.696108672825354,1437.7617389471636,85.0375554467759,15.92493126541351
2026-01-16 00:03:45.430432,3.8061492200320077,73.90765745865833,72.16306648455472,6.030659808241559,5063.594977271197,0.5735854449180945,4.529137445623858,6.643510458539765,1461.9031464776945,85.54558677257197,15.799051930317004
2026-01-16 00:04:45.430432,4.142932695362452,73.74842426046582,72.53818330482875,6.094798502227325,5013.8991220109465,0.508884902289512,4.532707521805331,6.701185116829505,1498.9762461148046,86.91666542937028,15.955646105602947
2026-01-16 00:05:45.430432,4.167228394993512,73.73399572331496,72.49273387839153,4.194008268940585,4957.6263054717465,0.4602670407927098,4.515464854323662,6.726892747566325,1443.1855845693583,82.43488661398942,16.13675478357531
2026-01-16 00:06:45.430432,4.3292721363364155,74.16044520090378,72.52938705967733,4.473444866863298,5002.227608278557,0.4644340044726716,4.549452249204878,6.692747232552808,1459.1167535677628,86.62118994629718,15.992874827927075
2026-01-16 00:07:45.430432,5.005102269383174,74.36869415074672,72.395573685996,3.6776525653167047,4931.694295953315,0.5297565592956884,4.386947954396704,6.676723426753426,1438.878948850412,83.86219029382116,16.221605638784975
2026-01-16 00:08:45.430432,3.911526386252975,73.80880767589136,73.1153720740361,5.409064938334057,5052.898035691939,0.5649346645496712,4.519737260543966,6.666341610474176,1430.520659115018,87.19174690995365,15.832498387045893
2026-01-16 00:09:45.430432,3.6008513777307734,74.13751601106544,72.77202318003606,5.666627883456891,5004.092216726477,0.5140959010375525,4.511375768348028,6.6932679354525035,1436.4736827284528,85.66911526907576,15.986915615302857
2026-01-16 00:10:45.430432,3.3103403859927365,73.37389189441937,72.25109149998306,3.650074362138727,4911.5921544123385,0.5344356372277385,4.523167268419506,6.654468036929813,1408.3505604659465,84.5809432369659,16.287997350946952
2026-01-16 00:11:45.430432,3.6345349800290405,73.82461468080284,72.54657361748538,4.544801095183841,4984.966281977816,0.5304868861668353,4.5072345217319185,6.69922849229786,1477.068701258155,83.81994806181835,16.04825298201606
2026-01-16 00:12:45.430432,3.9834365135631016,73.99068232013873,72.37839877141253,3.652746082418651,5023.165075511712,0.570953220667876,4.3726787226086605,6.680705290264485,1405.3973949417077,86.64658998871066,15.926213611813337
2026-01-16 00:13:45.430432,4.897278931758894,73.72709497490546,72.29710405465852,4.101200189756162,4983.347618951224,0.4025204913636984,4.368220024789102,6.632007976960981,1444.7234353919873,87.52190337096185,16.053465685549845
2026-01-16 00:14:45.430432,3.7411943504819143,73.71904808756312,72.2319855857752,5.551017060226299,4986.205213927991,0.5333609469652264,4.278573181411545,6.694792544005141,1426.437442092999,83.93429691827963,16.04426544189068
2026-01-16 00:15:45.430432,4.1118939758194495,73.79966613305933,72.58644333815185,4.266517933321721,4938.779889647636,0.5491868021951782,4.58175345098453,6.6545740002988785,1432.312395692756,82.7339868684372,16.198332743617716
2026-01-16 00:16:45.430432,3.991788551963624,74.08765781849792,72.36372395298609,4.699174043967702,5028.327049354083,0.4330638146932213,4.58276575097352,6.644693399619385,1477.5304531947734,86.38842208589045,15.909864098890793
2026-01-16 00:17:45.430432,4.594196636724042,73.94380129447809,72.69356520480504,3.3726882720526845,4967.576539999043,0.4557165907996792,4.584355029122212,6.626190041980051,1454.0213398006279,82.1029381159326,16.104432283194452
2026-01-16 00:18:45.430432,5.263466212936811,73.3285306300025,72.69875644290609,5.186990209724664,4892.177731149748,0.4574608625685923,4.530678996246145,6.658300942393729,1430.692076816366,82.38897512483406,16.352635655613966
2026-01-16 00:19:45.430432,3.7345656135398397,73.36378995420948,72.77478287704228,4.955726680155351,4981.43713146648,0.4635604901811308,4.286688078228189,6.69982313077065,1438.2096573500698,82.8745994489442,16.059622532353202
2026-01-16 00:20:45.430432,3.755280278740889,73.81794044664285,72.32952264678518,4.271040749966838,5049.057485778518,0.4759141474532237,4.397328950821473,6.694447000279652,1434.6903755911583,84.1690990339225,15.844541327828583
2026-01-16 00:21:45.430432,4.522080438534536,74.13730597581606,72.5950731221384,4.8109857023175255,4980.653527670002,0.5121301406527471,4.517041541759311,6.667669689872948,1449.1290865584224,82.32733622156911,16.062149184953398
2026-01-16 00:22:45.430432,4.340945744813156,73.17574854718242,72.62649084332845,5.180294880503444,5086.899249256176,0.5432837325583685,4.5135518002791795,6.679982182036252,1453.4578336957538,81.12240018123684,15.726672788280185
2026-01-16 00:23:45.430432,4.923353662868017,73.85008094715451,72.40516436497921,4.185131851090656,5021.448397427426,0.5540658478884268,4.477725178684798,6.713584839576129,1487.911495464571,82.72911161132575,15.931658292253955
2026-01-16 00:24:45.430432,4.291964092662982,73.84212564304477,72.34564560852142,3.5237374559982206,5016.937908114019,0.4581088469416109,4.536891720290825,6.642501685441458,1411.6739846800458,86.28494889314524,15.945981685484686
2026-01-16 00:25:45.430432,3.82035395460647,74.41650133346253,72.8219041331552,6.805574432686815,4993.58008670412,0.45776485006485085,4.501165170768525,6.59422899982349,1449.303753704841,82.45691185574647,16.02057013424248
2026-01-16 00:26:45.430432,4.295327415346154,73.88449345648614,72.54549917514642,4.366727295289728,4996.585689611786,0.5657910920008111,4.512077046555136,6.715056492608929,1443.6886461493095,84.31946064409166,16.010933259150345
2026-01-16 00:27:45.430432,4.554351790291454,74.11489669542227,72.62719355014235,4.903239896813111,4986.828818244025,0.5323371967709323,4.436093466716798,6.623511087398464,1468.9309705543355,88.89339692473112,16.042259102081992
2026-01-16 00:28:45.430432,4.410241090598682,74.04237714202624,72.33558479763441,6.010839735020314,4984.886530395874,0.5041432420934499,4.598201098612159,6.615483093832805,1457.0963623635678,84.90165173994582,16.048509732807663
2026-01-16 00:29:45.430432,4.2536370155536485,73.36083005605784,72.25614310669556,8.529055187570485,5026.543358103358,0.5236668337777484,4.456922839131962,6.560190112233273,1461.807244162299,85.68506197945919,15.915509784876505
2026-01-16 00:30:45.430432,4.533337344794577,74.23046216498952,72.38611004510157,3.755513550111134,4953.208438510472,0.49850981090742796,4.366935091697937,6.678564152658216,1456.9017237203016,83.1079199634969,16.15114748210709
2026-01-16 00:31:45.430432,4.584647795222836,74.06461895163689,72.475195722522,5.44982721372651,4946.205308563787,0.5262292341523808,4.422900098718127,6.568927368772389,1431.3601774943293,89.32694970740029,16.174015231735158
2026-01-16 00:32:45.430432,4.691079495518764,74.15248059190237,72.28715599863654,4.292447714705894,4943.840247456231,0.483196665174713,4.465153380863802,6.612487059615414,1474.2253099298603,83.91741102172314,16.181752644851873
2026-01-16 00:33:45.430432,4.324354943794821,75.1778713119309,72.49803103826993,4.461209695423289,5102.2827273838575,0.5134402467219615,4.599400278836884,6.679411839725753,1465.9700980923135,84.54379063109697,15.67925657483492
2026-01-16 00:34:45.430432,3.916440959841573,73.37476611815042,72.1622989623863,4.27978797899321,5026.517145083529,0.42447269748152516,4.4957732001565205,6.686096062620419,1468.310595834495,87.63411735593473,15.915592783414366
2026-01-16 00:35:45.430432,4.073356843216661,74.51740899492833,72.27599051550602,3.874345032199415,5015.2246100840075,0.46561078525872845,4.4813851781034355,6.617414792589089,1475.2810034101433,84.63653151029276,15.95142914220545
2026-01-16 00:36:45.430432,4.603254483254179,73.9137657441799,72.63418224965538,4.958708638215339,4947.124266485328,0.46614944116048285,4.375133657523738,6.64329233365038,1458.3535020130391,85.09577756535043,16.17101081166813
2026-01-16 00:37:45.430432,3.591532164506382,74.0861986713209,72.62075810405558,3.5254973129517646,5031.1671150337415,0.4812804983396543,4.578548258982957,6.606370273679692,1479.6198480823498,84.43662335842174,15.900883069646055
2026-01-16 00:38:45.430432,4.184336654436451,73.98634632640963,72.42162464692262,5.94680756651187,4994.1714326773335,0.4536743372610126,4.434804784597661,6.622580160609441,1457.5527914357328,84.45033524388555,16.018673183013394
2026-01-16 00:39:45.430432,3.8033305938363196,73.87272909998059,72.2964471381846,5.055002936033374,5010.708447056588,0.4733228187088459,4.489997214105866,6.663310763007646,1445.6188282395078,85.74100402165618,15.96580620191421
2026-01-16 00:40:45.430432,4.014372411467408,73.82905012152837,72.2945192896948,5.42243497290144,4951.168984206823,0.42427929688009397,4.6480183076881865,6.624917666060178,1449.8679217903327,86.1058863783962,16.15780036092143
2026-01-16 00:41:45.430432,4.639225931303649,74.0988526206719,72.42534635081174,4.533811388053777,5008.013442870879,0.527435023819745,4.550876333104931,6.637789247991217,1449.5231246372778,83.71350313757486,15.974398014822308
2026-01-16 00:42:45.430432,4.095549534009952,73.5448478909985,72.62890369832905,4.632796065788252,4978.8083230896755,0.49587432405443027,4.337174595228483,6.576764665919122,1439.6121735581892,83.46783908770614,16.068102005251486
2026-01-16 00:43:45.430432,4.023218274078074,74.22517375025653,72.68564913826887,5.287563905167328,4961.719442148491,0.41473961961119915,4.323048976364753,6.706647808240307,1482.6377769674043,83.78172782228488,16.123442877568046
2026-01-16 00:44:45.430432,3.3200719295100405,73.87514167853442,72.40069365290361,3.8359493675941745,5036.705316790362,0.45825850447266636,4.493568954988075,6.675503329658554,1455.9259073100734,82.19749197160047,15.883398961879301
2026-01-16 00:45:45.430432,4.3731267830136105,73.66097919828789,72.26930151480305,4.642009565586664,4923.1146095735,0.5168300713781083,4.3787259385125195,6.68964526859186,1451.8947695166582,81.8191394829614,16.24987560607096
2026-01-16 00:46:45.430432,4.322742090570538,73.86499614260126,72.55356872757326,4.140386486121546,5028.2388132157075,0.4728489026807105,4.5648546747633,6.714521266230843,1457.7654850985286,85.59433429444981,15.91014328709611
2026-01-16 00:47:45.430432,5.08162736165273,74.37714476505877,72.33529300587483,4.109431189408985,5034.22430667765,0.4651529269930952,4.504226306496498,6.608739356222714,1509.597090334743,86.87719160635022,15.89122675640097
2026-01-16 00:48:45.430432,3.8461108825234995,73.83939947389513,72.39634947222775,2.8901617593743585,4956.017816222438,0.4962703661495962,4.516538476902387,6.632080275848599,1427.3655162280068,86.74209058629043,16.141992011840134
2026-01-16 00:49:45.430432,4.10957516383197,74.10753608546288,72.76505521808741,6.33932658948,4958.983576943377,0.5171798767589109,4.429325681835765,6.5552582816208895,1433.0992297656744,80.23601745372669,16.132338161383966
2026-01-16 00:50:45.430432,4.124691841855378,73.78071311728536,72.66542308571316,4.313461246846231,4988.84871593668,0.42818237714804197,4.674138365528671,6.807021145505113,1422.3885796510601,84.50986982591348,16.035763871620954
2026-01-16 00:51:45.430432,4.788726639881737,74.22737655497708,72.53159486245029,6.16337605516355,5014.101810523111,0.527506424060894,4.784259372801046,6.6425207342341315,1445.3480152312902,82.79581608881489,15.955001119463459
2026-01-16 00:52:45.430432,3.952352233806524,74.20565232163706,72.24561619977746,6.068792321394293,4992.357250409289,0.45998533591963114,4.472141527624329,6.701936394995746,1454.9103688665473,85.28747487564172,16.024494239357843
2026-01-16 00:53:45.430432,4.13951076288517,74.55458264998893,72.54227931349413,3.7140002934835064,5021.678123009594,0.49910360158751005,4.5353039248415,6.588091942783228,1440.6935496331785,84.16435296238124,15.93092947025732
2026-01-16 00:54:45.430432,4.30394825485827,73.94733081635023,72.7125314581575,3.9115887643271545,5088.14898262687,0.4982289929654245,4.509741734306432,6.699819421282151,1439.2054640369647,86.18382381248918,15.722810057872602
2026-01-16 00:55:45.430432,4.093304561578179,74.20059644142736,72.42487326684689,7.560502959355684,4974.614161542514,0.4736466940880113,4.474031313655893,6.742879543832483,1452.8480973325627,84.96169381919732,16.08164922989602
2026-01-16 00:56:45.430432,3.7767831927247357,74.02942026186169,72.77022281799734,6.750925941927143,4914.2410014648285,0.4488170126934643,4.416792953226721,6.646985962548602,1439.9578435034061,81.20799621016423,16.27921788454285
2026-01-16 00:57:45.430432,4.097044996449154,74.38876153455891,72.75854905790364,4.968481486671896,5041.296179151533,0.48571567259538684,4.391503201251952,6.5994559251705205,1456.2035165436569,83.06582825440091,15.8689347257245
2026-01-16 00:58:45.430432,4.536815874929886,73.78435028371739,72.8327465664287,5.257373106417349,5084.165728796376,0.5812665154537597,4.386440273447447,6.643060179952723,1472.284686934852,85.0115702296533,15.735128291921193
2026-01-16 00:59:45.430432,3.48674235029447,74.22350159386319,72.56104862530627,4.3691535970528115,5019.638418152556,0.4319162484768184,4.540524002554915,6.538661923752139,1463.5406093960162,85.18022085846218,15.937402923424802
2026-01-16 01:00:45.430432,4.066484837073438,73.941590811165,72.6174783399612,5.43235271420034,4945.612566232317,0.5846156509552438,4.448032552179637,6.6481056649489085,1467.6202669433042,82.18864638459199,16.17595372234058
2026-01-16 01:01:45.430432,3.6499395925304134,73.98074354686744,72.78283745766622,4.282818099277528,4993.80538183824,0.4870139414461734,4.242170714985947,6.69104835696565,1471.7183682301345,81.92708059290776,16.019847367490257
2026-01-16 01:02:45.430432,4.597523314462421,74.02752574533451,72.5894787874138,2.9676462357016153,4944.073825789418,0.5017685708544319,4.5444858220598325,6.648212117781324,1455.656563202374,85.11249067514636,16.1809881524628
2026-01-16 01:03:45.430432,3.2384065476081125,74.075672118928,72.39975317844196,3.678444213488949,5032.142774698147,0.4456644594307636,4.496173871753585,6.635793022265552,1446.827179479138,82.19266538789894,15.897800118518855
2026-01-16 01:04:45.430432,3.7205390763642057,73.96513128706341,72.41029143269442,5.021092747850587,4932.435479865078,0.461436529166126,4.634667300140115,6.676378405805602,1434.554938582336,81.66274114699843,16.21916806141138
2026-01-16 01:05:45.430432,4.188605937532261,74.06441395495116,72.54771099075475,3.868932764497412,4984.99356065859,0.47485451749809904,4.537312239709101,6.680201242347478,1442.1764367272856,84.10971897473732,16.048165163413138
2026-01-16 01:06:45.430432,4.7827620146171705,74.47343541726866,72.24188771561076,4.932722535086466,4949.783108685305,0.44771525145610436,4.35213264036897,6.567004721874741,1439.5262893464621,84.0231078173227,16.162324336924033
2026-01-16 01:07:45.430432,3.967124869463506,74.29563490568457,72.47134821692717,3.925338960567137,5006.341234256748,0.4895541021314564,4.277032335927002,6.65444114811394,1464.6334465324182,83.2431990453214,15.979733752982373
2026-01-16 01:08:45.430432,3.722400236653401,74.26074637774907,72.71930942364605,4.2176460774980065,4981.682916143112,0.47964920540966144,4.428052761566207,6.771799256211462,1456.935651091884,83.59252608655008,16.058830187838833
2026-01-16 01:09:45.430432,4.940578534720295,73.86333814219284,72.06174922976695,5.853165306413191,5008.838105162513,0.5925390571217867,4.437489257930634,6.583249187717599,1463.935157254286,85.02767144644478,15.971767967015253
2026-01-16 01:10:45.430432,3.275993049791878,73.7332277515315,72.8068964203589,5.247480547640104,5001.117527748318,0.44170129071597697,4.5943159201000165,6.645729058358347,1426.793262877997,83.55967419264036,15.996424710302469
2026-01-16 01:11:45.430432,2.900597021689959,74.28659016747133,72.72447484374064,4.990335578686653,4950.667048613795,0.5051345258374293,4.4991129067710425,6.747087306102586,1478.6349896848217,85.14139404332968,16.159438559375612
2026-01-16 01:12:45.430432,4.2200072250266665,74.26281403775894,72.40804707683391,5.878963973070651,5031.343853176451,0.5123923140950912,4.613368849809851,6.705208757827184,1441.4603925698648,84.23906292776533,15.900324512603802
2026-01-16 01:13:45.430432,3.7489728878236943,74.4418012027253,72.60867816557436,5.480608593347347,4997.561717407844,0.4464839725674081,4.367516694429736,6.624330165961197,1427.9996671585068,85.3353003107733,16.007806311093386
2026-01-16 01:14:45.430432,3.4893835914346436,73.81880581220923,72.50062954538126,6.446563291251367,4950.573549606705,0.5343413747726419,4.596526438438045,6.660306768981131,1441.2156447035638,86.75641113087329,16.159743754611128
2026-01-16 01:15:45.430432,4.354178223649677,73.93113540339189,72.74599807368773,4.54014073768486,5112.04632781029,0.4800836493559186,4.5720989153430915,6.649894416000759,1499.6753198517501,86.67849569078119,15.64931044634477
2026-01-16 01:16:45.430432,4.121900356885599,73.50815475124237,72.69653662855399,4.570365021472491,5023.821508335856,0.37538051742084666,4.29817658885688,6.612596409783917,1442.2456626701687,87.57642094213216,15.924132628370398
2026-01-16 01:17:45.430432,3.717960684631636,73.88225866818173,72.2199858553634,3.6988907336086547,4992.336972330035,0.5329924806052283,4.632261784126078,6.646287394625347,1443.4980705705816,86.67629379379431,16.024559328306363
2026-01-16 01:18:45.430432,3.3598478006645527,74.29897115317384,72.61745248269284,4.571019282627581,5070.760226335091,0.4441529557948818,4.509345849176635,6.636001693359674,1446.1579063874065,85.4771150630836,15.776727044698042
2026-01-16 01:19:45.430432,4.4362286641400726,73.86005138623155,72.45887442927135,5.964769894302446,5092.090780469331,0.447611252693045,4.53920445038685,6.655637446903838,1447.027592331371,84.1331367247197,15.710638998589596
2026-01-16 01:20:45.430432,4.32510058897933,74.19214393856025,72.51656651410362,6.299987372262134,4992.732528884306,0.5343951041446199,4.413510388757158,6.612580840965449,1434.3704786839749,84.22447815436755,16.023289759100532
2026-01-16 01:21:45.430432,3.9504120681103085,73.94284906820066,72.35436561980603,5.960305168086668,5017.369874321738,0.4826419258790775,4.627524701292197,6.586169089987767,1452.8642616641225,83.24444538712838,15.944608829703753
2026-01-16 01:22:45.430432,4.923318498023833,74.09721710846647,72.84962741382417,3.2058081334505637,4950.599859099853,0.5458886075275751,4.381414767076113,6.647935961330382,1471.5118981639666,85.00905858210312,16.159657875186475
2026-01-16 01:23:45.430432,3.464957616836924,73.6556925830553,72.70801236398052,6.083145212660734,4992.6403624616,0.560508304768266,4.583209201837395,6.7357559109089395,1456.2857863095742,86.39477495742386,16.02358555635206
2026-01-16 01:24:45.430432,3.2372374145376304,74.02556283489017,72.35204576720541,3.161481376727929,4990.046872312007,0.4677535769838851,4.582060747590867,6.6541101463131405,1427.7766940220004,83.54866479423396,16.031913536502337
2026-01-16 01:25:45.430432,3.6540459650593777,73.10265920872979,72.23307787861795,5.898117324122348,5009.241351681083,0.5396631247977516,4.402583257182778,6.633420311053423,1443.1130819013258,84.92556428267245,15.970482231436561
2026-01-16 01:26:45.430432,3.9772069918222512,73.9439311525514,72.42286547380444,4.6322154734289445,5016.6380239318505,0.4622269599303559,4.698337359942258,6.687704290251926,1438.9694519979673,83.64527554255646,15.94693490308855
2026-01-16 01:27:45.430432,4.121669724661346,73.51085802688546,72.58690052921825,5.702533313933856,5027.991422441403,0.6116557958566089,4.523152848021752,6.642084019370231,1451.058789364696,85.41870866037523,15.910926109168859
2026-01-16 01:28:45.430432,3.879381971071835,74.36179835496405,72.54804116878924,3.667551652105434,5011.882132814998,0.46535214977343925,4.565389261027103,6.743401646247956,1476.6090334312464,83.9012332321001,15.962067319222212
2026-01-16 01:29:45.430432,4.1760276982571485,74.23322220582935,72.75062656495365,6.171167632706147,4939.462868668542,0.5513043720480002,4.3472879204664245,6.649804374535247,1447.0223440795824,83.52097885741189,16.196093001821556
2026-01-16 01:30:45.430432,3.374230287904778,74.14000129458982,72.65798394443617,3.5350252538951112,4953.076644712945,0.5421895012940787,4.711773000300856,6.685024853157908,1448.2369026225922,83.64006661013595,16.15157723945061
2026-01-16 01:31:45.430432,4.721882302036629,74.45630186814782,72.69391380515059,4.331545089146823,4972.679619026816,0.5158043911054467,4.377544305977491,6.612269780880337,1485.5528963763886,86.00665754769113,16.087905541691924
2026-01-16 01:32:45.430432,3.9589244108037156,73.71532504375254,72.56537108012209,4.001905372230965,4985.887970403838,0.4664728419291658,4.602488643276593,6.675154462666834,1467.5241198334331,84.80650118933929,16.045286311060114
2026-01-16 01:33:45.430432,4.558647915794063,74.52420895937466,72.2221402539578,3.245715147177501,5052.538714523605,0.4924301254029295,4.400522828206831,6.663754673847188,1461.4816256421307,84.14315653999992,15.833624346121027
2026-01-16 01:34:45.430432,4.1713626731888525,74.27965746927812,72.46086029377062,5.094527567588468,4941.853050657354,0.3923205943527724,4.438101119715232,6.64717469376704,1489.1626323060354,85.52280900509442,16.1882595819717
2026-01-16 01:35:45.430432,4.228376609576892,73.92903341383432,72.71201794798174,6.806089117836962,4982.129247591465,0.5112210019191126,4.578875404388545,6.624912111941514,1459.7962250958803,84.1709675650647,16.057391533685077
2026-01-16 01:36:45.430432,4.284883640116102,74.34068604415488,72.48969541429507,7.666905222320009,5047.6504749107025,0.5174807665514193,4.602755271367515,6.618098491717381,1410.2694571604495,87.2530357873714,15.848957925601074
2026-01-16 01:37:45.430432,4.223854280008657,73.66811194627651,72.60061807372475,5.097155787086248,4985.00612627517,0.5066749709530686,4.37287157508859,6.664117633198983,1466.6533151576073,83.05226769261348,16.048124711087674
2026-01-16 01:38:45.430432,4.321361379933772,73.75264575154169,72.43625033695078,6.116681275067522,5023.020782492141,0.3513346914353721,4.609047216905699,6.681446955484824,1418.159830857627,84.62605697436544,15.926671113693558
2026-01-16 01:39:45.430432,4.6645762650662155,73.81742308302809,72.29403763029163,5.232094637928538,4993.022897853605,0.4367181777455095,4.604498049513319,6.643641860185293,1459.040107371649,82.190469556666,16.022357925574568
2026-01-16 01:40:45.430432,4.098260584850735,73.8413066875808,72.47533118719078,5.498883194768212,5012.839162866236,0.46259545085756687,4.40620465911551,6.66436339645604,1415.7251285174152,84.3062512162198,15.959019908840979
2026-01-16 01:41:45.430432,4.354501878794256,73.68303270717192,72.56180948860653,4.657851348872761,4988.576372809523,0.5145829466594523,4.659864759359111,6.648104266093362,1440.6628917920016,81.64072900458675,16.036639317790918
2026-01-16 01:42:45.430432,3.9551321528563865,74.3669249201286,72.3688624561077,5.195076925422602,5033.353273636418,0.5144669452821492,4.354314237175196,6.65492630124527,1442.7243094078026,86.49263304511825,15.89397676873232
2026-01-16 01:43:45.430432,4.720058607724736,73.92234367988905,72.45285775102866,5.537478704606428,4922.747179629679,0.49148881040144105,4.437522741722239,6.639977750866139,1434.597617855365,86.53300753401116,16.251088483893685
2026-01-16 01:44:45.430432,3.661803848970365,74.10575149050706,72.3121073516028,4.421540271123669,4981.834399580573,0.5317622768301978,4.547900262409199,6.650898628968416,1443.022960056176,86.56834034744895,16.058341884414165
2026-01-16 01:45:45.430432,4.900470216455408,73.82889459007589,72.72384898351282,4.9225057001070125,5014.828633834715,0.448687881234855,4.414643371529739,6.784902022840872,1470.651234407211,85.05774496034894,15.952688684164663
2026-01-16 01:46:45.430432,3.9799210246778283,73.45381900983544,72.44110884848239,4.941569881002512,5026.684762400309,0.5305117502846998,4.526381908567934,6.665581714940371,1435.720941756809,83.24025919057982,15.915062070015093
2026-01-16 01:47:45.430432,3.284612448940976,74.08101720751743,72.79055110902523,5.8264033173305245,5074.647631137691,0.5237371052419946,4.52410760788033,6.6822648479215525,1460.9028175902108,83.3993187359281,15.764641373151797
2026-01-16 01:48:45.430432,4.064052207455394,73.42632350737406,72.80574957010818,3.933967828372319,4980.448766656721,0.5188777366418955,4.481292573007728,6.671901180266405,1430.687007207854,88.06034411044104,16.062809547522452
2026-01-16 01:49:45.430432,3.6594741712625596,73.97940978617436,72.48379080705566,4.948457791392348,5073.974088093044,0.4908979784457172,4.583240053859056,6.636859158835147,1446.2100084721574,87.8713542075996,15.76673404535782
2026-01-16 01:50:45.430432,4.420321774494362,73.58950548835016,72.29831025349053,6.912005469052698,4967.048808667017,0.5915371912415631,4.477163920734236,6.714699460664583,1456.476785326549,85.24511031390155,16.106143322048254
2026-01-16 01:51:45.430432,3.6736880103488048,74.59618279976924,72.08282042445333,6.164060152585938,5066.4323205772325,0.5246597844244939,4.523154106881381,6.6354418114786835,1430.0694316676288,83.96873193183934,15.790204020900722
2026-01-16 01:52:45.430432,3.77690828339261,74.27340881665242,72.20559258539464,6.349179048888705,5040.873356334919,0.45158320683732206,4.6146471877487905,6.702752727447128,1423.7655913417861,87.73724684539702,15.870265794212653
2026-01-16 01:53:45.430432,3.0552296345272345,74.03172613738144,72.22523303502027,5.024431840178035,4954.327071018389,0.5124152737867992,4.579068621002584,6.633289650096678,1459.8375630115777,83.61099367723038,16.147500730821868
2026-01-16 01:54:45.430432,3.7738468403754615,74.3791120032964,72.7756939254923,5.320997563686023,5015.351961862591,0.5376241688537109,4.578601729081421,6.602001374042798,1472.4616079868129,85.45769841619182,15.95102409727786
2026-01-16 01:55:45.430432,2.788060336685522,73.74610520676028,72.52316491744538,6.002236166702925,4997.438208223391,0.4705945700537845,4.385082039778322,6.66826981041181,1448.4186996102526,87.70391461079691,16.008201936015595
2026-01-16 01:56:45.430432,3.2080485882571383,74.16304381360102,72.5779209048184,6.560255529530931,5031.27922968375,0.554463612346555,4.552479257550132,6.594766582194895,1440.8537418688659,83.32732300067075,15.900528741877947
2026-01-16 01:57:45.430432,4.3802073280721485,74.05994313011561,72.05591579821298,3.048397087117113,4988.836420578335,0.5191016852858006,4.41215012090305,6.676782011250831,1453.1135077537676,86.65844717127422,16.03580339295349
2026-01-16 01:58:45.430432,4.3929000793254165,74.07920602440011,72.26040671415655,3.684558692950154,4984.6376887169135,0.38287608311673266,4.371858502022198,6.590292067195435,1451.1095983753075,86.04112159168774,16.04931090199108
2026-01-16 01:59:45.430432,4.2127287808924825,74.38170605003204,72.67741595528926,6.309444101402648,5068.454729138142,0.5149835988668963,4.492829365371503,6.6340495984763574,1454.858050814225,84.92096691553688,15.783903433148247
2026-01-16 02:00:45.430432,3.5165119284353934,74.21974763083394,72.55735482247651,4.7231106442311965,4995.063955277216,0.47969854227936426,4.409570481334841,6.5784135151737635,1399.4350979937258,83.01313280173378,16.01581095182597
2026-01-16 02:01:45.430432,3.9761443219290102,74.08661709884751,72.47055894426288,4.328279210741923,5041.321116209589,0.5268589907270868,4.579061771883998,6.791208350470137,1428.6179141766806,83.55112047979345,15.868856229525306
2026-01-16 02:02:45.430432,3.9981987304547157,73.50353376913151,72.61296847172002,3.745839013004396,4988.73242574779,0.5472107420125907,4.5814535459695325,6.5673020220191844,1433.095397891263,85.57890214570132,16.036137674392975
2026-01-16 02:03:45.430432,3.4208176554037286,73.71198611141617,72.82715956122716,4.444983298455891,5083.333162961376,0.5097581023570908,4.309737376356856,6.65049068701982,1453.0173525702312,82.15332641023723,15.737705445494495
2026-01-16 02:04:45.430432,4.751699150883575,73.96318731992129,72.45579150729259,3.597630716576175,4966.083268533225,0.5832626116972348,4.417169746042311,6.707165213716501,1453.7175576724453,85.2614877180365,16.109274789431527
2026-01-16 02:05:45.430432,4.438681145287836,74.02801171228299,72.51387396053161,7.091094272732477,4969.29282343764,0.49106465577182523,4.3540213328082,6.701819295429352,1462.7236097736807,86.08210196812333,16.098870169751414
2026-01-16 02:06:45.430432,3.889517913085168,73.66093888259782,72.53851938374626,4.9775639480194265,5076.225859055795,0.5312408911526938,4.453737072340711,6.692567106108657,1455.1516349842088,86.9704403456182,15.759740055159883
2026-01-16 02:07:45.430432,4.013442919497265,74.72350300267352,72.9784219270548,4.942049458237283,4977.752680455237,0.5402471286818674,4.545517566986883,6.634138580588926,1423.9852985922532,82.20328585107956,16.0715096019362
2026-01-16 02:08:45.430432,4.104191403973776,74.45491821657608,72.08012874711619,5.588076675167832,5080.05371530822,0.4951327015553634,4.4757711901821615,6.71755444731685,1478.9400923517012,87.63249459432255,15.747864980035196
2026-01-16 02:09:45.430432,2.9791325657878547,74.18063549611774,72.63664460295776,5.96234516926657,5044.5920289797405,0.5389387153988892,4.441024075933287,6.6956695545401095,1475.4383660684473,88.39072698835987,15.858566865352609
2026-01-16 02:10:45.430432,3.8764113087397014,74.02161105838512,72.4770395502482,5.9458881565546395,4992.267514671958,0.47026635064189154,4.630017652681314,6.660614980883024,1424.8360541994614,85.82030313542718,16.02478227877113
2026-01-16 02:11:45.430432,3.659007876001101,73.93633730902965,72.61335434523684,6.073621943907572,4909.335326399142,0.47887157904893907,4.269514282740371,6.66202903788633,1456.6541058874836,82.92390283715068,16.2954849651058
2026-01-16 02:12:45.430432,3.499189995052542,73.71442446199333,72.36852548920106,4.369154449209144,4999.034084786408,0.43437556548318434,4.6236871893518225,6.634803867619231,1438.0915122951396,84.34378142327952,16.003091525913877
2026-01-16 02:13:45.430432,3.8594498535570225,74.02324415555566,72.49020699382831,4.702133195043139,5005.081502676671,0.5120704558185023,4.445571170684452,6.6045173987083485,1452.777279784011,84.90480550976298,15.983755700524904
2026-01-16 02:14:45.430432,4.898843263424761,74.07732576204282,72.6422821158931,5.769031655442276,5058.3608866652185,0.5162625837927172,4.492189098988721,6.711857548773936,1471.0662055928374,85.54092701746112,15.815399848376755
2026-01-16 02:15:45.430432,4.320421430633505,73.6274718273555,73.12258204020877,4.47261093836038,5079.422358812006,0.5589631579289615,4.447263666227989,6.715610399680077,1492.6020853264192,85.0439631052872,15.74982239096784
2026-01-16 02:16:45.430432,3.7144105051086016,74.10025292517346,72.66160723788042,4.994893367972775,4965.750641042812,0.5395570002177942,4.654288810553912,6.605794542948504,1465.0255541028523,85.56233028578923,16.110353858445038
2026-01-16 02:17:45.430432,4.2862913906780795,73.95342228535257,72.3303868803939,5.398763764424814,5040.059088199409,0.4857602221676283,4.376902150319474,6.6423107417426905,1455.8986947022026,84.81850648532175,15.872829782354884
2026-01-16 02:18:45.430432,4.699677718293001,73.42765773263679,72.41524806359546,5.7851850823103765,5038.270107800668,0.4410910156332861,4.501173636972194,6.642828839177054,1443.203576633834,85.53021418902449,15.878465879814058
2026-01-16 02:19:45.430432,4.462316841456384,73.74188449676615,72.40931717832323,3.2223190376297985,5053.670635120522,0.5216425201259987,4.552743865186,6.648367204812985,1453.6426974202236,84.07895315767738,15.830077932669257
2026-01-16 02:20:45.430432,4.029815184960087,73.87591833997351,72.140871365474,5.714745649888945,5024.934495606777,0.5555376586207321,4.338899723211483,6.65321474392938,1477.1954378665662,84.32362656603506,15.920605546190258
2026-01-16 02:21:45.430432,3.676531611147213,74.56630629720206,72.43398196165971,4.766275942148274,4902.875115451911,0.5377592486901972,4.408010182955385,6.697343073082309,1449.1058248648083,83.84794965904666,16.316956503312074
2026-01-16 02:22:45.430432,4.349111656806795,74.16696593736013,72.64656581636434,5.707457710864381,4992.228878373612,0.5542238762428644,4.485182146650177,6.612639134575663,1432.277746973047,88.83451906900814,16.02490629918048
2026-01-16 02:23:45.430432,4.196742692710875,73.59935552927003,72.24515357618463,5.776931692354829,4942.214621254154,0.48940552344008786,4.4113334965315625,6.607682650424367,1417.6062026896675,87.92780157234864,16.18707525487813
2026-01-16 02:24:45.430432,4.447596610013866,74.14581088682529,72.70969653021012,6.607915061119158,4989.869711354097,0.47666905159121775,4.418440822878085,6.711830987107149,1460.260957348205,86.11058838002724,16.032482735564344
2026-01-16 02:25:45.430432,4.317585900840985,73.53580880331849,72.59755496421687,6.353453647621203,5049.000211806695,0.46315493238841005,4.4650137336923565,6.626867762905936,1454.945762512555,87.65061799453548,15.844721062385025
2026-01-16 02:26:45.430432,4.524776357659667,74.32480731616612,72.3531533356058,6.346571662610296,5015.257541793749,0.49720517666932024,4.564958133164617,6.586848232321147,1437.081836534754,86.59692267795576,15.951324400259477
2026-01-16 02:27:45.430432,3.732382394219716,73.85866260445464,72.47169407253243,6.443670319166238,5057.404543319872,0.49607046020155904,4.465728222312186,6.6257435028950065,1470.520282514146,85.36254231902811,15.818390503419163
2026-01-16 02:28:45.430432,4.658697032817162,73.97190914337826,72.81966436152821,5.291378984815946,5017.087696035677,0.5103338814269558,4.607842619447295,6.6334973632378,1441.5644627122474,81.98885731796064,15.94550560940227
2026-01-16 02:29:45.430432,4.0987998023462,74.39773899426265,72.64670956270118,5.03218508703684,4935.083703016555,0.4935351271482246,4.400224221734065,6.727748136386289,1447.3071181635041,84.47567215974972,16.210464667721897
2026-01-16 02:30:45.430432,5.037630436312632,73.61385092942473,72.50175673097964,5.872817083178335,4873.9576496713635,0.49331861351366146,4.3748077739526545,6.696241310618837,1449.666717334041,84.3299242159633,16.41376592703758
2026-01-16 02:31:45.430432,3.655406090955216,73.58086454446611,72.4524633366078,5.732080951433023,5007.44043808398,0.4611652973513928,4.692634540572113,6.707376030831613,1442.9809451572382,82.73384965381568,15.976225975962038
2026-01-16 02:32:45.430432,4.867981901582625,73.8249202020962,72.51532181409033,4.690933763261739,4989.303676682442,0.5470809506775746,4.434204187233449,6.69099868211734,1454.7173013149913,82.02767545078677,16.034301614848733
2026-01-16 02:33:45.430432,4.098955391731324,74.31151365530579,72.39764728841153,5.404823408808268,4951.152713030906,0.5038259031121856,4.368908799292784,6.697312183580766,1473.03030291866,85.98543869313406,16.157853460962443
2026-01-16 02:34:45.430432,3.6742909981927756,73.54419617735695,72.0790500988562,4.964903533215406,4914.9686375174315,0.4912778032857359,4.325794605822817,6.615595893670984,1427.1503620376316,85.64900864474163,16.276807829318784
2026-01-16 02:35:45.430432,3.7580570829728392,73.15035332056684,72.90843558210695,4.146067091539944,4963.262839326365,0.4626285373375398,4.607510345380894,6.640069892232326,1459.7704027694801,82.66520603986477,16.118429063663683
2026-01-16 02:36:45.430432,3.83982634590284,73.8646523424773,72.53106499983988,6.29046074137635,4990.275425756761,0.4334043444804457,4.465869548533994,6.600504234348823,1453.4431733921288,83.50824298712762,16.03117927862032
2026-01-16 02:37:45.430432,4.212082973200959,74.16552223997327,72.57962945302451,5.055199242530089,5033.29389118532,0.5653982096274672,4.474629026493361,6.639475598473148,1453.0752765908942,87.32244454630833,15.89416428476429
2026-01-16 02:38:45.430432,4.261417744017749,74.36007852492165,72.48841845002462,7.04870825769885,5009.431554078399,0.5277319354065904,4.484079828841336,6.6842052495467374,1467.4368913974818,83.24460697296688,15.969875850458216
2026-01-16 02:39:45.430432,3.7131499980307106,73.86105159137438,72.35297663985509,3.3745077298001673,5080.4033623586365,0.41880410787150163,4.6012942884669785,6.656729164240613,1450.9859485043432,85.3415978078676,15.746781169528845
2026-01-16 02:40:45.430432,3.9878227038695084,73.8765720178652,72.46281510381024,4.443221227156633,4948.21979719773,0.5381571150354828,4.482047016602408,6.715574040948015,1459.6045852381142,84.62044340086403,16.167430566707143
2026-01-16 02:41:45.430432,5.071135179305932,74.34617022027672,72.18012104756114,5.032638836690872,5044.052944602871,0.5461240585116555,4.734405377883262,6.59292921038864,1464.317292591423,86.01272694212413,15.860261753517056
2026-01-16 02:42:45.430432,4.863771585050356,73.43907749009138,72.95541729961066,6.137381097628914,5002.364937156436,0.5062188061150464,4.513376057405423,6.6750119175349125,1439.9126959923879,83.28778469468713,15.992435778880921
2026-01-16 02:43:45.430432,4.218161834837016,73.8834437674451,72.25309760031553,5.399469372602185,5034.7334562059295,0.5799055447875879,4.606178476695832,6.587584859906534,1455.983669216276,85.18016695508021,15.889619717880029
2026-01-16 02:44:45.430432,4.0190017390841,74.05712716697752,72.29360674323057,5.3104727541807515,4978.174256836723,0.5108359821061441,4.580523985790441,6.654708823458683,1444.9842478557873,85.33744515469175,16.07014858713169
2026-01-16 02:45:45.430432,4.06001566335913,74.13476561638551,72.41194815912272,3.872736207445853,5053.58401869453,0.4291588236025405,4.496355267974196,6.687016671127824,1447.3463644056021,85.46036161245844,15.830349253927324
2026-01-16 02:46:45.430432,4.3067589863652085,73.84705799204274,72.75761514497047,3.8430586027705287,5014.761237917262,0.518258450052416,4.441302901397954,6.639274871658789,1443.5587720704334,85.15814771592522,15.952903080431742
2026-01-16 02:47:45.430432,3.4886037174007973,74.01033230351175,72.50290179985254,5.322504660289905,4966.027750754112,0.5122448650856365,4.533196392856655,6.677556330204348,1459.4216080819376,85.68921864118822,16.109454883302185
2026-01-16 02:48:45.430432,3.8713117312883276,73.2535017939761,72.25277284079391,3.6358940061816414,4999.398798554341,0.46983515756109223,4.551009873120727,6.602013383258353,1451.6328941803652,89.38354066410162,16.00192407597756
2026-01-16 02:49:45.430432,3.1657079630612053,73.80252547629985,72.75086767215147,4.468122249710671,4988.022207053145,0.5286779418438713,4.442741395187348,6.566815501090181,1457.8908806863335,90.12259555354221,16.038420977131715
2026-01-16 02:50:45.430432,4.19961156130264,74.13605261376634,72.6462001253571,5.5009173290858575,5024.45891753189,0.4166167366904569,4.5166338865950655,6.6778514811243905,1449.649652742085,83.72156771842656,15.92211247281877
2026-01-16 02:51:45.430432,4.32359796985137,73.7053117897236,72.60768699144329,4.0176757277232245,4941.011162531275,0.5495283413721395,4.62362049782596,6.737200511703787,1417.9175797505934,80.363514039295,16.19101786424949
2026-01-16 02:52:45.430432,3.758406768850313,74.01769526647688,72.64314684823417,6.6053559623618066,4998.532414894215,0.4560939148197274,4.706994773906968,6.600197752991506,1450.6273683219943,86.19099060144394,16.00469765117909
2026-01-16 02:53:45.430432,4.786993381645017,74.1340617502408,72.97887238011648,6.22393634423789,5019.765362632466,0.4507526937441484,4.585436932034942,6.71110970900534,1451.2707591031362,85.37250491980254,15.936999883605393
2026-01-16 02:54:45.430432,3.3871171684988295,73.89723523974267,72.93701897900722,3.4285800016616994,5001.651165359652,0.49430876138462615,4.686275968638029,6.652171170440821,1454.8519187430693,87.12208371836716,15.994718015135202
2026-01-16 02:55:45.430432,3.26781255989509,74.05113913129897,72.36265693139934,4.067628756818013,5067.34706221945,0.5216486464021818,4.437062578879354,6.583215423915346,1438.1254161262852,85.56977179943064,15.787353622658864
2026-01-16 02:56:45.430432,4.112225909279986,73.71118023041461,72.82477699856223,2.71422275550505,5038.701138703553,0.5081962031796715,4.570188225205929,6.593424734932392,1426.0906056666897,85.11720787905143,15.877107571532578
2026-01-16 02:57:45.430432,4.523549151306077,73.93801661609119,72.57663363795179,4.217408637451867,4999.625960162963,0.4628670417113811,4.633851950858127,6.6507892386680325,1462.4921328978855,87.25781319175445,16.00119701702493
2026-01-16 02:58:45.430432,4.841963845728935,74.18306485087676,72.59981916322755,5.766388476572399,5010.834454874884,0.47469553544040555,4.4103666667028,6.629776885603795,1444.5278688693165,87.53756117682768,15.96540470862503
2026-01-16 02:59:45.430432,3.77055786856553,74.04709188829052,72.16154583367134,4.586105057725143,5014.7832775741,0.4433478826311269,4.451440988795499,6.584354351162088,1453.4248809536998,82.226879882438,15.952832968426897
2026-01-16 03:00:45.430432,4.539340416715648,73.82404061913081,72.46592284692237,5.460797243615968,5020.164980208341,0.48876600491850647,4.673790476183525,6.5652980359387305,1444.3707984022342,83.36678762572083,15.93573125891172
2026-01-16 03:01:45.430432,3.9807457652496465,74.06726492128723,72.33743528193268,3.477665681718256,4908.71710021677,0.5537510607255455,4.4024901144213064,6.607664033603675,1449.878763484528,84.78881408142264,16.29753729268024
2026-01-16 03:02:45.430432,3.91368635002959,74.21438293719099,72.66561176297866,5.797975254581905,4984.923685211533,0.4997868531178062,4.365886996734429,6.659690450416556,1441.0142930412837,85.19687524784916,16.048390116248136
2026-01-16 03:03:45.430432,4.4418299687433365,73.38501761642675,72.71421610008056,4.44489077207165,4925.778046590329,0.5429707127379727,4.652798157363951,6.649679962369843,1430.6383282169234,84.5480335932955,16.241089071274082
2026-01-16 03:04:45.430432,4.32616143920671,74.34772221948677,72.08510272979674,5.012169682282905,5063.914047372974,0.5727700668863096,4.6196763224980435,6.624938102124997,1459.4746332153732,85.86841435572377,15.798056454276095
2026-01-16 03:05:45.430432,3.211803921507875,73.89912357839567,72.49559302719915,4.9071254986069475,4996.957523999854,0.47059907404815166,4.543212024398377,6.6600943597145745,1437.9375982354777,86.9922095786342,16.009741851070082
2026-01-16 03:06:45.430432,4.738270174862948,74.12764697997207,72.72437230095885,3.728451479107716,4990.332952516019,0.4906713373472318,4.4954289245354175,6.702001335993135,1453.2790296178962,88.44541942144146,16.030994476964853
2026-01-16 03:07:45.430432,4.6900456770737255,74.35917407709357,72.46266420753732,3.846915668260218,5044.839866601662,0.6085596430531248,4.4561475494395015,6.669706325521708,1458.2092044380415,86.1578260475458,15.857787782249293
2026-01-16 03:08:45.430432,3.6872186492452355,73.58849789083087,72.64581272900047,5.967794469003426,5021.116239872494,0.5722171705989972,4.528194887380905,6.643934566430521,1438.2637456879384,83.29533264309379,15.93271220545006
2026-01-16 03:09:45.430432,4.197901766718704,73.78716769927173,72.57023309352542,5.398992157501696,4943.5682742810395,0.4163797737093824,4.657980695740155,6.696403600333035,1425.9222873125402,84.70524754960437,16.182642893029463
2026-01-16 03:10:45.430432,4.2470150931413695,73.91343539123729,72.56833204639052,6.050049041553427,4996.454731873631,0.5193574158030453,4.523856612614208,6.602007484889185,1498.521712277061,84.84929551748088,16.01135290782483
2026-01-16 03:11:45.430432,4.130336882911953,73.76487394366268,72.44573700438634,5.324658235502518,4983.241651338681,0.5000279996169847,4.716695926724697,6.638754023022233,1439.4445624810915,86.02928047996232,16.05380705920795
2026-01-16 03:12:45.430432,3.72484742307729,74.52048097275105,72.25668383917287,5.142990634809216,4912.773355569698,0.5413226555429381,4.410205801435977,6.6399456032199815,1462.4683431720232,85.77633606686788,16.28408115129158
2026-01-16 03:13:45.430432,3.664188316030974,73.74296837185196,72.275693970515,3.2739893813332337,4965.48618833814,0.46275106162574725,4.498031924567173,6.588152337077858,1488.7892709914024,89.10079330222302,16.11121186640025
2026-01-16 03:14:45.430432,3.9872229645042774,73.83333596615394,72.64187050289107,4.72963330323883,4990.8229838991765,0.4580195813979664,4.462694133233608,6.629006291885783,1465.798154937078,84.07697372949018,16.02942044991114
2026-01-16 03:15:45.430432,4.586364509629682,74.06131670948089,72.50389165110377,4.972615679596256,4994.252453425408,0.4661964642353195,4.391485845683767,6.546252015955235,1443.991143823449,85.76950106753361,16.018413315316167
2026-01-16 03:16:45.430432,4.2718000772972164,73.63935514217718,72.47229755107855,6.9531071982725745,4925.888428816134,0.4714035726900784,4.484691626699035,6.7456089023831485,1448.6576722492978,89.70942279548818,16.240725131329626
2026-01-16 03:17:45.430432,3.814692833956947,73.88129578647312,72.41522199153553,5.686956632098678,5057.5832791523735,0.5407662083404507,4.541732930166044,6.6031293105781845,1433.347855605223,83.8295862061928,15.817831478873366
2026-01-16 03:18:45.430432,4.385849355324172,74.09523597837506,72.43896223090385,6.536061181709528,4994.894847055428,0.440939941342556,4.552423017995203,6.729305706571066,1467.6339285391548,85.2902973923407,16.0163531865263
2026-01-16 03:19:45.430432,2.5757286896849623,73.90014187868525,72.70938235889763,5.597537705894728,5001.8776538330285,0.46886930500203405,4.717045217894456,6.651904225285975,1461.3254141611737,83.11023899775196,15.993993763260995
2026-01-16 03:20:45.430432,4.574382850186051,73.97198394233001,72.4329511836264,4.28869677305052,5020.032081916992,0.41054938047492795,4.546446746972356,6.678243206607799,1439.711483634765,85.16417379925487,15.936153134991624
2026-01-16 03:21:45.430432,3.13014311061095,73.84120036626548,72.23178705733969,5.117124216149851,4960.596187304816,0.5503558911706187,4.615013680367961,6.625560010082454,1429.156503858031,83.43956570372471,16.12709379665622
2026-01-16 03:22:45.430432,3.818779529298434,73.54565890724577,72.64873035510803,5.236223646264233,5022.817798656635,0.563551504971557,4.5066094246298976,6.660396484598084,1423.5753252467262,87.09360180698269,15.927314747788818
2026-01-16 03:23:45.430432,3.440165052686928,74.09647796340177,72.45902466722706,4.060844430229318,4981.6462676990905,0.48364632845681066,4.6678055600452595,6.6825244819994225,1469.730280076084,85.29463771806279,16.058948327728253
2026-01-16 03:24:45.430432,3.352659262139547,74.52647992149417,72.50627917310655,4.6156126234070785,4955.17072296764,0.4851025317593389,4.739844928558807,6.68322762071971,1452.4074625791113,83.12920548003541,16.144751507590478
2026-01-16 03:25:45.430432,4.58041339368926,74.00552048923502,72.8215156612799,4.794233006322828,5028.67237466777,0.5226610951141448,4.553108513097595,6.688738669503718,1454.299690726655,86.68113539558334,15.908771548332451
2026-01-16 03:26:45.430432,3.7661493993440542,74.06757923517426,72.4958878885299,6.605619832565118,5074.58369294009,0.5737241003689127,4.4007340984548415,6.6315833644980415,1433.541027482753,85.35933207774318,15.764840002796358
2026-01-16 03:27:45.430432,4.173251940865358,74.20781682653505,72.55783673462375,2.9192594746090217,5036.241468674291,0.5204305373781959,4.445119497722283,6.625982016375432,1420.729937933912,86.90563755444691,15.884861855334886
2026-01-16 03:28:45.430432,3.976539710560408,73.61920085103598,72.26421530174034,6.205818420716043,5046.148878257021,0.46512290287624425,4.528193430320516,6.57029118373662,1469.2522714942327,82.70467474410451,15.853674144396749
2026-01-16 03:29:45.430432,4.23852041361156,74.51075439743889,72.45606610952981,4.063204765040617,4973.968469671885,0.419058871400678,4.545649803525064,6.676160950558847,1450.8407807399446,85.73764882449733,16.08373685675521
2026-01-16 03:30:45.430432,4.038410945530128,74.06069863892684,72.62190520904171,3.6279208127303857,4920.119013541577,0.4442436868668256,4.569842513438437,6.704118935566172,1468.1446932011524,86.54668338928941,16.25976928196596
2026-01-16 03:31:45.430432,3.358503887905715,74.48955706972673,72.18892525323176,6.179942130038464,5074.506876104992,0.5036609725156233,4.546019768123004,6.730799083995897,1442.2813374696887,84.15324501952853,15.765078647682332
2026-01-16 03:32:45.430432,4.49813340972357,73.78009010134281,72.54016901862315,5.731898069234381,5102.725744470238,0.46723362383996025,4.500698491625593,6.665258631729026,1445.2636431392627,82.4819945460637,15.677895306581002
2026-01-16 03:33:45.430432,3.753121708419344,74.54541857676735,72.52015821452896,6.25451870238119,5077.140338688484,0.5097483852995379,4.436380155879787,6.611676011354572,1464.2659635324126,84.91678500925921,15.756901456985414
2026-01-16 03:34:45.430432,3.2217090506701247,74.23254664821043,72.50825749111749,5.800701947545576,4983.210703051012,0.4723537991881883,4.540113826126423,6.565145192835527,1464.6469615930105,87.45623058756186,16.053906761562246
2026-01-16 03:35:45.430432,3.7859424195170437,74.1659120257557,72.70743177973165,7.059845001737402,4942.268283063558,0.44709267843527944,4.685498735748066,6.702083336654168,1465.951312453719,87.25186066126811,16.186899500002557
2026-01-16 03:36:45.430432,4.750379895317155,74.07020733630594,72.56688770296971,5.558723836944486,4946.715865109021,0.4411484184273464,4.601992860542776,6.560186171661123,1444.095974937946,84.14314313048885,16.172345892002607
2026-01-16 03:37:45.430432,4.425110871056747,73.92544141457766,72.79561437967129,4.843522623876842,4915.813371619298,0.5781177254686615,4.55347039496362,6.632969796112812,1462.2909447530174,82.43382912724711,16.27401082023737
2026-01-16 03:38:45.430432,3.8256739327960703,74.36015949754216,72.3012820968812,5.3429263773213425,4994.631069079498,0.5444493874591821,4.602956692382275,6.638784658602818,1472.1819893095344,84.13764055930085,16.017199047044702
2026-01-16 03:39:45.430432,3.8253711478407855,74.04210796095441,72.52718491344368,6.243469128345963,5080.283897904123,0.586525897591398,4.462893597109915,6.64652724310745,1447.9045597663694,84.06304469853617,15.747151459981223
2026-01-16 03:40:45.430432,3.8391824743913086,73.40987908892386,72.516893357278,4.220624674739883,4992.916868406388,0.5269975450377551,4.449173485391668,6.6517901300017925,1439.7302327245188,85.89289356660956,16.02269817593297
2026-01-16 03:41:45.430432,5.0383739917804204,73.6648440614879,72.28614910124898,4.348111417468619,5015.116145017414,0.47850042956925803,4.425221489563402,6.656907377818379,1476.8549520663353,84.78999699419175,15.951774133781743
2026-01-16 03:42:45.430432,4.190967726115777,73.94424627434218,72.69125900041827,4.691039985402092,5068.77984821521,0.5661670461244969,4.487471337723056,6.529231836896074,1436.911085328974,83.49347157652572,15.78289103011036
2026-01-16 03:43:45.430432,4.215020823595535,74.09299969494967,72.96493466117056,2.8954172012346677,4979.79523440838,0.4983465999319116,4.457799410329092,6.650732795493506,1462.5895299422896,87.20852613452134,16.064917578785614
2026-01-16 03:44:45.430432,4.515141727015921,73.98302345333003,72.49659878510323,5.138078408417547,5101.77657283598,0.5110420885145176,4.620827474065214,6.538521221294406,1448.8315537896028,85.28085173488967,15.680812136296577
2026-01-16 03:45:45.430432,4.119394579513257,74.3656912369381,72.60100421765475,3.113871296048974,5099.604720374873,0.49785878104622405,4.4524676582317815,6.68661090365455,1413.1686876703088,85.87083130546188,15.687490381434735
2026-01-16 03:46:45.430432,3.8704789270896485,73.41466944078842,72.51690369516307,5.053059312932619,4993.444433065976,0.3526547890357993,4.419727828377509,6.62224374220982,1472.5718813495716,81.55002913173746,16.021005354590475
2026-01-16 03:47:45.430432,3.901825075457511,74.04307638095155,72.35728306601857,5.86528975613525,4971.123286799039,0.5802367506147427,4.694257717883064,6.542148163738833,1394.8429274090527,80.15147025860543,16.092942255615
2026-01-16 03:48:45.430432,3.964199370292968,73.45460623238385,72.13584794443959,4.523123539356164,5034.861902319516,0.5245501972978877,4.454862476891866,6.609289766130732,1410.3174386648477,82.12490843711119,15.889214352263508
2026-01-16 03:49:45.430432,3.981388881745079,74.22791368864524,72.35884530338093,6.677115870186871,4982.623752874057,0.5164911530434255,4.515352845725035,6.621496233040768,1460.5466015896134,84.03891314878645,16.05579790243137
2026-01-16 03:50:45.430432,4.36381477181849,73.9716623856674,72.22160832380965,3.539499100581512,4942.172239146633,0.49691119688647195,4.545132282474341,6.70953498087775,1460.5414239735624,86.15271203522762,16.18721406881069
2026-01-16 03:51:45.430432,4.02597294290365,74.12588299160724,72.84082041561183,6.1912606816318325,5064.061932676149,0.5081713910193065,4.386330688107918,6.659831887087512,1437.2484028424492,80.3155062591854,15.797595105185312
2026-01-16 03:52:45.430432,4.36632003860779,73.74083511182307,72.47697806121535,5.675137056406921,5060.822369363854,0.4701360532076876,4.623548376950307,6.66722224721753,1452.956441806065,88.18570412874398,15.807707554465306
2026-01-16 03:53:45.430432,3.959641709945709,74.38383947949733,72.43081613419056,3.283966751689311,5007.775580188178,0.5308289676153636,4.5637119040411225,6.70906108171103,1399.3713990844399,85.34113205354025,15.97515677749158
2026-01-16 03:54:45.430432,4.039317595158045,74.31251739921765,72.67783076495756,7.710794299040533,4936.856762313591,0.4346450827800434,4.6558384011880785,6.645192785603776,1464.139509289412,87.72058998589982,16.204642721396088
2026-01-16 03:55:45.430432,3.000899657733946,74.17506329090357,72.27564977942882,4.936254714496034,4938.52368743913,0.5093034216235274,4.43207780627819,6.687709398051621,1454.9945097410719,83.22805983505174,16.19917308556719
2026-01-16 03:56:45.430432,4.458163837351241,73.96114482594096,72.34662719239908,4.122515977844368,5005.361464420957,0.5280786735285552,4.509912579247616,6.6841930556966,1449.087142933324,86.00771986834498,15.982861691139574
2026-01-16 03:57:45.430432,4.173244237948996,74.17395718558853,72.51361445384973,3.592912805215983,4975.006448274748,0.49006654330885485,4.50393557549942,6.58567652532153,1450.4168296427554,85.17039185994157,16.08038116769531
2026-01-16 03:58:45.430432,4.499005054929826,73.7879322296038,72.70575379828469,4.779981972340326,4982.94535339292,0.5185433896235513,4.526388849435002,6.723649178881492,1459.8650835238607,86.6353726261091,16.054761657285177
2026-01-16 03:59:45.430432,2.551872310903155,74.25666669770621,72.60033700903375,4.87259312761004,5051.098157753,0.4504332803882875,4.354538525142284,6.578984910996466,1449.4219695300428,84.53241726480057,15.838140044300443
2026-01-16 04:00:45.430432,5.044187352390364,74.49484426829717,72.54966502850317,5.102645528539664,5036.658965871128,0.4517086614552018,4.5110836378692225,6.695868332473893,1412.5188899453756,85.94643041801518,15.883545132217106
2026-01-16 04:01:45.430432,3.930205185922413,74.32118316799375,72.5156235470472,4.70220384377604,5068.907134024881,0.5118358560513196,4.3573536088576255,6.574146348154719,1493.9266446904505,87.2043906375424,15.78249470443096
2026-01-16 04:02:45.430432,4.554091408368758,73.78111925905777,72.58004717110535,5.633225310115094,4950.468838831137,0.5339274827310526,4.535833407119692,6.680061839407584,1474.016016388569,83.69764741221645,16.160085560479747
2026-01-16 04:03:45.430432,3.4800470364372345,74.10842519518194,72.54033058102586,4.612370167336754,4982.840421565665,0.40625671722491447,4.287135087548148,6.743095743907509,1424.3011067609034,85.4844884649793,16.055099748681716
2026-01-16 04:04:45.430432,4.306386952531285,73.6120575368724,72.29400554504461,3.065035882759529,5037.949084773006,0.5261010317555384,4.314841316570941,6.639351067172489,1443.0972553904683,81.2242755255553,15.87947767114136
2026-01-16 04:05:45.430432,3.473292218413172,74.1717170933527,72.50921584432663,4.850638504350359,5022.403917050645,0.47283992498118316,4.5818548716439995,6.637182217857343,1445.279316196879,86.40500603812671,15.92862727117718
2026-01-16 04:06:45.430432,3.6881155196520976,74.13518102385876,72.28526226821646,2.632522346626722,5076.619019129381,0.4903596956346294,4.445316154480522,6.680521999965843,1471.5769913301792,88.90932508692498,15.75851953801325
2026-01-16 04:07:45.430432,4.957015676933393,73.43905509814036,72.51621650858017,5.35377063089139,5021.026835295203,0.43302410382174816,4.401214192636776,6.633530177201873,1406.8146212936047,82.51112790450262,15.932995903874016
2026-01-16 04:08:45.430432,3.9046587996183266,73.65146484682629,72.40387041170236,4.020699769717365,5092.405455205278,0.4574191379906646,4.627084562107555,6.740913935187141,1440.0198347114042,84.81723747914411,15.709668191920345
2026-01-16 04:09:45.430432,4.108716436589861,73.91505833097688,73.00787632455658,5.163360354915801,5027.000890086157,0.5483062662765156,4.532762621732841,6.659609612472935,1414.78727113325,86.76096260182823,15.914061236346608
2026-01-16 04:10:45.430432,4.435033865344377,73.90974207585775,72.49202112324966,6.3140749815246044,5053.108372379433,0.5016431686990107,4.587209019553378,6.633991524588964,1444.2980896834333,85.0628349469331,15.831839356005975
2026-01-16 04:11:45.430432,4.2478409439863025,73.63715691937436,72.21915208674768,4.051251304732,4983.824252660777,0.4808610799145221,4.483375792767917,6.6229857236052165,1440.5499821383019,85.33019910298646,16.05193039407226
2026-01-16 04:12:45.430432,4.075209452571788,74.11669361880566,72.47316395786461,6.061256258512118,5000.714360594199,0.4941755823684483,4.767962869390001,6.603352576491349,1451.5938813476541,84.21800111695272,15.997714372650982
2026-01-16 04:13:45.430432,4.182480501233113,74.07544208268216,72.60387174912758,4.566610433313847,5045.547220191974,0.5244605912332151,4.43954861394402,6.618612250662125,1437.9025120198164,84.14369549382417,15.855564621384346
2026-01-16 04:14:45.430432,5.201707792619137,73.94171926040644,72.83467278923051,6.753194802065585,5080.6489085296525,0.5220247248081669,4.674449554935989,6.632466330317071,1434.9795321721895,84.82661169282925,15.746020132525182
2026-01-16 04:15:45.430432,3.9711906014832072,73.77326254995249,72.38210952001225,4.634847386801787,5036.461847465538,0.49624864998015994,4.493863395990009,6.625618046325071,1462.393133835263,85.08334284427872,15.884166786701227
2026-01-16 04:16:45.430432,4.100549523357484,74.31461213792497,72.18351440519527,4.159507014493308,4995.841411403269,0.5546479555448334,4.334548960508726,6.617091236293145,1459.0934548188516,82.63711747684538,16.013318560792545
2026-01-16 04:17:45.430432,4.525327198003806,74.4966221339265,72.6633674022862,5.687238450395288,5068.866751476417,0.5485231318453333,4.548284874574811,6.754942061517623,1461.027966855565,84.86795602810794,15.782620440100988
2026-01-16 04:18:45.430432,4.552762966478992,73.85493155484603,72.22388025882007,4.564210270376364,4890.401067186006,0.5206686014565198,4.531476256145516,6.598495246175526,1446.461998190183,88.13706787741866,16.35857650547114
2026-01-16 04:19:45.430432,4.59351515278019,73.81634992485355,72.4127689116985,4.158550485870991,4928.888274924656,0.5027305891455035,4.394867818576077,6.657331629382309,1438.5652283554962,84.16173241282219,16.230840615112722
2026-01-16 04:20:45.430432,4.3193651110145925,74.1473622996236,72.4484759028978,4.522160149296209,5034.081711183419,0.5328660547559769,4.407778072286528,6.679626050488044,1447.6229503595846,82.52549003425075,15.891676891592107
2026-01-16 04:21:45.430432,3.4284975436347582,73.8925911860759,72.48607330933997,4.955393467816998,5000.705417812656,0.5157133710900592,4.4975302356915,6.681505399779187,1460.023241401369,84.69716786402715,15.997742981427722
2026-01-16 04:22:45.430432,4.816715766150548,73.95818083980103,72.63783289141487,6.342180131244854,5030.275682556208,0.5530400035902974,4.534974781524798,6.647069646210877,1406.464405980563,83.57077437575141,15.90370091989607
2026-01-16 04:23:45.430432,3.426827303490656,74.2218959455174,72.36327314354273,3.065912254540423,5003.220376121597,0.5449780688369154,4.25293367171206,6.637964871407635,1457.882238607417,82.32331634935612,15.989701429465017
2026-01-16 04:24:45.430432,4.151317732619517,73.42719317374781,72.44525414956665,5.023080658950421,5028.5472847301935,0.4490873049291136,4.60531214525238,6.672577374561976,1456.1827637466959,85.27833692346525,15.909167294285947
2026-01-16 04:25:45.430432,3.622862074990321,74.3954906974558,72.49714592941012,5.624903594654043,4959.279858950341,0.4457018414629147,4.450550202618502,6.6633260824989105,1451.2430181217146,83.57943592569785,16.13137436791729
2026-01-16 04:26:45.430432,3.967930826703504,74.0218041572988,72.52991959150376,5.1934485749917965,5028.5243043039845,0.46493752277979616,4.366825251560182,6.637052058261625,1447.0137315625666,83.75057166629345,15.909239999402383
2026-01-16 04:27:45.430432,4.164381205151741,73.87655205663134,72.51956543494158,6.309865169433534,5049.720726410379,0.5488069345033461,4.594106655145193,6.571906071413779,1398.6776122813517,85.30685476077078,15.84246027341564
2026-01-16 04:28:45.430432,4.160678607725137,73.97322975373356,72.58720115504451,4.925654670241475,5061.027530196561,0.42118455016143774,4.4976382020581545,6.626603813883338,1441.2029347379919,81.93365080927533,15.807066751303157
2026-01-16 04:29:45.430432,4.210960377117642,73.98872880650616,72.66876790192835,4.8154485578140545,5100.677714732435,0.5197378694553997,4.621616577678226,6.5926724918146276,1485.7887742215476,81.51686069949776,15.684190312384114
2026-01-16 04:30:45.430432,4.806855634529324,73.48063960896653,72.57852682313019,5.592329547013343,5012.2049221751195,0.5181271545546481,4.543795226297975,6.616642022496684,1450.258025911366,86.34174438900386,15.961039351376487
2026-01-16 04:31:45.430432,4.22676715075699,74.44848146823597,72.59071710470184,5.0993138149513495,5013.695554342359,0.5581324029343097,4.499848549705195,6.6516611619258486,1443.8542032265057,81.13833279855183,15.956293941843365
2026-01-16 04:32:45.430432,3.8779216823546756,74.01239768968118,72.18355536665071,4.609591261719529,4923.841376791308,0.5090169345331944,4.484727005501984,6.6679368071998315,1450.3381239118023,83.0466446093853,16.247477097268547
2026-01-16 04:33:45.430432,4.482043584144178,74.1329006391342,72.51004553983313,5.516144039586379,4973.4294299430785,0.432839530470805,4.548271276055614,6.739022637564621,1457.09545737256,81.40032092922313,16.085480075046647
2026-01-16 04:34:45.430432,4.594735244462321,74.28546493117221,72.59590150960032,4.347471706783355,4990.345896299669,0.45203225196759383,4.458646874119067,6.6231296810548095,1463.1764048937894,84.02772706630233,16.030952896335265
2026-01-16 04:35:45.430432,3.3861960924315038,73.6936512627319,72.6457882389141,4.388822847980673,5052.515977613818,0.44090022390510875,4.41474274112535,6.688731281763758,1445.4223967368412,85.85611749530233,15.833695599272914
2026-01-16 04:36:45.430432,4.298700034924929,74.14204156971057,72.36152984515324,4.472005978234386,4969.449943795518,0.47310280168334296,4.560990912265464,6.665298001221892,1458.4983920478737,85.22467589746475,16.098361167694623
2026-01-16 04:37:45.430432,4.350586371155449,73.91970767273037,72.36819214502228,6.353069160166408,5039.817000987442,0.4908549216288037,4.4855512158555575,6.71479988353199,1483.533016055227,89.78374677891456,15.87359223248101
2026-01-16 04:38:45.430432,3.851218248320004,74.25403123256496,72.38517986494328,1.7789836440142865,4999.918914151831,0.44172792368894714,4.503356764806901,6.678811435979782,1470.1250159886542,87.173831235578,16.000259478922157
2026-01-16 04:39:45.430432,4.68785340665581,73.36183177389455,72.60728277997826,5.395598834762942,4991.141594244262,0.5735330995326144,4.608937983615461,6.5995759286356845,1496.8060043171397,83.1376842996868,16.028397209218678
2026-01-16 04:40:45.430432,3.9249722064837367,73.97027170992762,72.70677621098484,5.034271814200222,5012.444698456663,0.43373593140237793,4.488612339226426,6.563847698535438,1436.8645928329656,82.60588999034718,15.960275835987195
2026-01-16 04:41:45.430432,4.062788226735771,73.81915380326481,72.41850797854168,3.31912954076188,4980.442181387358,0.5673051711931241,4.501503392554179,6.665563084983376,1483.5237901500402,90.413375881951,16.06283078618435
2026-01-16 04:42:45.430432,3.913464087858065,74.12967888519024,72.6815924627254,5.309726779136002,4978.548137595367,0.559258151571967,4.440035048854907,6.623577450104981,1434.1865272015482,87.12514401146673,16.068941745462343
2026-01-16 04:43:45.430432,4.007789523790734,74.14101325621046,72.52469596183292,5.475751991831532,4914.760704710494,0.5449151274844518,4.543073993398185,6.6009843127024705,1457.0713229348094,86.17873921453915,16.277496465560358
2026-01-16 04:44:45.430432,3.451862456552399,73.78771223155339,72.47514284456751,5.5896392313574,4987.602289633605,0.46531166962516246,4.534982791268009,6.586621114773346,1464.649530584762,85.14970362443124,16.03977128775376
2026-01-16 04:45:45.430432,3.279974558702853,73.78634784074718,72.4577231540364,2.348171936955051,4976.0015926925635,0.517122543958845,4.590077513179056,6.658048774879358,1439.7844561619106,85.54704313495003,16.077165272109813
2026-01-16 04:46:45.430432,4.797252531612486,73.9668003894328,72.64932227292043,6.366389411854438,4974.200950532546,0.4361314433224691,4.442087116299312,6.725385384965668,1451.7592855494854,82.03585344903514,16.082985145872538
2026-01-16 04:47:45.430432,3.5765193258408363,73.73100733180544,72.56511556335741,4.262263295315159,5020.843653129502,0.5455453517516875,4.454218303040982,6.629566382714699,1468.2092220490367,85.31407834039354,15.933577208709902
2026-01-16 04:48:45.430432,3.5043038252718466,74.25259510863563,72.95516508552953,5.686567746753176,5032.9315976395255,0.49630076092318653,4.579213739914547,6.679513515553767,1435.7945820337618,85.14246279491803,15.895308419752908
2026-01-16 04:49:45.430432,2.9233049431981426,73.88923783986577,72.32955507140053,5.741073780682286,5011.609725232116,0.47953398927066576,4.525221300336287,6.644886682489121,1483.387669190953,83.19172231379704,15.962934942284386
2026-01-16 04:50:45.430432,3.680519126155249,73.12790353420351,72.603620340406,4.123302914380707,5049.770759522474,0.4388127576671865,4.409378187380731,6.585530895544831,1422.308067505453,83.92294709286304,15.842303306371301
2026-01-16 04:51:45.430432,3.338455103296251,73.88755338301345,72.39415979803769,5.66045995235155,5028.7780962915185,0.37612469406854915,4.6306554067734504,6.686740567175521,1488.7938288545677,88.03035278688711,15.908437093097454
2026-01-16 04:52:45.430432,4.821007580068184,73.68843685374681,72.32614260260227,4.614506759087642,4985.247190509718,0.4480729571482122,4.330154943159975,6.595265397798632,1470.0265226959918,84.74965015941028,16.047348695626138
2026-01-16 04:53:45.430432,4.504908544671317,73.51061725536172,72.497826572593,2.9286228206618428,4976.857185714281,0.5556399097806454,4.578428475326375,6.651081331529679,1448.2054884734443,89.14234260506622,16.074401377165167
2026-01-16 04:54:45.430432,3.655924827411138,73.62877200853323,72.5274704958814,6.167741925527779,5015.641111838342,0.4798583285762598,4.37347879640018,6.632923979249735,1441.9466357752653,81.51864112702523,15.950104526254322
2026-01-16 04:55:45.430432,5.126217902672154,74.03282254154989,73.08363471101202,4.2249550369837605,5028.6883554950955,0.4915335571442476,4.688578851648552,6.694653871728285,1439.8594347441795,83.95573962754851,15.908720991345598
2026-01-16 04:56:45.430432,4.490882743495797,74.39859224847447,72.46317083686336,4.145506537261946,5069.892215351575,0.5327777179144226,4.345540027309438,6.597092450376466,1447.2840871948597,81.90544289750616,15.77942816175873
2026-01-16 04:57:45.430432,3.8375843082456886,74.09395534215949,72.27396425410306,4.596934131963278,5059.558652247005,0.5902834439058132,4.615225065187275,6.669543495390099,1449.0300827690235,82.58115509221633,15.81165581793802
2026-01-16 04:58:45.430432,2.7502971425632134,73.81804898353528,72.55460214349888,5.272236725327388,4972.926349674642,0.5662502327472819,4.491836563998875,6.608010129632565,1475.1045249326917,83.3435885886814,16.08710734379448
2026-01-16 04:59:45.430432,5.145471286295371,74.1367712585512,72.08507199249073,4.9427295891778975,4994.899685993637,0.4513832498091906,4.4633397430161255,6.624444739383561,1489.3730820076917,85.63061925354118,16.01633767027006
2026-01-16 05:00:45.430432,3.305213766618202,73.86227290693431,72.48160864347915,5.548066924707171,5033.550890245889,0.4028714714281297,4.5185396656467764,6.4682399886229955,1453.9875984130801,85.53365234216078,15.893352773094145
2026-01-16 05:01:45.430432,3.177300626521554,73.79161988925105,72.50320505645904,3.660510633471341,5053.399888902949,0.6179807129550052,4.563190033915781,6.754604928580896,1433.087430240212,83.64141936074479,15.830926061417898
2026-01-16 05:02:45.430432,4.51128521600482,73.6536911995301,72.65892007658904,4.257613629569265,5046.94847343524,0.6134495805829727,4.409559949766913,6.677527846641312,1439.0854791872762,80.54440088532684,15.851162424400075
2026-01-16 05:03:45.430432,5.219876203169637,73.47445135797449,72.69472444988557,4.884002927678466,4996.8061083584325,0.5094226798214642,4.418421227483143,6.611632625703092,1446.3381843077743,87.95538574606431,16.010226986030055
2026-01-16 05:04:45.430432,4.692136409255259,73.88302288803217,72.39928607621846,6.897887292658705,4937.298867378574,0.4364755877209089,4.564960486511288,6.593767215583351,1429.3975578940644,84.42847056792729,16.203191694262465
2026-01-16 05:05:45.430432,4.28195456002618,74.04741604697604,72.46987719707401,4.886187461586242,4950.053181187721,0.548161326694697,4.32926570463504,6.625217562356033,1426.4211719578525,82.76741965939772,16.161442528341627
2026-01-16 05:06:45.430432,4.297377170832643,73.97101289899554,72.34677583387787,6.085222263661631,5013.631675715971,0.4946008156993695,4.441577090680791,6.685843976740973,1491.9425442474605,85.54986156214018,15.956497240810098
2026-01-16 05:07:45.430432,4.426707779390154,73.87520992161579,72.27438748903846,5.038555168784318,5017.111278971217,0.4943509438446695,4.804068695415944,6.555395753720754,1456.052270518925,85.40889034104634,15.945430657540525
2026-01-16 05:08:45.430432,4.379464294893382,73.71627618179096,72.56197895587613,4.516341362562431,4945.066031328281,0.5447229421552564,4.403198703541072,6.6429207790352836,1433.337337326393,84.35464707000007,16.177741509047436
2026-01-16 05:09:45.430432,4.1405957119846875,74.18247385750549,72.24528289028068,4.753275575885559,5002.228480544463,0.5167187373436649,4.614780279175975,6.738532093623134,1466.3320714071542,85.297062031283,15.992872039162124
2026-01-16 05:10:45.430432,4.052100551975938,73.60486042401602,72.41707461988562,4.831580287971119,5031.561217848589,0.44070925444925274,4.441404923128619,6.59330268320161,1426.4330775038632,82.68994031918396,15.899637614705732
2026-01-16 05:11:45.430432,3.9687034360502387,74.23280837415304,72.30096520802016,5.603645738960738,4942.438667124643,0.4837629032459013,4.550904514479714,6.654019251938183,1428.0797590425789,86.51982568635297,16.18634147796952
2026-01-16 05:12:45.430432,3.623017705566662,73.69933489432198,72.60993663725806,6.3746112675765545,5055.249860090221,0.5330576464330673,4.565435569059622,6.760165490762888,1433.939151978715,83.00626581048625,15.825132726193722
2026-01-16 05:13:45.430432,3.859662461566613,73.77426942879409,72.86028601985329,5.359680847686321,4981.123442572009,0.5255126111202509,4.612895673518294,6.681607581484539,1483.0902656173007,83.78886068939313,16.060633895612096
2026-01-16 05:14:45.430432,3.1535215929023073,73.5599644428153,72.23968240343933,6.187077678741756,5062.880655628833,0.5131008287179238,4.479974617318723,6.656296191024273,1444.9423986844324,86.29760363230315,15.80128101796301
2026-01-16 05:15:45.430432,3.950830186602625,73.84957935593431,72.12939630342049,4.035210262370314,4973.327377711205,0.5466711477237932,4.698888463875486,6.67533182274545,1401.1658602619502,87.40791793002047,16.085810147655533
2026-01-16 05:16:45.430432,3.5057044464245415,74.2925937375434,72.47502262292998,4.585369491185969,4948.668725855791,0.4819141506091368,4.441066343541482,6.629956733249515,1474.2013186635118,88.17154913609268,16.165963905002613
2026-01-16 05:17:45.430432,3.4482053413921143,74.15468842653318,72.50313955919155,4.275697465792334,4977.093150507914,0.5089334887609536,4.523422041359956,6.714981564265172,1443.8723727167528,87.11159647693314,16.07363928718834
2026-01-16 05:18:45.430432,4.089947075576739,74.29352663360841,72.54373186135146,5.314444590874853,4995.242593846134,0.33122104499112,4.524527693221761,6.630033498854989,1413.0118398824318,84.35185563239644,16.015238198552282
2026-01-16 05:19:45.430432,4.6960011431723,74.15664276378018,72.41073589695313,4.641041614820586,4980.576004661426,0.4775174903078593,4.3878031880050585,6.5520409195632014,1443.666330240732,81.91793386179907,16.062399193411828
2026-01-16 05:20:45.430432,4.459158303001156,73.66889905144089,72.4598721402349,5.729772937034196,4989.1999289213445,0.5381951454287822,4.471412774502088,6.630434844802977,1460.4200779320981,87.81011117120579,16.03463503962966
2026-01-16 05:21:45.430432,3.2147496981884114,73.90076323270173,72.57350208210812,4.068998288367559,5016.698257483809,0.4804802766441429,4.516151349923841,6.6016632735061656,1458.0809833306594,87.74139197780995,15.946743434420759
2026-01-16 05:22:45.430432,3.505185931714831,73.76594026126476,72.70808617852897,5.043030973321281,4991.44103151018,0.4766886304141444,4.456787895687058,6.635940299390129,1485.9682995832964,83.656047693293,16.027435663363065
2026-01-16 05:23:45.430432,4.4703855939941075,74.39917247121171,72.10899024593634,5.686857911012256,4996.6943803024,0.4479273524112591,4.744092396545653,6.637045797045968,1432.9446427486014,86.84237807564912,16.01058498101667
2026-01-16 05:24:45.430432,3.5087563032308453,73.6409634060721,72.42621211219371,2.9346972249593897,4914.53868003987,0.5501682946364572,4.416137632640047,6.709871159990246,1450.9344024052994,84.33564441213852,16.278231835861952
2026-01-16 05:25:45.430432,3.887683425001488,74.26810930681674,72.54276175878822,7.121631307330203,5019.584900800523,0.5274231636770286,4.617942446814043,6.684764636333219,1436.0086144284317,88.00255376702346,15.937572843372287
2026-01-16 05:26:45.430432,4.275026049512276,74.26788616103264,72.31640477907786,4.716848115120125,4995.539835115416,0.5412707298911542,4.585645981314879,6.66316327437877,1419.1561421162555,83.97027067519244,16.014285270563096
2026-01-16 05:27:45.430432,3.5158277725681826,74.54888606051483,72.84623392635346,2.974960086323827,5080.514649024143,0.4136893019021055,4.498613786549573,6.649852729433371,1467.710547446119,88.957302575097,15.74643624251064
2026-01-16 05:28:45.430432,4.05268775307298,73.87709402221115,72.37291802395426,5.158093898576786,4953.0217416373025,0.4919774978367183,4.413479094614775,6.597057099557101,1459.2653913829504,86.57224109519649,16.151756275867807
2026-01-16 05:29:45.430432,3.3329872525408977,74.21369664787404,72.49174146259854,5.033443467973151,4909.585233575024,0.4859944496124997,4.423174467960823,6.540941238116717,1455.6735689939771,88.59508968937197,16.294655494094805
2026-01-16 05:30:45.430432,3.699316178024393,74.68449555096166,72.61120441936846,4.918105620427507,5030.903424696502,0.4859714146700724,4.448203270078349,6.655658000569639,1458.535803865173,84.07240546070024,15.901716500317463
2026-01-16 05:31:45.430432,4.159890967071268,73.8147074969199,72.38174304223962,5.991191112926666,5017.32635091565,0.4691986228141022,4.321425871805373,6.689732060178684,1436.2905429462317,85.81005920888839,15.944747143147302
2026-01-16 05:32:45.430432,3.2035031332341655,73.53948792574029,72.13068539043911,5.747444971427056,4949.578348973443,0.4826947864109992,4.3996534574200705,6.644583305837771,1429.8860982536362,83.06144160331127,16.162992958095558
2026-01-16 05:33:45.430432,4.220237368980199,73.43599698982767,72.4142690946167,5.297876191023845,4923.512552249796,0.5424822391353326,4.351752348463636,6.623257283860665,1450.7529474433873,86.68797850423839,16.24856221062015
2026-01-16 05:34:45.430432,3.990181100536659,74.2138136086584,72.7058881111854,5.450155633946648,5076.869836534214,0.4043574323326085,4.634587500317772,6.673225108260711,1473.2242280482324,86.79808306567425,15.757741004960046
2026-01-16 05:35:45.430432,4.276244977208574,73.43505493758242,72.43262097464297,4.895641550561914,5070.705519530339,0.5888647384015226,4.561846239238822,6.645833389968783,1482.161542709071,89.79404783640237,15.776897256579353
2026-01-16 05:36:45.430432,4.111957067032331,73.88830428411862,72.33071313970821,6.7754908492400485,4875.627162064694,0.524192056251323,4.578597409886546,6.7342872095986985,1465.9086541361487,85.9640795944393,16.408145524835867
2026-01-16 05:37:45.430432,4.682070214986922,74.13119395611169,72.68513444190054,3.520803981642233,4977.088848537175,0.49788340521698937,4.558883195154195,6.711636417103414,1450.583488535362,86.44818840501219,16.073653180515944
2026-01-16 05:38:45.430432,4.062612251323953,74.05555266104898,72.43384502079539,5.139651674215896,5083.209602739195,0.07376076909267756,4.516696762333416,6.697975402851167,1455.3956785879986,84.05833924699243,15.738087990093955
2026-01-16 05:39:45.430432,3.7852972294373735,74.12763345925525,72.39796783726996,5.0650246311887805,4976.196872111107,0.10932939381872613,4.646068033212914,6.687886705710495,1450.2318771865075,86.08275874527048,16.07653436067949
2026-01-16 05:40:45.430432,4.061148751516142,74.06668695674026,72.52989121793266,5.813280406064593,4975.469388298668,0.11456476214611731,4.438923734426826,6.585491629277428,1429.4811332060115,84.24021758262484,16.078884976791212
2026-01-16 05:41:45.430432,4.271649014518194,74.38365974399402,72.65415004192376,4.156146122575101,4985.862033618531,0.09715697652796362,4.510666965536704,6.68314968510263,1450.492947564211,85.231721517684,16.04536977970474
2026-01-16 05:42:45.430432,4.024430035162852,73.71430508577836,72.97634270634651,3.2563273976034637,4943.955151311592,0.11786135653973547,4.574705882782412,6.668816297882329,1423.30346364823,85.3490313230916,16.181376560177053
2026-01-16 05:43:45.430432,4.020295845601941,73.79690145846244,72.66544722153148,5.156823016098193,4914.761212788598,0.10295303681074901,4.367879076814387,6.680321236419559,1447.5184554779391,84.29539025330166,16.277494782825595
2026-01-16 05:44:45.430432,3.6490041560966224,73.76820216641875,72.73196799327766,5.281230492218604,5052.627365536738,0.12434259842312226,4.809658889614255,6.674630474340653,1482.7221022119263,85.12589019308399,15.83334653682731
2026-01-16 05:45:45.430432,3.668549541224526,74.24905754355878,72.39880676020243,6.489599409447649,4907.853154687617,0.06955589390148292,4.502856576277758,6.6726381293924035,1466.457184455667,84.24940966057316,16.30040620176053
2026-01-16 05:46:45.430432,3.2986973641001534,74.27011957651852,72.2948263788061,3.7296379536749136,5012.363572605438,0.09302449477986262,4.51419894505756,6.78504332347748,1431.5376163152694,84.24053774993232,15.960534155429555
2026-01-16 05:47:45.430432,4.8747883715934694,74.13536759579556,72.51246626992382,6.15469376671672,5044.328974637882,0.09856373714297931,4.625687803167493,6.646190716502405,1448.5514186071543,87.15332930300454,15.859393866305671
2026-01-16 05:48:45.430432,3.3780683823043574,74.35504810006698,72.52143398305192,7.3674143640271215,4927.438685054942,0.04655585231057302,4.591495533301022,6.6968168690414664,1433.3124737649052,85.35082728365282,16.235615522247333
2026-01-16 05:49:45.430432,3.6535474011020463,73.64658773978708,72.28429745172708,4.622235112477523,4953.786579870246,0.0782809453284293,4.5038078019396455,6.6264505094868005,1448.7497246364558,85.69413254440056,16.149262530824537
2026-01-16 05:50:45.430432,3.640796367215401,74.50016723346535,72.4649410940192,3.709057780506776,5060.658959419579,0.08372801491282428,4.513012943809804,6.689532079194384,1470.8221563304912,82.08539046202893,15.808217989298257
2026-01-16 05:51:45.430432,4.447462188472221,74.45697158651367,72.57986352034382,4.593025633626629,5026.644586011352,0.11896411989646699,4.349585146905202,6.696965994511623,1463.0601587661981,85.84691666366078,15.91518927409986
2026-01-16 05:52:45.430432,3.852525160853986,74.22068659917372,72.57207867900361,5.014004967371381,4969.135714656056,0.08586313307370799,4.444353422215002,6.668221303856768,1499.6828816149068,86.06084692795048,16.099379166490984
2026-01-16 05:53:45.430432,4.623871036336867,74.53453967263131,72.60085757067685,5.5637878750069145,5060.112450168059,0.08363842025388046,4.551721021615896,6.7334623471188255,1473.8495480501515,84.20332275462249,15.809925330284509
2026-01-16 05:54:45.430432,3.663254687878066,73.50301303769666,72.55819294602749,4.408605270161953,5060.326786172715,0.5552238851918734,4.544389283904288,6.605786198181979,1454.080007621554,89.17005935252138,15.809255682577474
2026-01-16 05:55:45.430432,4.139497081111901,73.8426655591212,72.39859826814599,6.555198534147342,5013.4526346507855,0.4936420701562558,4.622116575000408,6.6256389529165896,1463.542999482666,80.42154547163187,15.957067081291461
2026-01-16 05:56:45.430432,3.5823264733701214,73.77940896179541,72.39721987467023,3.885467684991938,4954.991988606317,0.5320939530738884,4.487949894177667,6.660619004301175,1445.9511365163332,86.56873427154109,16.145333874192897
2026-01-16 05:57:45.430432,5.072574563886694,74.2164437971272,72.26020972040122,3.2607948478272,4979.32756482641,0.48084525394201033,4.3612713486569135,6.694040342674212,1427.44991505827,86.42560960990973,16.066426431776428
2026-01-16 05:58:45.430432,3.4062007904852436,73.68495777811935,72.85695500783702,6.106710424287318,5014.3193371977695,0.45384638018422113,4.605673043077568,6.658971476064747,1476.1155315657504,86.08316586399883,15.954308974008754
2026-01-16 05:59:45.430432,4.154910355113514,74.22724854480124,72.50269007292385,2.7253789687938004,4990.570258542625,0.48652531221480066,4.643608934618202,6.714287951825528,1470.179829538633,85.35242541127725,16.030232189008807
2026-01-16 06:00:45.430432,4.316888440466049,74.41116084319901,72.45502938884103,4.795870231127283,5046.9478589117425,0.49618609241302086,4.589824457285623,6.616915506451685,1445.1789157081207,86.10135864525007,15.851164354459993
2026-01-16 06:01:45.430432,4.206899548725749,74.2085608700252,72.3142415837095,8.117681129208048,4923.511295994534,0.4169209505411004,4.4836366329142505,6.592971075525573,1455.4787147386269,86.73635095911179,16.248566356511276
2026-01-16 06:02:45.430432,3.9073561705611457,74.08512530709845,73.08713158046555,4.987956447040069,4925.286823546688,0.543016627970836,4.604438605187658,6.665406416826825,1474.8187837476962,83.54822483233602,16.242708874849278
2026-01-16 06:03:45.430432,3.935089650133287,73.70363799772977,72.28533439355542,3.8792323493037504,5009.0435555741215,0.3616337288698801,4.842891047800821,6.6461409861943155,1466.9270285241205,85.59839124436017,15.971112870634771
2026-01-16 06:04:45.430432,4.021905735989555,73.74594471016239,72.41423041487879,4.942602536213206,4975.422779309655,0.6357408469743161,4.511515231444047,6.677143186017911,1420.737974975006,84.6333663159534,16.079035601292173
2026-01-16 06:05:45.430432,3.9264989991857555,74.374885671589,72.58316736725722,4.949199211380466,4968.647569265113,0.5750939566898159,4.368826330775487,6.648629885456675,1454.8724004297965,82.81246319954899,16.100960851975337
2026-01-16 06:06:45.430432,4.481939558397455,74.2338047011716,72.62004259314885,5.1606499403531165,4911.59716404128,0.4869495637913843,4.441371495044785,6.6329990104688274,1446.6473694902327,86.43433994922658,16.287980737853452
2026-01-16 06:07:45.430432,5.105261500795676,73.98829414418674,72.69158641104313,5.6622629821596195,5000.977292239909,0.5004713180281887,4.562547600030405,6.646253121413814,1472.2600139827737,83.87127915063193,15.996873275976915
2026-01-16 06:08:45.430432,3.721254107496083,73.87462713627023,72.86152170155385,3.9608888316322606,4997.362244599962,0.5151485936793642,4.339519568910194,6.65144244473966,1470.6208547756532,82.00428265044107,16.008445272592798
2026-01-16 06:09:45.430432,3.3150985102104613,73.39225763806658,72.60123153109214,6.687548055236793,5032.673949097587,0.4705419806005529,4.516940307491207,6.634750935007584,1476.3721565635608,83.9217786785967,15.896122182591396
2026-01-16 06:10:45.430432,3.9558589758243725,73.67874427439467,72.28879384000666,5.245114284372618,5003.445306656048,0.5096309573793468,4.5380336650315884,6.639843397683829,1427.642113225596,83.40220220381374,15.988982610357818
2026-01-16 06:11:45.430432,5.289854668827159,74.57342572614192,72.44861097497564,5.726794046401804,4993.369796087975,0.49280000111491695,4.653512173981265,6.629820333150655,1434.3177693188752,87.05695801838021,16.021244824021547
2026-01-16 06:12:45.430432,3.5981627160151346,73.61586332869926,72.56156647450278,4.371850600244358,5058.850031839517,0.4952863641384517,4.63101948560543,6.692833255993471,1472.2816487227087,85.30638628111616,15.81387064184429
2026-01-16 06:13:45.430432,4.819558402722034,74.05684394636633,72.91364520830116,6.286382136995534,4934.376634827572,0.509073053174032,4.586458479175177,6.659701050225291,1438.1670836931512,87.76476549137988,16.212787535379437
2026-01-16 06:14:45.430432,4.838850407038221,74.30223319195856,72.22043890431515,4.742947591186935,5026.819460942379,0.43432361008230025,4.283732098948547,6.762837623608439,1419.5713403817138,83.66688753753391,15.914635610367112
2026-01-16 06:15:45.430432,3.7232058791460028,73.62352319959932,72.74051530104505,5.277552513493532,4916.442641760233,0.5019784862066824,4.592105312804793,6.658035227563923,1460.6519297522814,86.748339743793,16.27192786110846
2026-01-16 06:16:45.430432,4.284491539592637,74.05541314243432,72.53598287390929,4.06689392281289,4958.081905999959,0.5081723873308739,4.570551338606025,6.622457126483567,1439.0556311946805,90.67924582961582,16.135271969426125
2026-01-16 06:17:45.430432,4.814198311564269,74.2813746612532,72.6675661070459,4.003068373597873,4939.367143368834,0.5064424810677958,4.525594437707834,6.783533768743154,1485.795815406168,85.71206493425429,16.19640688329902
2026-01-16 06:18:45.430432,3.8104361295062565,74.00374979657218,72.47960105667282,5.688205306452883,5039.097126772596,0.48920846222819225,4.326977787385451,6.670681318885717,1455.9236910797692,86.7232977246463,15.875859898584215
2026-01-16 06:19:45.430432,3.898209819948819,74.86052091670003,72.33151347397474,4.556393169792614,4996.72948832023,0.5568928887984685,4.422322609081294,6.699506239344641,1453.2051857328333,86.3870353284508,16.010472487453768
2026-01-16 06:20:45.430432,3.7091595430256783,73.49942022233654,72.65017455588027,4.146176912495623,4999.324837770351,0.4823173722559224,4.383317723046593,6.679605149160125,1442.6151221676848,82.15584934514834,16.002160810914457
2026-01-16 06:21:45.430432,3.492621634653567,74.31761855896517,72.63088620542112,4.35681665797297,4944.663350613528,0.5113662953411595,4.298499156049291,6.681150551464888,1481.8167066785395,86.1716345949349,16.1790589828676
2026-01-16 06:22:45.430432,3.6753612274669964,73.94815947878106,72.69441139314794,5.698953071717421,4985.015325203355,0.5648648766962773,4.4997084848585205,6.676782702567624,1457.1710891977964,85.61291264129913,16.048095097227517
2026-01-16 06:23:45.430432,3.3880298666188717,74.231576046451,72.49733907292428,4.370962138796389,4961.826734834544,0.4960311929989844,4.420217787855722,6.594895771761197,1441.830009636876,84.48050523320339,16.12309423026793
2026-01-16 06:24:45.430432,4.017041734129613,74.13239214550977,72.38003559533603,4.882345068397836,5019.17275074271,0.5107231633733775,4.762530558026891,6.668376452378071,1434.1183258678911,83.23192725159024,15.938881559349003
2026-01-16 06:25:45.430432,3.615013384470679,73.780053140867,72.18824260099524,5.015027750287097,4950.44544323342,0.49518076818425516,4.483122806056209,6.5837569348074885,1448.5305389087157,86.38796648065407,16.160161932366922
2026-01-16 06:26:45.430432,4.1168929558953735,74.0686989177378,72.66387465362789,3.082651113989701,5066.4897182602535,0.5618684896781799,4.629375315586596,6.641281858179374,1430.447063256904,83.05519252077876,15.790025135483871
2026-01-16 06:27:45.430432,3.2220521768981865,73.44262956458051,72.5847778964888,3.528873594626482,4916.220977518795,0.4871137719206852,4.343090097530678,6.613719127171836,1470.577548833579,89.26729120936379,16.272661535319312
2026-01-16 06:28:45.430432,4.165440116107229,74.18097425017142,72.30684347342721,5.336277889247563,4959.674008377172,0.5641677288644102,4.446991041399513,6.667873509292437,1413.8331589195154,85.22833816697626,16.130092394152406
2026-01-16 06:29:45.430432,4.416764480804463,74.08944753979716,72.39228526534067,4.262970638847303,5083.860025498305,0.49482060526764676,4.509689787603431,6.666706312366912,1447.2097194333385,82.55338590442699,15.736074478596338
2026-01-16 06:30:45.430432,3.003132178714272,74.19159805059293,72.40664823760972,6.056724911280418,4978.243062601899,0.45702701382759914,4.409184605139233,6.67405729453826,1462.2026709017587,83.97200744334332,16.069926476869867
2026-01-16 06:31:45.430432,4.187028284923786,74.31743549752615,72.20340311360351,5.966807104250544,4934.25606677978,0.533968658528706,4.457779931519526,6.664364828637455,1456.8423884021931,84.44373132342037,16.213183693202613
2026-01-16 06:32:45.430432,4.613834496236646,74.11028595206291,72.33646352067898,5.719168666355437,5010.953578126883,0.4847666083122172,4.478204909375646,6.619658732910681,1435.6543405396867,89.82475330784769,15.965025169900766
2026-01-16 06:33:45.430432,3.3951794906543973,74.04442682593948,72.27323392863873,6.819771787312598,4976.230387889273,0.5310250449549582,4.476609201455511,6.636949825532416,1463.205174134131,83.23082210638101,16.076426082421186
2026-01-16 06:34:45.430432,4.836286193418852,73.7356794990016,72.4175041976224,4.916910672256817,4958.206487219085,0.36352978075381326,4.685511857303535,6.696019808062725,1432.279212232282,84.76756547349723,16.134866550277476
2026-01-16 06:35:45.430432,4.209509504683022,73.78633377090529,72.35226050033408,5.648881925903839,4945.206459460064,0.5002602630947474,4.537822628543151,6.70339283386472,1449.5523068700638,83.92434326026995,16.177282112653128
2026-01-16 06:36:45.430432,3.6474940721207956,74.3560203860532,72.17459901582664,4.415599023403969,5138.418680281297,0.47701973506212597,4.5479510562941305,6.592660845068673,1463.036831439607,85.99851697116333,15.568992131178474
2026-01-16 06:37:45.430432,3.972115461171147,74.4309006217118,72.90451804611389,7.452369912868724,4987.422404990793,0.44683706567343606,4.553965477434507,6.573453618374368,1459.2582555898623,83.9562331725899,16.040349804729978
2026-01-16 06:38:45.430432,4.279163456260862,73.92856686910639,72.75050814620585,6.983633652436019,4903.721631983356,0.47233794990801004,4.561262637733711,6.613655530839765,1436.4992197716106,82.72188666772058,16.31413975014794
2026-01-16 06:39:45.430432,4.038002695706206,74.01380082417599,72.34419611569601,5.011880434517792,5074.685487950277,0.4713148427853674,4.491711301612513,6.702260379101613,1473.9498903312872,84.6094108404076,15.764523769986956
2026-01-16 06:40:45.430432,4.269377996223184,73.72861568750187,72.55448427933072,5.386586229905192,5030.553545255529,0.49760071025747094,4.467925362852116,6.7107442015091525,1451.7338914297106,84.40121231333552,15.902822478741028
2026-01-16 06:41:45.430432,3.539663203460317,74.35182705358024,72.58349301796426,6.3592975993648055,4961.676678449011,0.4316336769357522,4.5166816059518275,6.603764405979942,1464.859908218783,83.81551124475197,16.123581842299224
2026-01-16 06:42:45.430432,4.084680412018039,74.19962504710753,72.7382171709547,4.852860495185893,4953.344045565693,0.5158136890129856,4.615680394891347,6.665365467686818,1480.582020133465,83.92237928220577,16.150705314244664
2026-01-16 06:43:45.430432,3.29314275154751,74.58236523093912,72.33627899466798,4.343375929200295,5033.673639807912,0.5683107392602894,4.612623818843638,6.741721566657005,1472.3504109754922,87.36939159576201,15.89296520285587
2026-01-16 06:44:45.430432,3.9443869693256497,73.73650307684608,72.71842135679648,5.873989751006882,4987.654083625527,0.5140464248473913,4.475960152431159,6.670765573862017,1472.402588126621,84.36051957146499,16.039604723719727
2026-01-16 06:45:45.430432,3.548046179267605,73.88659763029453,72.39041893915861,5.07843924608367,4903.701109077745,0.5404494304614504,4.576784369466811,6.721075164261655,1453.8535985969895,82.73174467504313,16.3142080278718
2026-01-16 06:46:45.430432,3.6322350287051166,74.06943377675768,72.23282751916628,5.1829944496452605,5089.361998230233,0.5547281227306897,4.480541533696033,6.6999363285041555,1465.8787024182102,84.0757680724003,15.719062630604597
2026-01-16 06:47:45.430432,4.618046587605218,74.19394686131773,72.6448273118629,4.165728656932035,4978.300476889202,0.5618244756092088,4.503387054943524,6.604490064688605,1454.2719314912863,85.10867131893079,16.069741143867176
2026-01-16 06:48:45.430432,4.545655060297134,73.93529970873571,72.75815168482448,3.2823278516366035,5074.778586824122,0.5935069346410653,4.45264766184458,6.640500928825147,1425.8135106444317,82.32746072689729,15.76423456339704
2026-01-16 06:49:45.430432,4.304569060453589,73.7381116728639,73.01758179470613,5.236142409879101,5063.9217478982855,0.4750399000862035,4.481835486109377,6.651737723914593,1456.0548758501009,88.25195592001279,15.798032430734727
2026-01-16 06:50:45.430432,3.4538436176637104,74.26442225867707,72.26005494698195,5.9049620414941995,4949.949522775859,0.46407580074194416,4.634133006954968,6.655206669401068,1455.1272196747693,86.73515895501255,16.161780970068794
2026-01-16 06:51:45.430432,3.841795775152599,74.21634060876367,72.63978393701616,4.774193250923958,5051.659493218157,0.5391732824162367,4.509242114733923,6.695816447671929,1461.6745872304364,87.86034548723755,15.836380125659664
2026-01-16 06:52:45.430432,4.606548849989592,73.72511776983089,72.4180397512413,6.4364295195588666,4967.427872506816,0.53541331098287,4.513528250855232,6.670434238113771,1447.440060495732,85.78425625097536,16.104914264135644
2026-01-16 06:53:45.430432,4.070858456819952,74.40663284033165,72.6566717421048,4.296083674584455,4906.664970659803,0.5387837649807845,4.355278222074205,6.503189952811095,1434.770888864723,80.8126050997398,16.30435346174498
2026-01-16 06:54:45.430432,5.159664769990847,74.35105961275899,72.20590208975375,3.94529554503408,4978.770091698892,0.5944641227125126,4.469075609236727,6.584357986345364,1463.1301216635045,88.07066743327702,16.0682253903196
2026-01-16 06:55:45.430432,4.196658919697186,74.04028894917434,72.24744604486028,4.932769692803869,5019.881875088814,0.5005684954399247,4.475868509625527,6.540630954251198,1423.7345542549551,83.27286328058021,15.936629982669583
2026-01-16 06:56:45.430432,4.096024558245015,74.0238793587128,72.3448250353667,4.91740742464871,4976.863167600183,0.5213078279823092,4.417085651455659,6.658768262032767,1479.1763827171294,83.4356265119958,16.07438205671537
2026-01-16 06:57:45.430432,3.845441767898749,74.16621733133478,72.51579280913361,5.769968731335222,4984.647582953745,0.45098058742582625,4.502166541170356,6.662024382473389,1445.3716387759002,85.31265028791088,16.04927904503823
2026-01-16 06:58:45.430432,4.066770452391141,73.74148907892312,72.37178374669233,4.2250371759360155,5057.178302246431,0.6067660561987979,4.457081770977235,6.6641612479305365,1454.9105634411233,87.7564596933403,15.819098164773722
2026-01-16 06:59:45.430432,3.9237650818097283,74.00900944374922,72.63181086878268,6.368094236814898,5005.324699014504,0.48317275393954445,4.507999585524359,6.60205358661427,1461.1711630656314,87.1065742679048,15.982979089398766
2026-01-16 07:00:45.430432,4.354054338344295,73.35428493661725,72.70537892365158,6.966916962508254,4957.835084435752,0.4845892035919585,4.512150300981894,6.683707200255999,1461.8137608968839,86.81256224035204,16.136075250091693
2026-01-16 07:01:45.430432,4.478351158397292,74.26293669365089,72.61991550824906,4.960855973031658,5035.101516183367,0.4826625054495879,4.404424564217735,6.685813124823427,1421.8203140009653,84.37634589425089,15.888458205434638
2026-01-16 07:02:45.430432,3.607005269746025,73.53155203326745,72.82375752793217,6.249710420184319,5009.883778347712,0.4677552070677831,4.460129821751681,6.587242546639742,1466.4817316108852,84.34478494781578,15.968434306950021
2026-01-16 07:03:45.430432,3.3343835232211108,74.4510259485287,72.58316532589107,3.94350292937474,4873.919759926898,0.4635281475576175,4.507737428276084,6.5766980899275564,1456.0630765675255,85.69188733596013,16.413893527291037
2026-01-16 07:04:45.430432,3.081897313448352,73.90096397181007,72.25662065793196,6.075221541181916,5021.4176456885725,0.4738147858555237,4.618429943115673,6.6499934156886535,1437.2947723088278,84.73985831743293,15.931755859560617
2026-01-16 07:05:45.430432,4.253995663456272,73.93649990542065,72.77267530270767,6.047276408559463,5019.591435385805,0.43171020359745277,4.525671917279574,6.739589113680668,1435.0066609810817,86.77863581465871,15.937552095582298
2026-01-16 07:06:45.430432,3.4483166969130634,73.81167982817465,72.3789687528788,5.863437280189879,5001.006056479043,0.46073410398683806,4.433806482008257,6.734987137109933,1443.318938358863,86.66023532899045,15.99678126691252
2026-01-16 07:07:45.430432,2.9235547035237586,73.91358833782337,72.68208369993711,4.984436911129706,5044.585029053479,0.597448155572381,4.5399004759243855,6.678170218022403,1424.0251662677902,86.18268264234541,15.858588870888848
2026-01-16 07:08:45.430432,4.194289302265482,74.42555940354441,72.81474684331103,2.045751058757969,4966.3803207836745,0.5367827571820685,4.670754888932176,6.613500166420996,1484.4453478197406,79.94807743646125,16.10831125139774
2026-01-16 07:09:45.430432,5.2464997587163955,73.25365740303948,72.59133760214608,4.35827285634787,5016.824989441045,0.5462952088363859,4.591670647258902,6.6943421329744295,1479.7230265028668,85.25597672735452,15.946340597564536
2026-01-16 07:10:45.430432,3.996964544230053,74.38308961582645,72.20076823736707,4.374083982315398,4921.652031441632,0.5588604393708457,4.554752653043562,6.627378786759548,1459.0340040195188,84.7822922385346,16.254704617255662
2026-01-16 07:11:45.430432,4.419245387225821,74.10140704433051,72.31635756669804,4.021745061939523,5020.354519169941,0.5917067282181195,4.572559017548232,6.61162464816631,1445.5320316731581,85.33605120351906,15.935129619735916
2026-01-16 07:12:45.430432,4.040914679273783,73.63789350564284,72.76454889337703,5.122243004547066,5097.652984776995,0.4114288724278078,4.6439954041428635,6.542801658418901,1446.057840241252,83.49135072290719,15.693496642259127
2026-01-16 07:13:45.430432,3.9505551734044286,73.67740628208523,72.46617546287143,4.581036554478765,4950.257182376623,0.43850584423567296,4.607562679401766,6.655119109917383,1465.1613141234793,82.35042817920154,16.160776511735076
2026-01-16 07:14:45.430432,4.459538241493885,74.50291790816246,72.51591470698844,4.175387990234978,4962.009893400611,0.45981381695526574,4.556676038111766,6.618506632543132,1485.156537990039,85.92627695995009,16.12249909182943
2026-01-16 07:15:45.430432,3.854862727905674,73.71634793601719,72.65176488323272,3.94119985175218,4964.499227855423,0.4765135101755201,4.606864221959008,6.6548215189764255,1438.5920652080652,84.28739736453588,16.114414833851953
2026-01-16 07:16:45.430432,4.133696157035952,73.6539948468212,72.63926457241607,4.284487014514771,5006.49991129008,0.48497153047073754,4.391834890373594,6.535032115188147,1427.6482791475335,86.1493859874152,15.979227288028756
2026-01-16 07:17:45.430432,4.160848903098007,74.34119436270942,72.5557599624771,6.121499211849928,4946.848186357314,0.477651122359698,4.349773474765972,6.658491333629184,1480.9528154719055,83.65817124463045,16.171913304440658
2026-01-16 07:18:45.430432,3.6659547731784756,74.10156586288578,72.4582663257559,4.338974945372506,5021.062368934549,0.5109654456566027,4.515709865064383,6.528443941801419,1414.2572282483109,87.83182128098535,15.932883147391715
2026-01-16 07:19:45.430432,4.496021174768261,73.71862232703909,72.43746631085352,4.485061293566727,5042.341997273458,0.5017647695372608,4.506868070965054,6.704397012663428,1429.829383834947,87.00212968514153,15.865643394132793
2026-01-16 07:20:45.430432,3.9125201216522956,74.06498749262138,72.67157976505827,4.543302384976753,5026.717360672689,0.4638582602410875,4.4456089946486745,6.676094561706755,1445.062842149783,85.59365421709177,15.914958860804973
2026-01-16 07:21:45.430432,3.6221274202535776,73.69227419490792,72.61071390621356,5.338993513809419,4911.579228718097,0.3912225611506215,4.582585266982771,6.636066761428771,1418.7913306438993,84.57342317322811,16.288040215708723
2026-01-16 07:22:45.430432,4.268254921785202,74.33024641952679,72.44853999987644,5.456249488528533,5049.75838325793,0.4503565647310651,4.313713641354877,6.678135993004104,1472.242981256132,86.7048177555964,15.8423421336818
2026-01-16 07:23:45.430432,3.5507660091044815,74.31841128946193,72.71642246259863,1.955343460756838,5046.868370712684,0.47253806733437126,4.44652277439422,6.601096286866823,1467.138105410102,85.78509563047481,15.851414010368364
2026-01-16 07:24:45.430432,4.014090578684564,74.15960185964659,72.47419317697404,6.021635213827608,5041.508068617315,0.487646028159614,4.451504445512239,6.653618775780745,1438.5041354556936,85.47716837586121,15.868267770508757
2026-01-16 07:25:45.430432,3.995440501677898,74.1084983183741,72.32966756513312,6.436368034243754,5018.642112432792,0.44351662703447314,4.336369821490054,6.689738701923017,1475.592282383555,87.08573081911922,15.940566832174436
2026-01-16 07:26:45.430432,4.542947782915789,74.52835643746022,72.34820586021934,3.9498134626383306,5011.009465710256,0.47545967667517897,4.64947310072693,6.495285537545431,1478.9858485680766,87.85307230881328,15.964847112628805
2026-01-16 07:27:45.430432,4.237349116439977,73.99990589821647,72.30425183273805,4.0277017552651655,5051.61946990632,0.44345063057572065,4.364079873133668,6.627638782016124,1447.7365870341987,82.49517763102891,15.836505595201446
2026-01-16 07:28:45.430432,3.987486520627428,73.64543776237376,72.44551799667926,4.549746612221728,5096.1756743801725,0.49370903242258335,4.441165994269231,6.6488677934931815,1440.98663644864,82.89923178530039,15.698045968505603
2026-01-16 07:29:45.430432,4.408883149600143,74.13484217384969,72.74674485566725,4.243995980543395,4952.3479768317575,0.44634543358186923,4.5907979757805135,6.640185319112712,1495.1920405548497,83.4394785490424,16.153953715340425
2026-01-16 07:30:45.430432,4.695103774508657,74.62581411486113,72.3389809637939,5.223926873946606,5053.906269789739,0.45755476718147675,4.564604534342873,6.722855091311371,1464.423236441683,81.99515080471289,15.829339866908196
2026-01-16 07:31:45.430432,4.2789051531759315,73.69557215204425,72.53769515220363,3.053474713641136,4995.689145099627,0.434565793450543,4.389182530351525,6.593804943753856,1455.126493059377,84.8745029488617,16.013806639364986
2026-01-16 07:32:45.430432,4.005176309921691,73.8915611699918,72.36866213087451,3.88207239196326,4993.51634739857,0.4923249652215108,4.568248920926064,6.618942037827739,1477.2709189327923,86.200232910489,16.020774627417993
2026-01-16 07:33:45.430432,3.34408188382492,74.12493381143044,72.4479381917457,6.5391972001749075,4923.173465480898,0.45667761150238007,4.528978447865822,6.5542065486845775,1456.0386127000604,84.95716341009533,16.249681340892092
2026-01-16 07:34:45.430432,3.4674431684623137,73.98382854529828,72.19799175760295,4.071780032651982,4985.76052952423,0.5453392133337714,4.733303556211147,6.725514332563658,1439.8875882816162,83.9317567167742,16.045696444155944
2026-01-16 07:35:45.430432,3.847387647822666,73.70530892588681,72.4558923541687,6.243428278102925,4950.136752101579,0.520292513334645,4.54039404160683,6.6376854928695606,1451.603195209751,87.25291551425832,16.161169682036768
2026-01-16 07:36:45.430432,3.695243898920358,74.33655735686914,72.461258924039,5.355338195590137,4976.807278524702,0.4965074065908178,4.485875817893147,6.628079555598165,1470.7730857463946,85.2811128064135,16.074562570507002
2026-01-16 07:37:45.430432,3.906514348507277,74.69601221660518,72.60805758880714,3.190732285411742,4945.090680811092,0.4601257251328106,4.414349804288058,6.647375865884465,1410.1562886730158,85.68596593473264,16.1776608688758
2026-01-16 07:38:45.430432,4.028324962448553,74.05883943770718,72.54465618265107,5.635329195216206,4977.55458063435,0.5190260152658152,4.425575663304443,6.6818117914215165,1444.2393852112157,87.30846960979952,16.07214922589651
2026-01-16 07:39:45.430432,4.264846377178365,73.7287795130792,72.26032157500958,4.882332697807147,4979.69448214883,0.5345350444674318,4.417423090453184,6.6673681701758065,1477.661147971632,84.75351612229774,16.06524261413695
2026-01-16 07:40:45.430432,3.9647506109704542,73.53531184248396,72.71683964880872,4.5445329437502595,5004.83774592194,0.5071344206100815,4.637109881391193,6.782394210677855,1439.7626319781295,89.12042814524936,15.984534176994227
2026-01-16 07:41:45.430432,4.243250821913101,74.07739279436636,72.5420606080444,5.244957093172004,4919.262506885433,0.5801850927733465,4.501796991501647,6.672696794420189,1480.9221712086282,84.10436999225647,16.262600316211007
2026-01-16 07:42:45.430432,4.0322372074050605,74.33116320299487,72.5396787034355,5.474633485566792,4927.724092612734,0.5229818659037409,4.556524712397473,6.6267377285415465,1478.2948763871962,88.9958964090258,16.234675175895067
2026-01-16 07:43:45.430432,3.0122667168230643,74.14255032394861,72.49816352932297,5.70759182197462,5018.095713536526,0.5456803608784018,4.651424759998089,6.621932163123803,1448.689417690221,83.05052963617516,15.942302532053466
2026-01-16 07:44:45.430432,3.530332303090623,73.99927884772434,72.39644851055556,6.178252847548002,4960.128094146495,0.506678270776799,4.264153585779254,6.6303620523791595,1438.62921390222,86.03496980576088,16.128615729583462
2026-01-16 07:45:45.430432,3.9279562221391924,73.82321850446321,72.54356046794975,5.408135912778357,5053.726489511497,0.5337832226628488,4.627887376470038,6.574908153768509,1444.2528225170074,83.71493566238753,15.829902976750322
2026-01-16 07:46:45.430432,3.395152628579446,73.67235091018458,72.59511768718572,3.624365911213638,5011.263486100753,0.46016093836654126,4.505539691178333,6.65199321037458,1503.2922898400286,87.23913223396218,15.964037856298738
2026-01-16 07:47:45.430432,4.299964364998102,74.25042539789746,72.15062086173089,4.526354542348809,5030.338107510321,0.4770800818393603,4.543504837164044,6.689173405310446,1487.488488938665,84.04353478428314,15.903503559842148
2026-01-16 07:48:45.430432,4.765375416171849,74.27413148641567,72.39224783253078,7.943048335268621,5070.534616021045,0.517468177674119,4.4171596778251745,6.6193318199688385,1452.5078194361347,85.58174238128817,15.777429020448674
2026-01-16 07:49:45.430432,4.609380925848658,73.53628106399277,72.44901060591928,5.724491060381728,4984.514459409671,0.517104974077869,4.424487560155148,6.6096309971857945,1437.8369289675918,83.69891600791686,16.04970767994815
2026-01-16 07:50:45.430432,3.893278564534896,74.47695169345421,72.55123412113886,7.3692873008114965,4971.275664729186,0.5253805911471624,4.5488845889812985,6.725797257314712,1452.3408207116252,86.87445034733322,16.0924489799658
2026-01-16 07:51:45.430432,4.745363068424976,74.1722213662682,72.73866220118542,6.395434082199185,5043.585129279941,0.5550196446139365,4.738459780033147,6.578675842168942,1454.8765385323352,83.68849747872171,15.861732864499382
2026-01-16 07:52:45.430432,4.074333728601056,74.41987839354374,72.34565183708064,5.241802071555749,5025.475678196484,0.4287514414092294,4.60033133128149,6.546609081176135,1425.132825247813,88.36682968948534,15.918891090665861
2026-01-16 07:53:45.430432,3.8314570144409803,73.59736167545447,72.40040763063644,5.301407069781117,4990.633484508935,0.4512773726194852,4.626552292141854,6.592354902817632,1451.6008253843052,83.00800578607722,16.030029103183438
2026-01-16 07:54:45.430432,3.69329866822953,73.59025275337537,72.39749317787069,4.963419960123154,5069.5728983477975,0.5114786320537127,4.480799872973858,6.572978364143785,1476.4480864962345,82.3087441633437,15.780422060026485
2026-01-16 07:55:45.430432,3.848765156755936,73.95530920706982,72.3396944819791,3.2621953841535003,4989.387784508003,0.46378181840982696,4.439979577541437,6.669311303205229,1414.0128663756705,86.90310415615818,16.03403131911277
2026-01-16 07:56:45.430432,3.8059115907293855,74.15083532806855,72.43056270097755,5.018047252468224,5001.638681877789,0.6688884120644681,4.4219195048421005,6.631964774977521,1466.531679302745,83.81671271947296,15.994757936006128
2026-01-16 07:57:45.430432,4.085208111187744,74.5389082468781,72.6541604439976,6.210674552542197,5001.061132541713,0.5257859809585068,4.451172627530331,6.639015647748808,1477.4959594010957,84.98552537310093,15.996605096355065
2026-01-16 07:58:45.430432,4.080286990524932,74.21182367414454,72.28923290092713,4.400360005178796,4953.270305255077,0.49608345755349215,4.294721756682947,6.707646708848739,1438.7888530981127,84.35551769232856,16.150945752975673
2026-01-16 07:59:45.430432,4.001523010076707,73.9271956169564,72.58556287903058,5.41195299906181,5003.87926947432,0.474226536345807,4.42750806571084,6.615433256941862,1483.8835151638211,82.37478346569462,15.987595961403832
2026-01-16 08:00:45.430432,4.218469084873175,73.69208923770023,72.15961955399634,5.851591045893198,5069.838008869924,0.4759918858403478,4.4439646843940155,6.688754470587282,1436.193258751033,84.84601267172333,15.779596874700172
2026-01-16 08:01:45.430432,4.595323137393171,74.36900017181574,72.38773240071156,4.090319560687525,5022.248415768809,0.5015070330657588,4.482464182560516,6.7255661399601605,1458.821653237208,87.52983178994461,15.92912046103031
2026-01-16 08:02:45.430432,4.4747770677206615,73.71058837227478,72.43410213995641,4.548697135656336,5001.553171319946,0.5055990966310628,4.513175010974729,6.627216875099317,1443.8645463067273,87.00627400661114,15.995031395195067
2026-01-16 08:03:45.430432,3.2575510157750482,74.4885405664317,72.83497193458281,3.982088509522841,4991.911635941717,0.47716504276532434,4.536245086862561,6.686851142777816,1443.8600728567478,85.46358552525184,16.025924702673173
2026-01-16 08:04:45.430432,2.7230394325490224,73.91468460511804,72.44503953904946,4.177834393310593,5016.543351420318,0.4863423876740049,4.498507462755704,6.637909104373551,1437.6540186048392,87.22453658607022,15.947235854614881
2026-01-16 08:05:45.430432,4.467159955619637,74.47717462178535,72.05975130530982,3.712394716346939,5037.488331424459,0.5672142287617298,4.441855691365724,6.6962049064420395,1463.9715096172404,82.88096283061165,15.880930085922058
2026-01-16 08:06:45.430432,3.3165606507922893,74.20367938701779,72.10022221862775,4.099551538621974,5030.461941544488,0.5692252481325517,4.303664135673448,6.571425540621187,1466.976109154629,84.34909134219,15.90311206597417
2026-01-16 08:07:45.430432,3.8876172990536584,73.95890135316726,72.50680591726933,6.419455680797839,4983.406756908901,0.5126016989967439,4.442469139159821,6.567724387743733,1448.7115560084562,85.79160988146042,16.053275179492324
2026-01-16 08:08:45.430432,3.41494348697032,73.84418108845216,72.62275417115798,4.084522970909708,5016.239079705506,0.4329370136381631,4.402754936231299,6.630436614254624,1422.8006357265544,84.73917034636578,15.948203171507656
2026-01-16 08:09:45.430432,3.09900978120999,73.89772763679618,72.57509117152546,5.12645921906069,5023.996987057414,0.5269251578319522,4.54660667482786,6.6055537595470115,1458.0634033326878,84.50635333904688,15.923576428507472
2026-01-16 08:10:45.430432,4.270731364102394,74.12849500771257,72.5335140211602,4.497131246329044,4949.640250623651,0.5777141220805513,4.590928739669369,6.624164544528506,1458.440287188214,82.5987125353578,16.162790818973168
2026-01-16 08:11:45.430432,4.379577580151324,74.02314694886532,72.73245191950113,6.178865937036939,5008.411527059185,0.568489055098119,4.593857106705994,6.639023670877643,1445.6656997722714,80.83731722271457,15.973128319783662
2026-01-16 08:12:45.430432,3.7117447996366404,73.82185657757938,72.39208175585257,6.311162296603617,4891.934805684882,0.5367212926404834,4.575695273612782,6.686000676591813,1487.3446257436162,86.63573284989927,16.353447700699643
2026-01-16 08:13:45.430432,2.704478853927545,73.95031057690471,72.67898211120537,5.864069982138947,5024.126685491059,0.5711211477642911,4.486647426454751,6.6296169710717034,1418.721414701987,85.48644314650446,15.923165359469987
2026-01-16 08:14:45.430432,3.7268777758737586,74.02357310891574,72.17359702299471,5.306134553102756,5033.0171527281345,0.5026692136239511,4.44780444345241,6.608806934468846,1405.6543257949286,86.80399675642019,15.895038219100087
2026-01-16 08:15:45.430432,4.195902002701273,73.36137977167556,72.31901043341239,4.768940463159101,5037.377306289323,0.5314051484916853,4.425289724633293,6.632424331162055,1435.3833020060465,84.12552811568325,15.881280105843471
2026-01-16 08:16:45.430432,3.260544215612936,74.13745043443662,72.13859172101364,3.8081252958087504,4980.247657391522,0.465961221683741,4.349250108339825,6.611542736009669,1464.208490681829,83.57444423034481,16.063458185913024
2026-01-16 08:17:45.430432,4.091679959889578,73.70608363258496,72.44503093986604,6.943528881122197,5015.452341751202,0.5146132728077856,4.599185370050786,6.603299724896865,1428.8831072513233,85.01309593327326,15.950704851492436
2026-01-16 08:18:45.430432,3.9923450754135024,73.65400027903827,72.49074775654672,4.2403269822474465,5071.197692277058,0.5664767121985262,4.482528896207002,6.569349159321152,1430.3805816294785,86.70839929722564,15.775366068223336
2026-01-16 08:19:45.430432,4.2896457498005445,73.49379669586679,72.52282029844531,5.6636463470328415,5070.688482414563,0.47052882942565544,4.375365970637913,6.653473905811055,1469.020426723563,84.53709557002469,15.776950265717284
2026-01-16 08:20:45.430432,4.059790184207077,73.46183225063963,72.51237667057742,6.059565572623397,4998.541365038672,0.4569278285267857,4.417350862428976,6.621564714670147,1459.250958455955,86.60357036865697,16.004668993947814
2026-01-16 08:21:45.430432,3.5134655295592223,73.59336574906631,72.31448933383766,4.444719503094671,5006.965981536478,0.5048744469511849,4.413302654356745,6.698313936961734,1457.541218192568,82.98738398881383,15.977739871811663
2026-01-16 08:22:45.430432,4.598285750832246,73.78729371271085,72.46195183111736,6.038012527315962,5055.545557236722,0.4886668898138,4.504302448501512,6.577630195397053,1465.6285783893106,84.67710573366027,15.824207119543134
2026-01-16 08:23:45.430432,3.920735213486515,74.58597774125798,72.20051066627884,5.764213203338855,4924.959899236891,0.532457386053521,4.6067467851070685,6.622895822247607,1441.4961409345424,84.85977171184393,16.24378708391022
2026-01-16 08:24:45.430432,3.986347730245034,73.84223609723144,72.77264579502645,6.7279638353817655,4983.846212866149,0.47733702370264786,4.465201045040442,6.7406453610329375,1442.4203185188362,87.45277988784385,16.05185966482561
2026-01-16 08:25:45.430432,3.533366020463402,74.0533250318804,72.4392747854204,4.530653533573289,5066.778522776838,0.5859219807801357,4.274746648521635,6.6030195241451075,1466.1955854512285,85.41525479603182,15.789125109845171
2026-01-16 08:26:45.430432,3.778358874404245,74.1201444159519,72.40222277619127,3.7141359827202853,5048.760027084239,0.4355161951019472,4.481081966484108,6.6381733373951946,1423.102264384376,88.49215503658839,15.845474843493724
2026-01-16 08:27:45.430432,3.5575986429865494,74.03931955586475,72.81778806568882,4.494510244555489,5018.463188882495,0.5626867393109867,4.48438060999028,6.589207800858732,1407.1456030720292,82.30463040010504,15.941135162100151
2026-01-16 08:28:45.430432,3.9135269700382884,73.9767669617822,72.25155069329016,5.208853542534332,4924.708379733469,0.46175753858459484,4.477507976906447,6.582578624360951,1441.334316527443,85.25983780882255,16.244616702426892
2026-01-16 08:29:45.430432,4.855854240071172,73.64141187092022,72.27488257719361,5.058212727085056,4997.504488347942,0.41020086327079885,4.4372538833524295,6.727365549154384,1468.6174657813137,85.3587960783609,16.007989624927006
2026-01-16 08:30:45.430432,3.3140494285343216,74.43527826448377,72.28075593502629,4.60656210372545,4970.504230187504,0.5118937578174434,4.521743908072584,6.658551974631858,1455.111193979736,86.24018639517374,16.09494656782178
2026-01-16 08:31:45.430432,3.1932193010616294,74.54215899309136,72.4864257236601,3.0908025410227573,5016.551945140861,0.4872696006993058,4.5066141115149,6.656683941911882,1467.1458300824604,83.37328012710222,15.947208535833004
2026-01-16 08:32:45.430432,4.735585163746804,73.4952023917632,72.58632632592752,5.470482996129107,4959.532665760256,0.4445195316048485,4.497516968587335,6.5651841882441895,1409.6741137915367,88.36889267882167,16.130552088567935
2026-01-16 08:33:45.430432,3.8953381614240667,73.69279142273409,72.64793509362357,6.9723444790822,4948.713830251269,0.4159311554142368,4.541264136144297,6.667937069405416,1456.30993616647,85.02592788294352,16.165816562469935
2026-01-16 08:34:45.430432,3.665463630670042,73.9160568972869,73.014399063499,5.464251238123004,4896.756736115818,0.4995819606364272,4.457016717685215,6.707871097299692,1463.0772900928475,82.82586497413017,16.337344146578374
2026-01-16 08:35:45.430432,4.519952343698038,73.71063866152694,72.05011350915984,5.609135519053513,5061.090234248835,0.5487918445811909,4.451341433029935,6.707473853041427,1422.9840515477863,84.96795001917276,15.806870910665273
2026-01-16 08:36:45.430432,3.697192230131568,74.15178966603676,72.62174711782488,5.572445306155101,4980.011474427847,0.5292476746543222,4.63801232895854,6.683416661480308,1467.241151810931,84.37367695423977,16.06422001451135
2026-01-16 08:37:45.430432,4.913004856773468,73.78151833927802,72.38857388548556,5.3970466698824,5007.857289185126,0.5028353324419633,4.555935540971544,6.59352572112023,1447.7696220698842,90.56647028449466,15.974896124289819
2026-01-16 08:38:45.430432,4.338962935669635,74.64951682034199,72.38271697022225,5.931665966868095,4999.888094176291,0.5239423786608868,4.58269460609428,6.66565617085965,1511.42673403212,87.09988719905003,16.00035810665071
2026-01-16 08:39:45.430432,3.7560442959271487,74.35716457830308,72.37604557434922,5.395373681185665,4946.628303351975,0.49863929338110713,4.622610458533407,6.68337924802383,1406.4552786220652,85.09932271141643,16.172632163566796
2026-01-16 08:40:45.430432,5.078654106632752,74.06377220918966,72.31824606583841,4.687322830346724,4937.046754427591,0.42851378784848143,4.55259441806248,6.560277820745555,1477.382287353495,84.77616662960159,16.20401911897132
2026-01-16 08:41:45.430432,3.6971425384983307,74.30809587899591,72.83690496692068,4.204011089991246,4949.734243700138,0.4289553007388278,4.592838867913617,6.593936020425911,1442.1168380694785,86.90211372496293,16.16248389533669
2026-01-16 08:42:45.430432,4.371047686004654,74.3317701273072,72.66845946540278,4.751026344719325,4963.84157805853,0.4898415735507661,4.3420654837929735,6.694407866087173,1417.656965711199,86.99772432065643,16.116549801593344
2026-01-16 08:43:45.430432,4.149646290203246,73.83081575358253,72.50463919571148,5.314129496450666,5018.33031235069,0.49196733568169626,4.520415387199603,6.693802288833597,1439.4608971287003,79.1769001613587,15.941557255231038
2026-01-16 08:44:45.430432,4.650870644699399,73.75513482663742,72.7702031504974,4.683917038877027,4960.21411682397,0.5425491339253382,4.481728153818567,6.5725708483189305,1455.5495848267494,86.28598630946667,16.12833601853141
2026-01-16 08:45:45.430432,4.7807555983634265,74.0234429188909,72.19749420694022,5.314338683131431,5087.324531579731,0.5378652111887373,4.667768409089981,6.689751072963459,1470.7493333913008,85.05593308795726,15.725358094101805
2026-01-16 08:46:45.430432,4.016002074532883,74.25849083734938,72.23385897373382,5.4391501337004176,5051.357551794657,0.5302566507879475,4.59276455318033,6.654765169957681,1484.4392857626435,82.37771235642604,15.837326734389931
2026-01-16 08:47:45.430432,3.6232910648269083,74.04171811959603,72.06440645356106,5.833179431270182,5040.4179774832855,0.48598586434614094,4.436955480920682,6.689050447730358,1478.4378617740867,86.76042827924836,15.87169960058442
2026-01-16 08:48:45.430432,4.2299860714695585,73.5269010553427,72.36011709197534,6.282794968838981,4994.017054876343,0.43096739149449304,4.537279415852921,6.618273933828303,1430.69235958591,89.49237602711653,16.019168361046155
2026-01-16 08:49:45.430432,3.661142315123947,73.75915266681474,72.53233970534095,5.078007418478857,5075.714036786024,0.5206035568533012,4.516768133344924,6.682259174824045,1472.6032938453222,86.11359189365557,15.761329227809794
2026-01-16 08:50:45.430432,5.0066936237633115,73.97780814092168,72.52057171558647,3.6922234348523393,4989.099718443944,0.5262584656631084,4.545433143315223,6.692191438724282,1457.8256991424175,87.20085688451373,16.03495710944645
2026-01-16 08:51:45.430432,4.068267665541368,73.97730031870225,72.52986838221197,4.65489590318081,4998.4369292922875,0.38057342687611573,4.398115753062535,6.632433253227215,1436.9079395814204,88.6082381839288,16.005003390395274
2026-01-16 08:52:45.430432,3.8173392243439457,74.59176265303694,72.21778863378678,5.044062567406599,5008.498726987464,0.45828309067086687,4.536001646523823,6.650887627308665,1445.7617881304504,83.3394756985599,15.972850221351417
2026-01-16 08:53:45.430432,4.092340152932454,73.5842036172803,72.66063094852281,3.16423124382291,5035.0911520271675,0.4654472811303052,4.477184865071177,6.6175739185247675,1435.8031468111055,81.28485710966616,15.888490909998993
2026-01-16 08:54:45.430432,3.3264368552351518,74.15167677255076,72.5479255036478,6.388664520102482,5031.845403950149,0.5059175100561718,4.52824497640556,6.732581947434294,1450.741846838729,86.313732126619,15.89873964275564
2026-01-16 08:55:45.430432,3.5141929807446743,74.44673393249849,72.6466108562932,5.142377912510466,4976.243736077769,0.4598319783617153,4.427561483487783,6.643986403033712,1435.4068423541175,84.50477692711709,16.076382959299192
2026-01-16 08:56:45.430432,4.600206953972212,74.68143492362684,72.12144756448198,5.381352834580285,4973.350314028702,0.498093271558768,4.44149368286034,6.603898783741141,1429.4401185356512,82.25165309525691,16.08573596240305
2026-01-16 08:57:45.430432,3.671552860514302,73.8786807730448,72.56229817175956,6.365526462526265,5031.995147857604,0.4894732529823504,4.61738420203667,6.614208704306263,1459.5823825556554,84.84366012772841,15.898266522387322
2026-01-16 08:58:45.430432,3.47654450865903,74.14742883581606,72.26244695201649,4.369857169857653,5035.761829194562,0.4920425264231136,4.3948452441659835,6.656338530057106,1462.5746109651927,86.45509474758124,15.886374835323673
2026-01-16 08:59:45.430432,4.268326376263643,74.1709281071596,72.42053534948973,5.5740419308840305,4980.332443758856,0.4641802853149627,4.402224559895795,6.687666558588911,1446.2480599981677,84.70205667047128,16.063184717769726
2026-01-16 09:00:45.430432,4.592852077331498,74.05864451946599,72.60687297972727,4.890135876898064,4920.6405965160775,0.4680507472966661,4.494841874278443,6.583208657742475,1477.3530260787195,83.42634473852992,16.258045762708573
2026-01-16 09:01:45.430432,4.359476655332533,73.9703464396282,72.51821872125119,4.815913132984081,4989.634195199587,0.44598664701096535,4.422810962481405,6.7423830001471226,1444.7913882700977,84.55298587940698,16.033239486166373
2026-01-16 09:02:45.430432,4.498023842902908,74.13079261685002,72.32969200404413,4.227807612195621,5031.176289941293,0.5190033720286916,4.41149713677372,6.665433764702781,1443.9445090974893,84.96104706939731,15.900854072623536
2026-01-16 09:03:45.430432,3.6216024557152697,73.24032617443409,72.50125463123689,6.665603213686527,5090.270842320989,0.5285551314295684,4.51050759712083,6.673322798648471,1463.209779646914,81.14103547474784,15.716256065369352
2026-01-16 09:04:45.430432,3.289094666629078,74.20462084701879,72.19369293695127,4.624499959924429,4940.102101882967,0.4614691024937331,4.349493414309629,6.645140522808829,1447.3514883011333,84.71445009365861,16.193997279835013
2026-01-16 09:05:45.430432,4.750666825977744,74.03785337109859,72.73005347917966,5.699464246895702,4978.671437358471,0.5760320048008523,4.399203776508636,6.650962948367557,1451.6959545805228,82.31131905571021,16.06854378855045
2026-01-16 09:06:45.430432,3.838660080578932,73.93325753096651,72.45894319610075,3.1249926125280636,4980.529821923731,0.48426992762789756,4.705409558292365,6.64258584310363,1399.5912305876186,86.31805190404219,16.062548134507498
2026-01-16 09:07:45.430432,3.8745834917724764,74.61405865871586,72.72370998885107,6.179988529689787,5067.790266971575,0.576509281189828,4.545947505896901,6.700889798451798,1450.3341476947594,81.87791484882645,15.785972936051799
2026-01-16 09:08:45.430432,4.664097070924529,73.79751979436283,72.39469366258079,6.052211155957059,4998.252924977069,0.4678936413084198,4.425343664773009,6.649603570627332,1413.4560812505747,87.02538440910187,16.00559259420971
2026-01-16 09:09:45.430432,4.27811500470033,73.87907720328049,72.39528480231868,5.097434110297303,4954.633672031387,0.39867111117002824,4.5418215078266195,6.688352510924636,1425.5809885800227,84.18166986157212,16.146501496487065
2026-01-16 09:10:45.430432,4.227943886040804,74.59746599066142,72.34716264267243,4.773057533862076,5027.934764146091,0.5201098912456176,4.556733047698663,6.628307623832372,1423.2935492248898,83.91404858645598,15.91110540464354
2026-01-16 09:11:45.430432,5.082501172450542,73.75038160854504,72.67523478633862,5.400000005613567,4979.768073997952,0.5124272552559493,4.599441442009024,6.659782026415616,1429.1483369293235,85.58890919460394,16.06500519928288
2026-01-16 09:12:45.430432,3.6782408848099286,73.83496541511904,72.35811376853431,7.28879066088029,4938.780636332102,0.5017196897653792,4.487284397054327,6.609803982788029,1439.022922807355,83.26793110955322,16.198330294623858
2026-01-16 09:13:45.430432,4.463920064040619,73.95589237297075,72.62891908648304,3.2367633010965147,4955.361334636193,0.46788837607780054,4.597649770277289,6.710826411627477,1440.2701476890902,85.55749150826013,16.14413048768589
2026-01-16 09:14:45.430432,4.028506562448542,74.25222034463887,72.42350952046614,5.782027387574128,5086.702097721131,0.49827138872570903,4.296155347511783,6.608312637964045,1463.2855040851425,83.53578245062326,15.727282326173652
2026-01-16 09:15:45.430432,4.134296139431629,74.062340752206,72.10480734002168,4.0883826978460975,5019.210461082474,0.47443702710652363,4.394369186952424,6.633751027786934,1454.447756282694,83.88653097535047,15.938761807319533
2026-01-16 09:16:45.430432,4.764234213206266,73.61221239585431,72.3859371864427,4.980081603700269,5005.388002772627,0.48488252168341245,4.516387140173646,6.634251979377263,1411.9785114236404,85.81070833865827,15.982776950695076
2026-01-16 09:17:45.430432,4.2539178781448115,73.84034943106184,72.26417835712743,4.752119880921337,4987.505313209398,0.5420816127882537,4.532963353280779,6.632302430616312,1451.665892750936,82.72283853253123,16.040083163043487
2026-01-16 09:18:45.430432,4.269148039524817,73.81779367003634,72.50678054473647,4.571681742202244,5014.60744210594,0.5092108614765046,4.408821771233136,6.6861247884721475,1456.3651049316686,82.47132539647528,15.953392348973802
2026-01-16 09:19:45.430432,4.536253668654901,73.97683368643308,72.2619184528651,4.989534870947271,5014.011797300124,0.5304975693665989,4.525941999126316,6.634167111763168,1443.428669674941,85.49645101482068,15.955287548999644
2026-01-16 09:20:45.430432,3.8175236352285573,74.12775309758895,72.68519502014293,3.8658288547222095,5014.608441410366,0.4884065746687105,4.437615975131274,6.719696226527054,1448.7822804618659,84.94620029502123,15.95338916980323
2026-01-16 09:21:45.430432,3.5803951663304967,74.12546172676639,72.48178482792939,6.029180436127967,5005.742254513888,0.48289913270976126,4.472304090577284,6.609076245693492,1453.8062025079412,85.33738548961878,15.981645864379182
2026-01-16 09:22:45.430432,3.477595402989483,73.46719647378548,72.46448080104825,3.2058564888013996,5043.4399169152775,0.44232587345556784,4.602477380066501,6.658468873497136,1465.2919919527117,85.65527847344285,15.862189560677953
2026-01-16 09:23:45.430432,3.0168217053119992,74.31918229626825,72.63117842755751,5.539764512828342,5001.155217300036,0.4814981693715902,4.59089374968886,6.611210700534371,1418.5024002507453,85.11475110761397,15.996304158539882
2026-01-16 09:24:45.430432,5.028103564970161,74.07577065379898,72.69278138681517,4.673464147465429,4951.103058222368,0.333944272220543,4.400293967263674,6.671048639126574,1445.113659227207,86.21618524793413,16.158015508714332
2026-01-16 09:25:45.430432,3.4483958171391587,74.41535961427817,72.49598024964607,3.8290751061925463,4969.3788554549565,0.47048890168471824,4.39427485379799,6.649202513651161,1480.1667219611545,85.19487257395731,16.098591459208805
2026-01-16 09:26:45.430432,3.889373188207114,74.1332594981872,72.34575994009015,5.202383370598695,4901.049065325515,0.49590629114045803,4.458882660444669,6.642246897765077,1478.333226165959,80.9853922006494,16.323035932448192
2026-01-16 09:27:45.430432,3.8615933500555397,74.33039688732073,72.14520607677757,3.443048913293522,5101.340855802119,0.5281836827135078,4.497325369882708,6.709423748325176,1467.0187385555157,81.50423081067629,15.682151469845477
2026-01-16 09:28:45.430432,4.153703348904551,74.13996359343504,72.36279004859297,5.0397138217196344,5043.1377295976345,0.4865661061237522,4.434210151142526,6.617282906447246,1460.7364936791134,88.85589836048416,15.86314003095505
2026-01-16 09:29:45.430432,4.407868606269648,74.40386772686082,72.37655755067041,3.5771230921884456,4958.496475243538,0.51738367711225,4.604064244279967,6.679325757880901,1483.0926949680418,85.00014373411773,16.133922933981875
2026-01-16 09:30:45.430432,4.430236744179872,74.15667519080533,72.52141149059845,5.461272084317831,4985.907757530145,0.39101056693048775,4.534738984170856,6.611552004366261,1488.3569600321334,86.9004833034342,16.045222633567004
2026-01-16 09:31:45.430432,3.7084612807155306,73.97062542606713,72.4309706237724,4.075642666369625,4968.156176289678,0.4971581573896525,4.540608510987443,6.655634260008019,1447.418400239063,84.30859218874585,16.10255337418673
2026-01-16 09:32:45.430432,3.9164391431067944,74.68173041613406,72.63758659441028,4.549005982970691,5077.127360568706,0.41602486035432984,4.373346117105503,6.590221233588828,1430.6113511342337,84.88396981121214,15.756941734673942
2026-01-16 09:33:45.430432,4.14128997524415,74.26671113668397,72.37740334574586,5.2939493879431625,4929.006141786454,0.4395848242170334,4.616729071738378,6.616874142684663,1444.59415364751,84.09327069145832,16.23045248854266
2026-01-16 09:34:45.430432,3.8756544369082264,74.17212332630132,72.48859176662941,4.2274578881577645,5005.723802940939,0.49064172260680694,4.217983117775931,6.645892847721357,1511.9339102754411,89.93185466292273,15.981704774242395
2026-01-16 09:35:45.430432,4.8036727880099965,73.6171086750385,72.73679748863938,4.942036000331697,4994.573607871757,0.5638131993936777,4.583405545184937,6.740732458366154,1418.6128731454962,85.50648484472829,16.01738332055314
2026-01-16 09:36:45.430432,4.245487475819125,73.61350771476094,72.56836504279099,3.4861694987551464,5041.341931535456,0.5185603381735029,4.593431173767077,6.655040193522989,1440.5892172094116,83.9302841889876,15.868790708198237
2026-01-16 09:37:45.430432,4.367438893024909,74.08781464464255,72.48799249166228,5.630875603596156,4994.799538613765,0.5009115498568558,4.456759881272204,6.732733415793335,1421.7461769501474,81.69692057313962,16.016658803128433
2026-01-16 09:38:45.430432,4.331440634333706,74.04365635933047,72.37961111161296,6.764913805550771,4912.089556167228,0.4990234805266449,4.6272910217247425,6.661016164584546,1452.4952772575477,88.9474668854717,16.286348016509265
2026-01-16 09:39:45.430432,4.5867369287426625,73.81576323049751,72.37335372065701,7.792208867909961,4987.444108267878,0.4643185553397766,4.493690244704565,6.6306457877762535,1425.9461794221027,84.6734432295434,16.040280003816168
2026-01-16 09:40:45.430432,4.090510779351853,74.04229480988361,72.32987734940961,5.09116814666644,4951.391889102833,0.4728008293313658,4.506243170332744,6.726967826130035,1447.8249795433276,86.48845823912319,16.157072958831296
2026-01-16 09:41:45.430432,3.351584026022077,74.47658807841307,72.39179862684342,5.788204140797187,5003.978977327828,0.5213688022735399,4.533952878740422,6.671850881103671,1410.9980967996248,86.7119945806131,15.987277397140616
2026-01-16 09:42:45.430432,4.199843975876321,74.20862074236508,72.65113316774887,3.2193743270925106,5071.708851826016,0.4307319740777753,4.8186574911811055,6.617863920305864,1462.352413301693,84.07433895313926,15.773776125022795
2026-01-16 09:43:45.430432,3.6743215531040856,73.65769744707418,72.45562234574155,6.502734326305588,4913.028737788386,0.5296527025141511,4.6344433908083005,6.673528572970016,1474.4469051293595,86.34490555077231,16.28323469485998
2026-01-16 09:44:45.430432,3.7356916591251217,73.96654735185712,72.23004538612375,5.776228504724106,4959.988863230004,0.48057464664405736,4.570113120071292,6.63537026250462,1442.3211275587307,83.79172342649676,16.129068472928594
2026-01-16 09:45:45.430432,4.293182009377547,73.75851005574424,72.85363385861196,4.516066555048767,4972.365352310825,0.5412778537434783,4.408719551339881,6.550548290191435,1447.297399858486,83.01914727592117,16.088922340113506
2026-01-16 09:46:45.430432,4.6191415357168175,73.88369002507743,72.56399303822903,6.237180800289009,4980.918445229339,0.5480546728616041,4.514358982547949,6.696798657963281,1446.7318553853738,87.32892938502442,16.06129489564781
2026-01-16 09:47:45.430432,4.010635788368031,73.8759153003111,72.21861131989736,4.745523923354659,5037.006283205263,0.416345799374713,4.418687590615361,6.704746702782097,1453.6182135045005,84.6836212403556,15.882449912111799
2026-01-16 09:48:45.430432,4.154416506299482,73.8567063252188,72.41163021455183,4.5419748169854435,4991.322779121931,0.4709209618386391,4.582211084728281,6.741897101499614,1449.2366082606713,86.03702566720531,16.027815378847034
2026-01-16 09:49:45.430432,4.851107472317619,73.62345938840798,72.52217727656569,5.475334925427491,5020.790136286022,0.4572236156029688,4.514046697573486,6.671107184609763,1465.3623390486139,85.82184198776355,15.933747045475512
2026-01-16 09:50:45.430432,4.120376589744284,73.96170359554455,72.84091841865947,3.936645500169681,4968.7113478134115,0.40936360174634284,4.38754783203861,6.637563828795874,1474.660782669019,86.27586392011058,16.10075417949278
2026-01-16 09:51:45.430432,5.300841557090197,73.8318177089458,72.27837750834823,6.021624764399948,5011.4962172708965,0.44837333618952946,4.50811245834185,6.691749471368929,1433.7185755501564,81.88692613159675,15.963296495026684
2026-01-16 09:52:45.430432,4.282754822815772,73.12116539299932,72.69520814387118,3.9440101880731566,5038.889881543886,0.622062792263267,4.415058253028369,6.692491018265946,1443.813430144514,83.82941893736727,15.8765128591158
2026-01-16 09:53:45.430432,3.119618620422091,74.6158916073505,72.77989728539447,3.9499452101768138,4963.3850225131455,0.5304754948106221,4.515121622133755,6.731914059156821,1468.032388978495,84.35104968500715,16.118032277796782
2026-01-16 09:54:45.430432,4.376670810552266,74.326630896265,72.37426913898508,4.090310211591666,5039.067905990326,0.5958643984302877,4.414092268363475,6.647768618846678,1421.5666190388195,83.33704265419702,15.875951960261911
2026-01-16 09:55:45.430432,4.190579192441389,73.8871097825225,72.44449727622795,5.759500037516122,5002.618638436378,0.5414549220009168,4.502748763336081,6.64172105137162,1410.5855743630887,85.85801369603277,15.99162474335738
2026-01-16 09:56:45.430432,4.644876377041372,74.00564571492218,72.29273815052525,4.383224638480292,5052.273012024112,0.46290784194957624,4.5750469861935095,6.614222779012074,1454.5263190579697,87.3737861551918,15.834457047274507
2026-01-16 09:57:45.430432,4.336590675634979,73.64850369580473,72.45930777178394,3.6520042156328314,4989.929004996151,0.48091144016629783,4.49469480080749,6.67687310433626,1459.9269282214098,87.6903693106926,16.03229222698364
2026-01-16 09:58:45.430432,3.930772008008113,74.50871686334325,72.49268200513141,4.3943200000642015,5019.062232758105,0.5294218090120154,4.460911173282761,6.572586916588459,1435.5539962409282,84.32159046958023,15.939232527913472
2026-01-16 09:59:45.430432,3.387850881855317,74.56918660843193,72.63192999961647,4.967957629319513,4997.969688416074,0.5218753101736519,4.5203276221057465,6.688804368643129,1438.426978917591,85.58393172491581,16.006499636325948
2026-01-16 10:00:45.430432,3.8954883713569872,74.04700811847395,72.71803669420409,3.8190275163356144,4995.189386897971,0.4711328992145833,4.569718262079285,6.67939175609329,1434.796153565182,85.8912870089802,16.015408787069084
2026-01-16 10:01:45.430432,3.57473977289535,74.3070591932556,72.35038078707566,3.8483188909656567,5012.946521411284,0.42450034147103965,4.389281673011824,6.679253510122919,1432.6614952131113,86.24251218840706,15.958678126388183
2026-01-16 10:02:45.430432,3.7097382750976386,74.05258603368017,72.1065349871548,7.111296334099585,5026.840373461245,0.6643880593694369,4.52606561547052,6.656911261825092,1463.869916412092,83.24372985385472,15.91456940275105
2026-01-16 10:03:45.430432,4.2942892022103045,73.59898236833722,72.49575104414475,4.139434596186113,4937.5217544038,0.49294251638285974,4.6317540819017395,6.726648912376555,1426.3900302600473,88.64116053652994,16.202460258255595
2026-01-16 10:04:45.430432,4.834952252175703,73.8764529893109,72.55870750599372,4.676957631226993,5071.681680440894,0.483713055340869,4.557365696327672,6.693599673271343,1444.689542771333,86.85304036869289,15.773860632563476
2026-01-16 10:05:45.430432,4.19733576491149,74.0395783900316,72.54988353753701,4.632762999200714,4907.01684797251,0.5056667231952651,4.505775414666723,6.6196461404312155,1431.893276649703,86.90529868738489,16.303184292724517
2026-01-16 10:06:45.430432,3.402058468982408,73.86363568437697,72.4346653504982,4.578643192229558,4965.759394513055,0.48786357053444857,4.56397375066989,6.620541047515118,1420.8942204819757,87.4069201138008,16.110325459666143
2026-01-16 10:07:45.430432,4.22230133411007,73.93440401676949,72.5249504199328,5.621346739969102,4995.286546461755,0.5061364453852741,4.5452496456102685,6.606016309329268,1467.4035634949355,86.06827188453197,16.015097283391146
2026-01-16 10:08:45.430432,4.598315743322826,73.97258013274727,72.80308896167045,5.948142950472049,5020.617798454297,0.564347364305821,4.575360110915981,6.6775641666387795,1439.6034955565292,82.94537315389806,15.934293987610385
2026-01-16 10:09:45.430432,3.695108547840309,73.97573645064035,72.5763468337925,4.6940455684684075,5078.808626387069,0.4937725760156788,4.2976068389017055,6.599993053938003,1453.768801608415,84.72205453688979,15.751725628006168
2026-01-16 10:10:45.430432,3.9329914166635414,74.01567754714924,72.42532631499938,3.763521713407651,4907.085425588744,0.44186447803361195,4.344654386633674,6.704169607179168,1419.8384824039797,81.69789320987617,16.30295645207801
2026-01-16 10:11:45.430432,4.007344097364599,73.68181848008102,72.3999604365808,6.2744402278489035,4974.615293580515,0.49191781027606946,4.600482914948324,6.716148665417277,1435.1612109248704,85.83014501939817,16.0816455703089
2026-01-16 10:12:45.430432,3.60755084345888,73.78489515526162,72.46602952846446,4.9046589088033175,4893.658325610037,0.47677991092950445,4.349472082383856,6.606049186552478,1465.1217576139002,84.66157268366891,16.34768810510025
2026-01-16 10:13:45.430432,4.324140216921929,73.61462472029001,72.82734799236613,6.730321814857168,5001.581098695512,0.5711949468623425,4.540153863571921,6.640722573270358,1501.7454291169063,84.91895523294613,15.99494208358737
2026-01-16 10:14:45.430432,3.9395259256961093,74.29334466490586,72.46333985809476,2.754414102434837,5013.584179225001,0.5585559532368786,4.46479503439677,6.650831049068121,1410.4756787121937,87.4080022601713,15.956648405645474
2026-01-16 10:15:45.430432,4.2097662219535135,73.3683059174479,72.49604113109586,5.19540322128332,5079.539787108562,0.50537625002154,4.4003810754404,6.694199158023483,1445.9778440942114,84.08601192288708,15.749458288137275
2026-01-16 10:16:45.430432,3.55625391109895,74.34607710299508,72.40353728581275,6.918606333876208,5006.031738044673,0.4360632072590372,4.534964975714748,6.7304671687804944,1458.24561196287,84.49575368245584,15.980721694594676
2026-01-16 10:17:45.430432,3.781270849838295,74.41590481917885,72.7197966714884,4.646735864561842,5052.201256472119,0.4387053868280027,4.520103350371657,6.565725380356572,1437.6779969352144,85.04394659192643,15.834681941364876
2026-01-16 10:18:45.430432,4.361190678913886,73.90934582390521,72.89196745094894,4.774506576665364,5029.191854076953,0.5007561630792277,4.711034265209638,6.634090964123666,1466.9904397398825,81.32001550117273,15.907128286455682
2026-01-16 10:19:45.430432,3.8135834239541166,73.2190588736518,72.59012260988628,5.295511691590339,4978.237590149742,0.516816148466064,4.437518879546411,6.636699165221983,1432.6653465867937,84.46787268847599,16.069944142138393
2026-01-16 10:20:45.430432,4.863481925616703,73.89160683140982,72.51655458075709,4.441204181115043,4929.551962660398,0.48126885903369726,4.644011012006917,6.579966507255673,1453.0769532043328,80.02841017542764,16.228655384094036
2026-01-16 10:21:45.430432,3.800181907192699,73.98074475161336,72.50735656663484,4.687928067947267,5013.75011491459,0.4759915207896383,4.535242291438432,6.625744499034798,1439.5585619100327,83.82895687620852,15.956120302450056
2026-01-16 10:22:45.430432,4.112342362875943,73.69682053402133,72.02313864224286,4.662184905808597,4925.394899142731,0.47036003834106765,4.433897811845728,6.671388447217531,1474.3886216590954,86.71037810678565,16.24235246881911
2026-01-16 10:23:45.430432,4.466295415936545,73.84543448185752,72.64903017285697,4.372579265573627,5064.760353633482,0.4988303019878027,4.579924645751724,6.636066054858023,1436.4727099392878,85.89453311650213,15.795416646437701
2026-01-16 10:24:45.430432,3.2908171335334844,74.459058559659,72.52683328319917,6.228856550200559,4991.896894898159,0.3808618823963468,4.556573850445395,6.572768941569629,1442.9625240742696,83.81035937909185,16.025972027139012
2026-01-16 10:25:45.430432,3.119595594009612,74.19947814869052,72.58566841013214,5.461078032296435,5059.758870575571,0.4449336685615145,4.503584329485805,6.793704134900496,1468.913780749943,85.08159643644763,15.81103013924844
2026-01-16 10:26:45.430432,3.2371718427149525,73.72263076568657,72.35770756118326,5.250628232103302,4975.98927829338,0.4686474577276325,4.526629535644062,6.66330889326021,1429.4392268181427,82.85002086573918,16.07720505929982
2026-01-16 10:27:45.430432,4.631292051713591,73.52072024912137,72.42310862420459,5.808571006890117,5013.44253932005,0.560375159747596,4.440301296895447,6.655584706505334,1451.3750011352715,84.99531319370097,15.957099213278314
2026-01-16 10:28:45.430432,3.7240709270537766,73.90189480471707,72.41779501269937,4.735644166796533,5010.467442866734,0.45930931790355356,4.417421287474549,6.595103681846648,1413.5493131262679,90.86064057098503,15.966574159441715
2026-01-16 10:29:45.430432,5.279099642834126,73.93596296619486,72.7043245968146,4.2257961816471,4997.747794099454,0.5090234070915604,4.575944217382259,6.663035308098564,1428.2413308274186,88.69160264074387,16.007210306700806
2026-01-16 10:30:45.430432,3.7178762006713058,74.14885975620899,72.42424803267939,4.397375695385443,4978.36702433017,0.5113271375465498,4.477606057568672,6.641789310797925,1457.642625517816,85.10524426003452,16.06952633444374
2026-01-16 10:31:45.430432,4.092275651598518,73.8394049862297,72.91653206442196,5.001783041104609,5019.622800923526,0.5648958252830381,4.491991700175091,6.55557382936423,1430.1860498092753,85.32028832983075,15.93745250843975
2026-01-16 10:32:45.430432,4.771054976283938,74.15344987260856,72.58617248380301,3.940788291627098,4953.691836825839,0.5631288703482075,4.527982159594428,6.59648722799928,1439.1085413635242,83.0408693707309,16.149571397493578
2026-01-16 10:33:45.430432,5.003046444079562,74.58054621201806,72.24486346800086,4.499738983413325,4939.528233552047,0.49712485156025416,4.5265288344783805,6.689746300883698,1459.8617280409587,83.3964217840979,16.19587867857402
2026-01-16 10:34:45.430432,5.030751788318199,74.24465030673328,72.4742907413496,4.4838833581285655,5062.141344666341,0.4762257629405279,4.357067352902593,6.747200882500023,1438.4162771770614,85.72436864420939,15.80358874891768
2026-01-16 10:35:45.430432,4.604183115296571,73.98557344780077,72.36966497556871,7.124556229829014,5036.358399444605,0.4668083448587155,4.628625208645486,6.668358270252153,1466.4568414643272,83.95021486872703,15.884493051332917
2026-01-16 10:36:45.430432,4.512031262905731,73.94505485868402,72.061123506036,2.2261850600660833,5003.294580430112,0.487946838876711,4.512118215190068,6.705154163914669,1454.3132557497213,86.80829918970316,15.989464284775881
2026-01-16 10:37:45.430432,4.296263474600591,73.89299805974603,72.81989418802276,4.820380278594366,5083.257119127189,0.47829833228382,4.479734673717785,6.64221223457084,1458.71366223849,88.13937136195551,15.73794087632857
2026-01-16 10:38:45.430432,4.389180538083319,74.35419227373565,72.640628508444,6.725693792814771,4986.611724063758,0.5276813704679116,4.543084600516974,6.64567269196597,1474.8193119747707,85.66524156956208,16.04295750839115
2026-01-16 10:39:45.430432,3.724407141835733,73.8118059662146,72.60664146357986,5.121844464132454,5066.135160999449,0.5210154908742602,4.523654219361486,6.704548951380974,1456.3964612522814,85.20347441167985,15.79113021221044
2026-01-16 10:40:45.430432,3.5909005582888462,74.01356681269999,72.53308073205994,5.753417473421093,5008.778704246291,0.5295900595572508,4.57670626894897,6.733138864458974,1480.776945809387,81.6384407501787,15.971957381981843
2026-01-16 10:41:45.430432,3.998312771294524,74.01535937056433,72.22359648626151,5.099826315099768,4948.762462496181,0.5629641855718084,4.553798367215094,6.715054834673281,1468.2252456607564,86.4952204905441,16.165657698520366
2026-01-16 10:42:45.430432,3.914907688737536,73.84946474215654,72.40327657208891,4.33266661878352,5092.402009588543,0.5931434560700088,4.571784622899627,6.5966818462307595,1439.5309514033108,82.71265739692188,15.709678821382735
2026-01-16 10:43:45.430432,3.7733859753363626,73.58826033563477,72.6683561549568,2.758084065491087,5049.535542331204,0.5062331696703778,4.635099390572751,6.646652055484238,1475.8629615004254,84.16398174273316,15.843041271686273
2026-01-16 10:44:45.430432,4.348193723728357,74.0968923510853,72.2897559940435,5.205455687036303,4993.948948449522,0.5549731885697826,4.588362454897097,6.663876234223815,1455.277320418059,86.91915178477026,16.019386827099567
2026-01-16 10:45:45.430432,4.477652604285256,73.98169880844338,71.99364613674983,4.224393395397609,5036.358562976698,0.48241699080828926,4.483951377967144,6.637016101824624,1442.10640582679,87.05951632861806,15.884492535558604
2026-01-16 10:46:45.430432,4.044203443145924,74.15007214083097,72.45457879844382,4.199664593834696,4979.814828300105,0.5592503491791507,4.387709884392317,6.66939287717078,1455.5677139064176,84.06698494529977,16.06485436875342
2026-01-16 10:47:45.430432,4.738765040527631,73.83991990806825,72.4716484891945,4.501012744020888,5041.457451752977,0.5530754578587922,4.666779793300451,6.6910288405834475,1472.2465364878053,84.18216893016003,15.868427089904927
2026-01-16 10:48:45.430432,3.4291554429332476,74.36624638964392,72.52711268328294,6.744861406623493,4880.446071735802,0.5504207984971495,4.476227662665289,6.700140487597757,1459.1009018848445,83.60136225348666,16.391944265772167
2026-01-16 10:49:45.430432,3.9031702703601407,73.73696786563644,72.64570372870291,7.404837542253973,4949.00993331527,0.5047034920595762,4.4526892586639475,6.734293507611077,1486.447856651028,82.60429250934818,16.16484934925341
2026-01-16 10:50:45.430432,3.6415888396985974,74.51361208520537,72.62752116244624,5.217207937528401,5048.962987214348,0.46658209180045557,4.326327318223556,6.633527944763759,1471.7306111579765,83.73040903579151,15.844837881083023
2026-01-16 10:51:45.430432,3.06673169146347,73.47570904705152,72.55175396104879,4.5352327760882725,4987.517223089054,0.4302735781067262,4.533847310531211,6.581798341758034,1460.4632006680433,81.77373996217062,16.040044860326603
2026-01-16 10:52:45.430432,3.9586596570786505,74.13043101936707,72.73910627761734,3.8227735825487894,5010.377114744437,0.497998139623945,4.514888660395377,6.667911729700723,1429.478638345177,86.36612516301653,15.966862008166533
2026-01-16 10:53:45.430432,3.939126245808358,74.14262920475798,72.19620604383734,5.468540161546069,4932.660716894228,0.5766506271124592,4.348488506375052,6.744190551559241,1446.4053497197976,85.78904721032376,16.218427455592515
2026-01-16 10:54:45.430432,4.756724871621065,73.76133287961774,72.60091636289548,6.782905600065144,5092.393349785105,0.4845077549317963,4.545327404213317,6.626151207002297,1451.433282795017,86.12105856974102,15.709705536273221
2026-01-16 10:55:45.430432,4.315405842277388,74.1273181813583,72.62530767266739,4.752659612974843,5059.526482185884,0.5392563292730027,4.450180807929856,6.684342348853186,1463.932630024355,83.09119189884971,15.81175635342012
2026-01-16 10:56:45.430432,3.4879065878353974,74.38385560092804,72.25208754278395,2.6210039592467758,4989.965739081234,0.5421975700259466,4.769031500728869,6.684787289623633,1462.7466608254438,82.60985887296988,16.03217420381123
2026-01-16 10:57:45.430432,4.927046283167094,73.33495434819378,72.19942587826353,5.670049671815524,4979.765207156834,0.48581568895364136,4.4430638807909135,6.659572102367231,1453.3908082043656,85.10702854862713,16.065014447875043
2026-01-16 10:58:45.430432,4.610516847762677,74.15082344224724,72.35081157470488,5.985399711450049,5051.480218070985,0.5658172418759759,4.45648066678022,6.650346236052186,1452.4069983075435,85.12820512990045,15.836942152878448
2026-01-16 10:59:45.430432,4.291048851734308,73.25201875390097,72.36769171149695,3.4141543596141526,5099.1235225084465,0.35456696277597477,4.412522377574563,6.6038285397139305,1464.4091379015215,84.70546034497411,15.688970790149648
2026-01-16 11:00:45.430432,3.886757950575084,73.71030055894303,72.65068389270048,5.176484183662953,5047.688012790568,0.43886248606309125,4.627787652104197,6.535916896378971,1432.8282754874003,84.4210334616243,15.848840062476985
2026-01-16 11:01:45.430432,3.52028038163826,74.48874990947029,72.37709224326179,5.451226016136099,5108.59013336983,0.454218385182077,4.462722420553525,6.594407464666799,1483.910316384997,88.42155155538877,15.659897919277546
2026-01-16 11:02:45.430432,3.8138966119644735,73.82546538998238,72.32873029634376,4.926892697991062,4953.882433546904,0.4590142488566305,4.4275085846234505,6.630484792544415,1409.0566622967306,85.85205002358596,16.148950055466138
2026-01-16 11:03:45.430432,4.544374309852093,73.64783601067731,72.37767325266108,4.209229080914646,4959.030658475061,0.5168131475592947,4.570695500992055,6.704871134371135,1479.1081896434405,88.94135678293298,16.13218499935643
2026-01-16 11:04:45.430432,4.942293152967305,73.9406186813046,72.72372646683084,6.015937223563556,4940.552944097332,0.5145018901526951,4.361964706458681,6.644843596882431,1449.0962894314969,87.53793005086327,16.192519522653647
2026-01-16 11:05:45.430432,4.7716217641360945,74.62037190144906,72.50260867487539,4.5966202540313175,5022.088032482474,0.5196995286087503,4.562511054624895,6.624048714054093,1470.051596285432,88.40654185203469,15.929629166706405
2026-01-16 11:06:45.430432,3.755575289106863,73.45049532583819,72.46414979492862,3.5148138373000677,5008.780177490218,0.5298040747066244,4.6781399716600855,6.605450727902329,1457.2768086858523,82.851074467288,15.971952684113623
2026-01-16 11:07:45.430432,3.440191283355494,73.6846070265082,72.47799890025979,2.950525514330319,4992.4024438264005,0.45249477154271756,4.556660783283509,6.6828402914254745,1456.9206882182161,86.18634198199607,16.024349178605966
2026-01-16 11:08:45.430432,4.070443123455602,74.44922950495389,72.7584120668653,6.26084951999931,5040.462931406165,0.43909119665963403,4.563789831625993,6.71791785832153,1461.0850895205303,84.13646902201326,15.871558047086355
2026-01-16 11:09:45.430432,3.115780317218574,74.55731070306132,72.35016565467936,5.616663976471118,5061.616430260733,0.5198159841003931,4.5870060216907484,6.703171786093374,1466.1810857817557,81.67322657728093,15.805227658445673
2026-01-16 11:10:45.430432,4.161583857092391,73.96897063271291,72.76310165818802,5.087973547129169,4923.716879535658,0.468488396317678,4.670970802867552,6.680307484987924,1443.4233834682552,87.99200633911106,16.247887918272134
2026-01-16 11:11:45.430432,3.926198706850666,73.62828418924201,72.5420992597843,4.559725363149196,4970.151398604944,0.42147624773160147,4.62098939600191,6.576219362680853,1470.6959826105247,84.41261494858874,16.096089149810396
2026-01-16 11:12:45.430432,3.766981749065879,74.62875305054274,72.46791612360494,4.4710015857968735,5041.007179706153,0.5485672142270741,4.543966972227302,6.6324162878578115,1428.3105875284243,82.88979673946663,15.86984448704223
2026-01-16 11:13:45.430432,3.202648466366602,74.47833271752476,73.00018009958686,3.9242633515583885,4976.613065807071,0.5697550953251149,4.5903891400636,6.747365211444484,1449.8933885334775,84.17087227350261,16.07518988157987
2026-01-16 11:14:45.430432,4.256800053284858,74.20368409632867,72.28887210204029,4.568544355440115,4960.089696182093,0.5778580444849329,4.4114065074534885,6.706097524595761,1466.7193984854455,83.40755175445236,16.12874058740874
2026-01-16 11:15:45.430432,3.733649580169044,73.75627929531878,72.4292628480866,2.8799127848798256,5050.9268713825195,0.5093503860737361,4.577629359074733,6.573124839088264,1469.9003515923177,83.61260406476667,15.838677145231113
2026-01-16 11:16:45.430432,3.415041582144856,73.9852911977486,72.2535137521672,4.2639363465314855,4935.524996513801,0.5312966047986452,4.399444402881625,6.6472204738400364,1459.215776965228,84.5567932196347,16.209015263119493
2026-01-16 11:17:45.430432,2.5638688933591753,73.95189197568655,72.69049239410724,4.6890624836489065,4984.921009610444,0.5684934111680955,4.463297758136838,6.668154921633052,1442.1321512408854,88.46163038608948,16.048398730043616
2026-01-16 11:18:45.430432,3.986242547474682,74.09925539138467,72.83783778673033,5.609880047190419,5016.43220129024,0.4679292104988283,4.191743782485676,6.611892076848689,1467.934155567374,83.66736556691075,15.947589200831574
2026-01-16 11:19:45.430432,4.886125798334872,74.4353004314394,72.83398455628092,4.960073536626636,4971.309004304494,0.5555338842027046,4.540142965936746,6.534539798929558,1436.6126752176249,88.31854132843839,16.09234105760286
2026-01-16 11:20:45.430432,4.830629607273935,74.26382511234122,72.7447897506292,5.794923113875559,5039.157782800658,0.5137698117071604,4.4356127988891645,6.654941202250822,1485.0281814749783,86.69767359195905,15.875668801848406
2026-01-16 11:21:45.430432,3.771451871706864,73.67678717690457,72.4604759064408,6.3491351051134295,4971.556151240132,0.5456855826171295,4.611114521520446,6.610612087118978,1448.3065820500067,85.79254312717217,16.09154107211368
2026-01-16 11:22:45.430432,3.69889396981911,74.41294893500586,72.42695180450202,6.058170093824102,5070.430974672296,0.5093046510437967,4.53901926106054,6.610807913045766,1419.2074861158808,86.49624006450375,15.77775151651097
2026-01-16 11:23:45.430432,4.234387128037512,74.09393964200395,72.16576604550119,5.4705098473785565,4993.7126851252115,0.5648128354874001,4.612409589470163,6.632265982003463,1426.106330639669,85.02731132767491,16.020144738862584
2026-01-16 11:24:45.430432,3.500807280405854,74.20611973875768,72.90717470703636,5.011862679180784,5033.563506835268,0.5111761881270769,4.391640345532746,6.6433162042672596,1450.8728727375917,87.57210020772685,15.893312936523985
2026-01-16 11:25:45.430432,4.150895949909733,74.43996225778358,72.59379561562969,4.019211991586441,5037.301197649141,0.42580104702662913,4.603838603715963,6.649545860295216,1452.796505426521,86.1339605265342,15.881520056282364
2026-01-16 11:26:45.430432,4.383040139192345,73.66652592514593,72.4016086190261,5.739944051379316,4968.622999862796,0.5725963316157361,4.710585634436333,6.6058005050539,1489.393133699022,81.67066802994897,16.101040469806048
2026-01-16 11:27:45.430432,4.613466611942154,73.98925232638805,72.7656113777974,6.679747382221529,4897.325672567205,0.4526234629513944,4.57641582999319,6.638989523518297,1429.2300132477155,85.59250386377992,16.335446190178228
2026-01-16 11:28:45.430432,3.9499229617600236,73.84056363459223,72.305447096648,5.342106039650418,5018.037787733192,0.5626529105121957,4.579034900869229,6.562128831479862,1450.7892439860786,86.56794628598523,15.942486562290028
2026-01-16 11:29:45.430432,3.898163124911517,73.52964217239037,72.58132440684453,6.9172591484261226,5003.614417356243,0.4954878559279839,4.516959767639493,6.665551953268404,1428.8115718583588,84.42199756279757,15.988442219388588
2026-01-16 11:30:45.430432,3.5610087066217195,74.10401299328147,72.46547417314183,3.4744282919389162,5027.7913013787565,0.5588005492598853,4.447533121943463,6.507186229332943,1440.146902935732,85.25251174542787,15.911559411398368
2026-01-16 11:31:45.430432,3.58655982298007,74.75346696547533,72.62773542797606,3.845836615220459,4988.673626380858,0.5567384307433383,4.5761192372701505,6.635525495978319,1483.6794406013867,83.77428401065119,16.036326685503724
2026-01-16 11:32:45.430432,3.8867605540492365,73.44797667664828,72.48728529216278,5.855201507748262,4978.478615059964,0.5215071487157685,4.349391708959793,6.695959307683848,1427.2732755368802,82.24474868787289,16.069166142041656
2026-01-16 11:33:45.430432,4.183682753408089,73.99031581668515,72.20981442177775,5.264290210153251,5100.423650549085,0.5254267658813565,4.458224487507918,6.597032965636259,1461.7408484813566,81.89924625813752,15.684971579054537
2026-01-16 11:34:45.430432,4.456792313116624,74.19216288052243,72.51511527453401,6.313782176571808,4926.382296924461,0.5211314308596283,4.322894319766282,6.68582151018287,1457.858147180288,81.92586402586227,16.23909700429542
2026-01-16 11:35:45.430432,3.5984105246598275,74.03692346049685,72.70977282837507,4.98452835927326,5036.697523918212,0.39930876218594613,4.429634362268492,6.707786635606045,1449.5165714728357,86.33808948494107,15.883423536969792
2026-01-16 11:36:45.430432,4.746344284479761,73.96606158424528,72.4941567188292,4.132024577471668,4971.26990709083,0.5059165109449101,4.564204509189356,6.484605002375131,1460.3887324638347,80.01943658324734,16.09246761796036
2026-01-16 11:37:45.430432,3.8644381994787156,73.61023509096626,72.65502302431781,4.786406757794958,4983.211069112979,0.44419679119640526,4.550539337622046,6.642431854821213,1426.7995923611343,83.66704014607303,16.053905582257453
2026-01-16 11:38:45.430432,3.989316352825782,74.06983602288204,72.2908941028652,3.467316029076266,4984.144858371302,0.5085593571872832,4.505091369553547,6.506211328618587,1483.126450156071,83.46869342950924,16.050897851741425
2026-01-16 11:39:45.430432,3.6263941604260883,73.77297080689522,72.49474784134603,3.8714093269029655,4959.8282862914375,0.4428528726808392,4.517040099406201,6.644089577721453,1488.4969099024704,84.43568092802506,16.1295906596431
2026-01-16 11:40:45.430432,2.787879869863529,73.34302348850643,72.37509790898228,5.97244399791801,5028.561210511812,0.4407524029386962,4.311413538213579,6.649641439450934,1450.9420939551862,81.28713690012759,15.909123236437152
2026-01-16 11:41:45.430432,4.442022698180525,74.35837766615411,72.64939616802094,5.8727874144696095,5069.5321797974975,0.580246725087695,4.462743771942908,6.525872800704459,1498.462122612271,85.80777618948123,15.78054880858762
2026-01-16 11:42:45.430432,4.368421948546216,74.28751574595262,72.5062983124524,5.363004284806077,5023.500683062333,0.5534723694062095,4.431864839356479,6.746241918103993,1442.0194413690017,82.4536772116802,15.925149621206359
2026-01-16 11:43:45.430432,3.8593362214408935,74.01549829305533,72.63801473526732,3.2789224790395304,5005.169099810605,0.4997928707527923,4.434094030948546,6.6643007903817315,1458.0086398771257,87.26481108141854,15.983475963484867
2026-01-16 11:44:45.430432,4.033495358612436,74.06872240646172,72.71754208523157,4.641596424487111,4950.677975045038,0.5092384325124512,4.559957862781375,6.607548828395899,1478.6377812754902,83.75646862482233,16.1594028945646
2026-01-16 11:45:45.430432,4.25796960885205,74.32229540381466,72.63832371502427,3.775000111339949,5025.841263291222,0.48760419871284955,4.413949267349469,6.723268971374926,1440.8199107955418,84.80877395317616,15.917733133419976
2026-01-16 11:46:45.430432,3.218727071556729,74.06730189703343,72.55462368685873,6.176533253787765,5107.817481586465,0.5284938187989762,4.439531914987259,6.560219338967885,1422.3690188224111,85.00754771311041,15.662266768222965
2026-01-16 11:47:45.430432,3.7354736613268527,74.2712052664284,72.30035754829773,4.416277866437399,4980.965268810245,0.46619728167255975,4.291293075429048,6.588541448324085,1417.7656586876228,85.48848210572115,16.06114391139066
2026-01-16 11:48:45.430432,4.397132339810914,73.91075533973785,72.49944277786662,3.9142522892184504,4981.200821032407,0.5496870131433979,4.470587681962383,6.535027223816505,1491.2165312780533,85.07402875499228,16.06038440815545
2026-01-16 11:49:45.430432,3.3728552884153755,74.39359512157219,72.39338191959683,5.029796165121424,4971.94554345095,0.48734565794929446,4.391216245228638,6.740052259826967,1439.4195069872244,84.14577890253473,16.090280816807425
2026-01-16 11:50:45.430432,4.146778966083315,74.0962357177798,72.43118720865915,4.359845543165388,4975.529288275279,0.47900765020843855,4.507920292868964,6.666617318573601,1446.28526473163,85.68609706138808,16.078691404453828
2026-01-16 11:51:45.430432,3.3217090976882977,74.05821558308176,72.42509316984994,6.483743910203707,4862.735022316381,0.5010856509242422,4.404889195325754,6.682970089492425,1427.744718433579,85.9322942609899,16.451646991427413
2026-01-16 11:52:45.430432,4.233214991216763,73.61898167338639,72.30401488504356,4.2651891024658095,5020.251769292786,0.47044265850371947,4.5104542245549215,6.665050061695924,1468.9667855865837,83.46973066578076,15.935455765253339
2026-01-16 11:53:45.430432,3.982179258851258,74.08608675629051,72.1085322821732,3.600771740775369,4957.722391182269,0.5164341174748242,4.4855314239257655,6.678688388057229,1434.3688028155084,85.85273563794712,16.136442036828605
2026-01-16 11:54:45.430432,3.1924340920472454,73.75041352475166,72.36637139033445,2.8470864842424843,4919.48684406041,0.47313187053433003,4.667204177304232,6.6539038856948,1440.1747394467736,87.3834406048034,16.26185871329014
2026-01-16 11:55:45.430432,4.582369677228586,73.80851518204145,72.53867589038484,4.969213497586585,5037.6594974866275,0.5234261801409418,4.5497217980453195,6.663546067135372,1455.9904083883232,86.4117883922091,15.880390494814772
2026-01-16 11:56:45.430432,3.6327042116009753,73.75538731150516,72.2303645909145,4.438069886142074,4945.899110747903,0.5608003269455738,4.31603621274377,6.655380171811148,1428.7190814550886,86.86475048329437,16.175016555867966
2026-01-16 11:57:45.430432,3.5948737814928093,73.68012952043023,72.50313644729432,3.571095393488273,4983.0665473058125,0.4640339156595913,4.3735111155897295,6.619570409721536,1446.4283546097156,85.3438416978149,16.054371187006016
2026-01-16 11:58:45.430432,4.100284598615471,74.63743142090509,72.88005368486219,6.189226461255785,5073.322119559429,0.49347122713524144,4.505520800899233,6.647668761739267,1478.0441917900655,83.12769910785025,15.768760215633076
2026-01-16 11:59:45.430432,4.574318674714357,74.39940171859652,72.70461131105044,5.667245147429242,4929.539210098775,0.5230665356517711,4.407015205160735,6.663679728663085,1458.5650879503373,83.3807110805927,16.22869736711091
2026-01-16 12:00:45.430432,3.4920890905108015,74.57611025064328,72.82870830182411,4.971782121062771,4923.370088270112,0.47820713225092965,4.203163156976415,6.655527455977607,1452.6108458485671,85.63977593570883,16.24903238344794
2026-01-16 12:01:45.430432,4.030839924923986,73.63313149413334,72.57822557538654,6.364326244170867,5013.465309478117,0.5232160280413333,4.6349546313833745,6.576111394612335,1454.2972941892774,86.88552745030462,15.957026739320892
2026-01-16 12:02:45.430432,4.214408250165286,74.02137612497327,72.7335019645973,5.662536033398613,5057.474368200518,0.527769943032587,4.572022401690541,6.58275066656958,1442.2172980804687,90.57182382798811,15.81817211037384
2026-01-16 12:03:45.430432,4.346552803631572,73.61194771243878,72.35520705390644,4.177144098481568,4921.282914113402,0.5541630888147152,4.552097687349177,6.70414207169582,1489.9230463950985,86.9636438888772,16.255923789825946
2026-01-16 12:04:45.430432,4.088220777638613,73.79129153684089,72.3711319465956,3.960779836009234,5020.384486841859,0.4697004976957544,4.439267695452909,6.63465029770583,1433.7568573893186,82.659128485005,15.93503449978292
2026-01-16 12:05:45.430432,3.816486080458339,73.72456190497503,71.95217195877251,5.817981544453861,5029.049976998084,0.4528612379884763,4.542767677100993,6.679236267351797,1454.2185232392785,83.46545485528003,15.90757705051744
2026-01-16 12:06:45.430432,3.58620488967564,74.37187520193247,72.73722909480846,5.396366956467351,4897.041975815384,0.4846211305218128,4.429563967577912,6.595394004513881,1452.3005113268562,89.557034631912,16.336392539637068
2026-01-16 12:07:45.430432,4.043071941523188,73.88113109656948,72.80806479596397,5.169747767970661,5039.925066895361,0.451612383022645,4.520485730021769,6.576342706167674,1470.1752501426627,84.57122213604644,15.87325187143719
2026-01-16 12:08:45.430432,3.4639304940071964,74.3205138001082,72.38936455093055,4.153502197131092,5043.830293992109,0.5282249102023748,4.4079416774163525,6.607820169373415,1472.0634787758727,85.09502926952258,15.860961875598974
2026-01-16 12:09:45.430432,2.5393247582526963,74.18123626687655,72.44920965872055,5.607947567005754,4984.410721337199,0.44191243499117944,4.651628845055601,6.6388717464614295,1449.3596239102585,83.07916615918154,16.050041714567595
2026-01-16 12:10:45.430432,4.218279902078834,74.69109162563144,72.34922757726181,4.244501116866051,5062.617318114901,0.6166508209126345,4.342976334591816,6.6167429850357795,1455.813329862261,88.13020681114848,15.802102938680843
2026-01-16 12:11:45.430432,4.451967420543098,73.55616673305808,72.5765307102955,4.898013345406322,5056.822778716242,0.5647963930786876,4.623228382951083,6.714696676155286,1456.570695078279,86.00066641464124,15.820210337746762
2026-01-16 12:12:45.430432,2.818533782229081,74.37776997193603,72.72498650906064,6.44694414638698,5005.15589628586,0.5006287884800157,4.503891582801733,6.658976165076873,1404.5571668885877,83.45079730422938,15.983518127650136
2026-01-16 12:13:45.430432,3.495134647645031,74.34393226112022,72.15144560522378,4.339165764189854,4977.427730483753,0.5433697246498987,4.451053300465801,6.742446930928093,1418.2202079504445,83.01234942228545,16.07255882592691
2026-01-16 12:14:45.430432,4.309577130502599,73.70798634859189,72.58188770612846,3.427010742927139,4951.358605370852,0.4181599067844604,4.516700292169574,6.670220407703571,1437.8987261855607,85.61440789179575,16.157181568958094
2026-01-16 12:15:45.430432,5.028747734855849,74.30214000094195,72.44466564565617,3.9474528081298894,4998.12182453169,0.6261686665699779,4.573334800717818,6.529372459104009,1438.7680264724627,85.0884123497609,16.006012419974528
2026-01-16 12:16:45.430432,4.010396853837704,74.10084348890787,72.52267887839334,5.994298826687623,5028.487945985209,0.47048926938997554,4.6366746736694395,6.702802080322928,1426.0143515607174,86.66422043444226,15.909355030645493
2026-01-16 12:17:45.430432,3.6359985293854327,73.93175712201398,72.59179880033486,5.25473113738021,4983.791156947968,0.493975129305032,4.531314302313353,6.574522418876502,1464.9916514274726,86.0939369462544,16.052036989646115
2026-01-16 12:18:45.430432,3.90855177944758,73.75281935390841,72.46235951224544,4.871122621311247,4890.124949736898,0.40720333564057815,4.410930391473772,6.6615266833605675,1450.0423684203495,84.47103930246276,16.35950018093182
2026-01-16 12:19:45.430432,4.6874382095740925,73.78426716456525,72.47928262931885,4.4909061946884306,5063.435694728829,0.5243143652370448,4.505563012376578,6.6112657971168085,1445.7061090522632,83.91239680907726,15.799548927476678
2026-01-16 12:20:45.430432,3.6770179104377325,74.61494362873577,72.45722496648908,5.48535990755319,5009.511161092245,0.44468279214614453,4.681679323666238,6.757135551723209,1424.8768945098523,84.68011570340234,15.969622070381266
2026-01-16 12:21:45.430432,3.6004039966748733,74.00020484568725,72.69406324035765,4.150895149009776,4981.018775166158,0.5050827880783014,4.6347678085512625,6.721979896371507,1449.1091027151042,83.89863830668648,16.060971381769452
2026-01-16 12:22:45.430432,3.758628238908984,74.23463900045944,72.5837519920255,5.3056655686425955,5042.857919421164,0.47278627835377307,4.5908763478124355,6.612908967914913,1397.4663048800278,84.73960893439047,15.864020219943587
2026-01-16 12:23:45.430432,3.5233356958706437,73.76273018549973,72.54411670754747,4.268745431187043,5076.231929824138,0.4461128032534828,4.579568702012239,6.6436321165939445,1446.7408737838832,85.03288185723876,15.759721207768285
2026-01-16 12:24:45.430432,4.061335157997398,73.76604411613351,72.24580965578154,4.102340614724946,4859.904421525605,0.45978192491186914,4.569945009060654,6.662229903482461,1451.263673376155,83.20413821323989,16.461229082132167
2026-01-16 12:25:45.430432,4.81233922923478,74.32459544277498,72.42428405135738,4.362512565174988,5021.713182496103,0.5112894017042761,4.615875483450987,6.6931707035780805,1454.83829968643,86.26135972419576,15.930818247217182
2026-01-16 12:26:45.430432,4.161539636558015,73.59512713653454,72.67973383206784,4.624592553516038,4928.667539459482,0.4359254513565588,4.45433712142781,6.651457595616251,1418.7179647304145,84.25914457106066,16.231567530069892
2026-01-16 12:27:45.430432,3.8738232489368563,73.87543586962842,72.50753931462478,4.951170164066297,5024.955525339947,0.46255941644882115,4.364491393422499,6.598755255030957,1454.4963347338296,83.31623129942932,15.920538917523626
2026-01-16 12:28:45.430432,3.854094365542228,74.01020822332167,72.63190629391782,5.235455795111115,5006.396360118729,0.5331636690632239,4.506900350073706,6.614122068039998,1429.1713746027092,84.29678514343627,15.979557798756222
2026-01-16 12:29:45.430432,3.2184045956516716,74.03341178055202,72.85330236006553,1.3116347085715558,5031.786326322028,0.6301239937437156,4.418241841322231,6.649775910181161,1433.7506033541533,85.48451631324058,15.89892630804055
2026-01-16 12:30:45.430432,4.441554888573579,73.94627201449515,72.70772121384177,4.192349442253235,4975.037619275267,0.5238794409776503,4.394497924462281,6.711722848938235,1464.3586277164534,85.1660763996266,16.08028041638284
2026-01-16 12:31:45.430432,3.961081401493599,74.11874593432877,72.51863166753995,4.608430022643961,4906.337994409042,0.45413691789113564,4.427972142341207,6.671391893026803,1490.2822744671948,85.84423622980893,16.305440043299715
2026-01-16 12:32:45.430432,3.9097600432046873,74.20785672674535,72.39780216596085,6.5050620386083295,4977.481590437166,0.48164429149638444,4.748531392453368,6.61132925366925,1451.0271751760536,86.79669225015105,16.072384909207408
2026-01-16 12:33:45.430432,5.59655378392243,74.2203912636378,71.98929008078882,3.919997391617868,5020.342381756989,0.501579450307629,4.5136124634075845,6.68241863888549,1433.6580908271953,87.60988040801607,15.93516814524552
2026-01-16 12:34:45.430432,4.1493764541828435,73.70425885739965,72.46632301550542,5.162796618099913,5050.769616433761,0.48252875246821464,4.536190783636099,6.630650758056093,1453.7734089502,85.5709723253761,15.83917028005056
2026-01-16 12:35:45.430432,3.624104474952408,73.91475347062136,72.43479750083662,6.495030309735838,4941.408434976373,0.5451529083368467,4.377763719299574,6.694520400259343,1468.780583149983,82.861195225529,16.18971616143738
2026-01-16 12:36:45.430432,3.7868212018972285,74.35842885856309,72.57807323887907,3.687031470052727,5051.353021343651,0.5108736741507113,4.315624704120737,6.776350520916431,1462.4199513174547,84.4617783949394,15.837340938551181
2026-01-16 12:37:45.430432,4.574222854598378,74.26839415627217,72.46921895460507,5.393975225864402,4967.6063855176735,0.5453926192454935,4.418094735688119,6.632058681452823,1504.862257449275,82.99136323123399,16.10433552731316
2026-01-16 12:38:45.430432,4.056635205268882,73.58814216455568,72.43592298811264,4.197728166065479,5018.1224940797265,0.48427781048511853,4.643819558520875,6.690080257986319,1435.6932486181067,88.39370814742456,15.942217451722689
2026-01-16 12:39:45.430432,3.2808610108413165,74.10544397010565,72.14412021389856,4.495366257710765,4974.505302356718,0.5662750109860628,4.533427546607652,6.612730333398114,1455.0446295983859,88.97480176505432,16.08200115137062
2026-01-16 12:40:45.430432,4.459614467287602,73.40653242518756,72.31200643416999,4.196889166046685,5009.108531385605,0.4916757207859227,4.559859509144439,6.644386811640436,1480.9783590683642,86.30062239499269,15.970905700833484
2026-01-16 12:41:45.430432,3.665927957230503,74.01408047061811,72.5953302081601,4.268142691584114,5044.593881728514,0.4514405065431004,4.573856603920206,6.651478114343606,1479.7231847403707,86.71691768527806,15.858561040911436
2026-01-16 12:42:45.430432,4.936648888108773,74.5693301050238,72.84318152622654,7.721912147906493,4938.649296135573,0.6088660190521111,4.440865062020173,6.640315816997782,1410.9984414695123,85.50188638647332,16.198761078783004
2026-01-16 12:43:45.430432,4.540024032857325,73.7156321848193,72.48049492325087,5.8444558720716655,4966.004705162659,0.40875111265194414,4.6387965583973365,6.773150684438751,1449.9328475992004,85.73211183092158,16.10952964197396
2026-01-16 12:44:45.430432,3.7763390521706244,73.74970308635253,72.56556221471483,6.101737861786209,5009.248129367104,0.46306306373475364,4.436719240077782,6.634670346266081,1479.690415316974,81.80509156334176,15.970460622821578
2026-01-16 12:45:45.430432,4.640508180867556,74.22920893447186,72.69049563139056,5.491993486836496,5120.079183051517,0.46864860740848024,4.640623235926255,6.679342576939244,1507.8128598079827,84.85213526948618,15.624758356241042
2026-01-16 12:46:45.430432,4.033927755263702,73.5371595454371,72.33782121275995,3.393743211598042,4956.840514391659,0.6254153136528282,4.544230215613534,6.553495656533829,1464.0759176750164,83.23769387530749,16.139312888467664
2026-01-16 12:47:45.430432,4.426386837561109,73.81017349103449,72.5733628086571,5.394957970323307,5102.006694299846,0.5903429442073256,4.321095484575368,6.671599828168481,1442.6427341260703,85.56271307507674,15.680104867243513
2026-01-16 12:48:45.430432,4.2423664086472375,74.17893234127453,72.35190197873357,6.072929614507347,5100.221165183759,0.5746964071821099,4.425199051339947,6.7071027296176124,1429.8159369512523,84.88078030922293,15.685594292677626
2026-01-16 12:49:45.430432,3.5768216725045634,73.80971424569317,72.6729648876982,4.1466005259608885,4995.1344424649205,0.4834670668811834,4.32150614671279,6.623620132871048,1494.374867150617,88.89364392469223,16.015584950006442
2026-01-16 12:50:45.430432,3.678225083841269,73.9292090038367,72.53028060959035,5.9653266671611265,4985.092373690005,0.6213089001920887,4.616328213279421,6.524488892947979,1464.5748317293153,86.83325537744568,16.047847061414302
2026-01-16 12:51:45.430432,4.5149804087905805,74.22325571309452,72.55969036279629,5.704336209854079,4965.396740066765,0.5184176001920485,4.49752645791976,6.6480674115586345,1433.0386614622917,85.56902396504329,16.111502099009375
2026-01-16 12:52:45.430432,3.8326123339467295,74.12646382506097,72.34348028051629,6.85204004481367,4996.589873483366,0.5488631685151562,4.277165756005022,6.650859192519277,1445.9368726733244,84.46612062572075,16.01091985246892
2026-01-16 12:53:45.430432,3.798175768379002,74.08004551888862,72.64140647192215,4.582216987486381,4929.664028372022,0.5089847690553103,4.537574688171966,6.6862037525372155,1456.2037303365742,88.35204291751985,16.228286459192898
2026-01-16 12:54:45.430432,3.5224387103253236,73.89826331621899,72.9169425842462,3.902389017724273,4996.18804913397,0.49752667143383744,4.446283573761168,6.750545151770672,1460.8761330777625,84.94009070774695,16.012207549687215
2026-01-16 12:55:45.430432,4.21179953279673,74.11101833458069,72.29841766091435,4.638371890627455,5074.844013692543,0.48741106630368103,4.351619414496668,6.630997317469985,1432.007626849084,85.66334792327055,15.76403132473635
2026-01-16 12:56:45.430432,5.031262459621573,73.96288019597007,72.4320481984705,6.435570993163624,4969.445746876164,0.4895180003290419,4.66779658369687,6.607185593816986,1437.71619163749,85.08449920885367,16.098374763481157
2026-01-16 12:57:45.430432,3.4662335428728634,74.13734168297773,72.54632149483362,3.171594119158037,4987.963784800548,0.5304245824339039,4.510728586609658,6.5916541099314285,1416.9413087525409,84.19169218858535,16.038608829474278
2026-01-16 12:58:45.430432,4.012109728336379,73.8509203924646,72.65728124239916,2.9316242845689677,4914.9429762866375,0.5183599899387694,4.470656859768669,6.659903930851581,1470.7952457920956,85.07301244477104,16.276892811570725
2026-01-16 12:59:45.430432,4.706110277707714,73.94522930768613,72.38809074294211,5.0893952789316135,5018.7031044065525,0.4984264314898158,4.4600575219013985,6.673967712940925,1443.1676306645936,81.07606629864337,15.94037310749821
2026-01-16 13:00:45.430432,3.9601793043771423,73.7030126622344,71.93339394197145,4.557410707225844,5013.2240842475685,0.5754761996349427,4.348672053084223,6.6227172302818715,1459.3264329836659,81.90458719751763,15.95779455607701
2026-01-16 13:01:45.430432,4.226185898124867,73.98949771699813,72.7718378988328,5.007727893175685,5003.185117988289,0.35166234656296347,4.369545110041589,6.68893413728629,1478.4451701715266,85.69926108333925,15.989814111089073
2026-01-16 13:02:45.430432,3.4688032359265604,73.75669974091134,72.65210122391683,5.945311771235865,4989.158647488893,0.5254943623960597,4.628491678487508,6.67326920384096,1454.3974028474788,88.13639938105497,16.0347677138439
2026-01-16 13:03:45.430432,4.214153548603824,73.6657860649514,72.15141049390267,4.447430653881147,4985.362104061377,0.535886935332949,4.452611713021428,6.652161584482245,1447.7405904810187,85.69644220828833,16.046978801164148
2026-01-16 13:04:45.430432,3.9064278674977255,74.07759834435662,72.37848624164408,3.1269941690693797,5025.095011685034,0.5573481434127585,4.502206770093687,6.604879263962794,1453.8784295376786,83.55926229020669,15.920096995971843
2026-01-16 13:05:45.430432,4.4928649978399315,74.06382193275729,72.81363648590546,7.044481557199944,4998.559169920569,0.49675642794733194,4.295566952379892,6.625906784225764,1451.2638720770046,82.11429249186533,16.004611985271602
2026-01-16 13:06:45.430432,4.593693025782375,74.23486212048458,72.78955928369157,4.002771712561223,5015.748593577767,0.5103960033691979,4.36819079642045,6.5285122351158735,1474.9232999575588,86.56905452095128,15.949762733808688
2026-01-16 13:07:45.430432,5.294781821009307,73.87066232912747,72.68772800453578,3.9409628779879027,5010.749140872727,0.549297419165736,4.560981251987475,6.661789353209902,1456.2167679507759,83.8656096979698,15.965676538751314
2026-01-16 13:08:45.430432,4.289816586606788,74.12241585405103,72.46477751320803,6.103720013722596,5056.171364354788,0.574558320214009,4.5377711760113835,6.6513170644373725,1439.1119796084217,86.28647083710511,15.822248542442095
2026-01-16 13:09:45.430432,4.162898158291084,74.1652392716821,72.5165974837625,4.615510878958482,5033.849704868752,0.4849732007410616,4.675337519872431,6.6594239495544745,1470.956981137795,85.77973031613143,15.89240932692603
2026-01-16 13:10:45.430432,4.097192150788668,74.13343214234948,72.47381483897477,4.936610147965189,5009.643092157509,0.513348789156378,4.634295633163123,6.675215950778228,1474.609687127167,85.95660078450938,15.969201503643704
2026-01-16 13:11:45.430432,3.8234168535946558,73.75230389515936,72.72564795665377,5.482790124060318,5075.921101532609,0.5839286982174379,4.476928902751518,6.669291074321611,1423.2333874635908,85.06720341470711,15.760686267531822
2026-01-16 13:12:45.430432,4.169241921730846,74.04480904468136,72.32483151870098,6.083583103109996,5021.013426452828,0.3937986462060574,4.547295356471327,6.644480840967699,1480.655677695362,85.76728876993928,15.9330384536568
2026-01-16 13:13:45.430432,3.8522992949304853,74.1092420888164,72.33884006902316,4.666539306818228,5065.248134439521,0.4654993700092707,4.468339655709693,6.652433402158138,1457.2942354641698,84.76109119748733,15.793895555889117
2026-01-16 13:14:45.430432,4.084230488134807,74.00215354007238,72.7020549173672,6.519952005914299,5030.347130419332,0.5732917989301481,4.7054809818638645,6.579784179165192,1455.665399002932,83.72938693126359,15.903475033805702
2026-01-16 13:15:45.430432,4.6587987678039795,73.37405670248867,72.4911277088977,2.8642001512651944,4907.9040460534225,0.5546268916804151,4.61490146960524,6.620813967715529,1470.1324926319303,83.0730018789679,16.30023717850192
2026-01-16 13:16:45.430432,3.4967287173601793,74.04814688719205,72.77569347109076,5.759787236953077,5065.241738165966,0.5261222605463347,4.516968509085775,6.6525235526841735,1438.6604721799144,80.22998240405805,15.793915500065863
2026-01-16 13:17:45.430432,4.5699392805645225,74.66375931181918,72.36569755860388,4.160472441982343,5006.7588120671335,0.477570156344544,4.520039478487635,6.613207321204382,1469.0832902838185,84.63778087519098,15.978400998104103
2026-01-16 13:18:45.430432,4.658557533669932,73.8919882193729,72.48904432793223,6.372271316607991,4997.402261454961,0.45590907505072903,4.644485028725981,6.693007539793627,1442.4644906052429,88.03875636590391,16.008317084466306
2026-01-16 13:19:45.430432,3.940965736504461,73.7815768706434,72.31551740303121,5.142044478830545,5014.067417374479,0.47043921903788133,4.557957784711385,6.6170683959522485,1420.5009864057931,86.4601601850752,15.955110560099024
2026-01-16 13:20:45.430432,2.9390725504957027,74.11200456791342,72.50147253628471,4.327094667990599,4982.750841902147,0.5774004110409346,4.655862801707008,6.660815270562416,1430.0448744178614,85.45541823695191,16.055388386520306
2026-01-16 13:21:45.430432,3.696089006452784,74.09371346313998,72.20429061260025,5.662841093021632,5011.351443019447,0.4685778655422327,4.280635207374113,6.655828282840767,1461.3404366580646,83.5319900114217,15.963757662902658
2026-01-16 13:22:45.430432,4.6484972732805545,74.35782054962492,72.402473315809,5.893188347207252,4970.406196682846,0.5050711482119828,4.54612282614988,6.687313879680521,1431.0906332001068,86.99467845151815,16.09526401552261
2026-01-16 13:23:45.430432,3.988565968850559,73.62263955322733,72.21274922701437,5.641894122858639,5063.713612936718,0.4623146177569127,4.448456513531862,6.695039558701415,1482.201522463793,84.76138137639396,15.798681780821275
2026-01-16 13:24:45.430432,3.5003488838525447,74.21941407577249,72.63878464663826,3.9703037603669395,4994.320594318948,0.5421387015049514,4.675637798762799,6.684701630548397,1473.785669068793,88.14986862757812,16.018194765270014
2026-01-16 13:25:45.430432,3.7476125393858912,74.17712661837544,72.64331786795194,4.515982876377915,4980.870807863878,0.47306368598267795,4.6546398687189825,6.544699689930844,1476.6687833206593,83.03782547341063,16.06144850689456
2026-01-16 13:26:45.430432,4.420310013252276,73.95735603891784,72.15394745390313,4.995927162878565,4953.7537092140365,0.4951203054922793,4.50328358091013,6.709707407400657,1452.4955715935482,83.50006094405468,16.14936968933258
2026-01-16 13:27:45.430432,4.2733667841006895,74.1016061953765,72.76677714910011,4.95874034734994,5013.438789457432,0.4158308933478587,4.653563097881103,6.726365411209731,1455.1572323458993,83.30546011156075,15.957111148585064
2026-01-16 13:28:45.430432,3.880533950415153,74.3088372444795,72.99948302528396,5.749745475438347,5009.355355006254,0.419331588189753,4.67831145199925,6.625893785783927,1426.1257629151144,82.03576325913197,15.970118773875669
2026-01-16 13:29:45.430432,3.8165877940926562,74.26169461400853,72.50920127734727,2.9850987674933918,5019.421230683875,0.5003836596660753,4.507440667192615,6.661832345633643,1469.9156702031498,83.12591062961647,15.938092525679565
2026-01-16 13:30:45.430432,3.804120925478089,73.65709420637788,72.37177714795507,5.334327054553503,4948.637405624743,0.43374214224011187,4.747193377243185,6.6054584159934615,1457.5966691007418,85.20643251953183,16.166066220384227
2026-01-16 13:31:45.430432,3.5387949077507486,74.24604745602664,73.06486611820061,4.71001864556336,4919.940940059421,0.6052543319667252,4.496865884733028,6.552581074663393,1461.3461125058452,83.57559795029874,16.26035779182215
2026-01-16 13:32:45.430432,4.807687844734721,73.98059341849024,72.2362063003395,4.161499383616047,5031.279565125328,0.39692384439438755,4.478547904966409,6.613064236722881,1483.7662362290575,77.2872493415188,15.900527681770196
2026-01-16 13:33:45.430432,3.8388397653943303,74.02186222940466,72.50402129337382,4.257513222230401,5074.232093093826,0.4599912350667948,4.586587258858434,6.62299304802682,1437.8807403210499,87.14854659484024,15.765932368147345
2026-01-16 13:34:45.430432,4.608579260412748,74.02195909730051,72.53592445452638,4.785462335482037,4948.682318880506,0.5008350433633775,4.464620926885768,6.63225746343241,1447.4771690024536,81.6318125413052,16.165919500384835
2026-01-16 13:35:45.430432,4.7606580259612254,73.95492710336052,72.76902952409048,1.3989148955404822,5079.472064178085,0.48174335311021077,4.508533977579489,6.602054295499701,1456.5334184308433,86.17845656977327,15.749668270484895
2026-01-16 13:36:45.430432,4.49915544907398,74.35751224913211,72.57194779502535,4.29871042920845,5014.195552936819,0.44479272716680407,4.640943442405091,6.613328741659139,1431.291291890826,85.06242917933913,15.954702834264996
2026-01-16 13:37:45.430432,3.7841898436409758,73.97488461204523,72.40027322084231,4.124185175353706,4999.646854772459,0.4521036080252366,4.501921885221727,6.64944968391858,1446.248023574463,89.23474563284068,16.001130144549162
2026-01-16 13:38:45.430432,4.201865045168304,73.66413616148505,72.30976312592242,5.532783209322624,4980.122565172711,0.45046729612503805,4.330498220702469,6.611488650844493,1459.8589962093395,86.99391496304524,16.063861672694717
2026-01-16 13:39:45.430432,3.987902196804542,73.88194104320908,72.43163563595077,4.1944733174894795,4930.77409902875,0.4856639152589969,4.53673193878492,6.677176216627502,1443.4915745725434,83.99079080903005,16.224632967013875
2026-01-16 13:40:45.430432,3.548149069634936,74.05360841504314,72.29861452781097,4.7848861998295105,5049.38642579623,0.5975964544758712,4.43037064209476,6.684083032569872,1476.1797881945822,83.59587287528937,15.843509142278595
2026-01-16 13:41:45.430432,4.162179640860802,74.36876443528911,72.50956506395694,6.542276627661302,4961.21968192812,0.5038968648279105,4.586527115729455,6.769019387308225,1419.7815087636602,88.00545536159856,16.125067045793248
2026-01-16 13:42:45.430432,3.410480104420099,74.18092840548465,72.3871607640279,5.994351519815424,4961.00966621312,0.5591450244693762,4.569618971582624,6.706283996606174,1472.4554248046668,82.04825780579718,16.125749672458564
2026-01-16 13:43:45.430432,4.593839694230782,73.74483941637588,72.20119244134204,5.902271399943452,5049.596315494347,0.525348817291407,4.647140034816652,6.662155152916421,1463.22370949632,85.38175987183742,15.842850596695296
2026-01-16 13:44:45.430432,3.7676913513508037,74.74555697500367,72.75102915767498,4.500127569589148,4905.850827666413,0.5556931198991111,4.59075323007927,6.618986785166617,1438.623428248868,84.73775907350065,16.307059225861934
2026-01-16 13:45:45.430432,4.10057982793642,74.07943259329339,72.4004654953142,5.543032279289652,4923.820109466592,0.3600017848703207,4.609024428365807,6.6646873675837,1431.5118286354,84.31354786259065,16.24754727456251
2026-01-16 13:46:45.430432,4.141643935773071,74.3826172213997,72.24637263900493,4.766102199546406,4999.093287824596,0.4847770989425885,4.433090323986229,6.666329797995818,1408.394347655151,85.70702796889685,16.002902005217987
2026-01-16 13:47:45.430432,3.870547513147961,73.95448566992683,72.46634817310249,4.8039067893230625,5014.664221450243,0.5653567711575357,4.58039864958905,6.624334345549717,1434.0964997517233,85.37911972101735,15.953211714116318
2026-01-16 13:48:45.430432,4.293346900737637,74.16000777341164,72.51367431319353,5.40968534374655,5024.236732398446,0.4714132088625333,4.696845128936029,6.689186569837644,1470.94353310006,85.91480148558348,15.922816591050633
2026-01-16 13:49:45.430432,3.7625481716887377,74.25184055135553,72.15070665488419,4.403006411579067,4984.910075330187,0.5881236582434806,4.431135009136323,6.580095099265907,1448.8782854744265,85.27795130472657,16.048433931819925
2026-01-16 13:50:45.430432,4.435648648728622,74.36545841352628,72.56632953342515,6.493003104443203,5126.518483432084,0.5741945076883881,4.6799738291727095,6.637780008223125,1473.2596176078368,85.8353628100345,15.605132461444255
2026-01-16 13:51:45.430432,3.3270101598766257,74.31721049161347,72.29056848626195,4.839869860402063,4988.605372061708,0.47654346419362686,4.445064990879867,6.677792922965871,1437.602578587509,85.18673038586319,16.03654609523409
2026-01-16 13:52:45.430432,4.063189789773206,74.26165910002189,72.84220576183816,5.618360566259665,4988.460692394864,0.47484182404768216,4.414802875495003,6.635620792620395,1464.1421232021312,83.68114622556737,16.037011201063216
2026-01-16 13:53:45.430432,4.969464499529142,73.90547398064177,72.60479210241535,6.455600479257298,4960.150666559306,0.44931970788227654,4.529620044335484,6.639662279828537,1435.6500279583115,85.00800252047318,16.128542332262132
2026-01-16 13:54:45.430432,3.4998343376972127,73.82847618741319,72.42002000197813,6.031653774575175,5006.195340826053,0.4685202884068101,4.571591041612881,6.643110706940386,1430.6884998758032,83.57122688059196,15.980199443595723
2026-01-16 13:55:45.430432,3.6611275147375744,74.09978225309726,72.35096644593654,3.5910808973094754,5030.748061602339,0.43837054679155424,4.591175012397226,6.608219937965613,1447.8574556565866,83.4392467905383,15.9022075882924
2026-01-16 13:56:45.430432,4.256953924829458,74.27993842170233,72.47900645848728,5.444895895009884,5060.178902726673,0.5214405590216503,4.40382375792268,6.708695046578711,1436.7006697736,84.3276999945645,15.80971770719254
2026-01-16 13:57:45.430432,4.089790890969799,73.93318378976701,72.62255814831666,5.850719394460647,4925.535786777989,0.42719767533267833,4.543454009725429,6.59909811640386,1419.1435570192557,84.76115367852832,16.24188788045159
2026-01-16 13:58:45.430432,4.1753150496367795,74.31955158971432,72.49490117428296,5.891863022160749,4987.700233082215,0.5301866508095111,4.43144454285165,6.6659079663704945,1446.35370598566,85.07045061269562,16.039456314832087
2026-01-16 13:59:45.430432,4.244593565073831,74.43578502364585,72.45656823857263,3.8867051658853686,5022.335180540457,0.5314039348450125,4.3511077743929425,6.670682394914119,1452.1287083286259,86.83275765472666,15.928845273005283
2026-01-16 14:00:45.430432,4.317360734280885,73.72510372427797,72.51167405816358,4.342964762982676,5029.352876729727,0.4169397797408039,4.407126368446722,6.602568904939552,1475.3671722299214,84.00307183491832,15.906618994692412
2026-01-16 14:01:45.430432,4.5548499209781115,73.74892378886112,72.37922821375261,5.994558235741621,5000.327432890227,0.577490930316417,4.424909963404418,6.653655212719038,1468.7361135426613,85.39370385294964,15.998952283362648
2026-01-16 14:02:45.430432,4.2049093284642565,73.9578874823284,72.4313588146314,4.238239629317354,5027.121198476605,0.5256804647207611,4.552159516035251,6.604518391362765,1474.3988639846566,85.23605542788764,15.913680383166973
2026-01-16 14:03:45.430432,3.8793711726907287,74.09228380045676,72.082841512219,4.700303943335686,4959.55180535371,0.5374849010722434,4.615221366306867,6.7195521237527975,1464.4071499678703,83.78274342506786,16.130489838545902
2026-01-16 14:04:45.430432,4.336286850601366,73.84262989586989,72.69474524617047,6.575875809501969,5077.895271615917,0.4620667399228614,4.352679337012473,6.59306085315119,1456.6522551789994,85.14748157241308,15.75455887150306
2026-01-16 14:05:45.430432,4.949940967447608,74.40566080366014,72.55975955606435,4.95220074961521,5049.631405148972,0.531118955923656,4.535196107420806,6.617305145288402,1425.421101870562,87.00544283035462,15.84274050546069
2026-01-16 14:06:45.430432,3.933683126808713,74.12722005845553,72.34530883119331,4.273225862166157,4932.753610646741,0.5563196724861033,4.382330181422909,6.588788749582221,1452.9974439587054,85.3730124337668,16.21812202971781
2026-01-16 14:07:45.430432,3.5127353476646794,74.01183411447222,72.87974699627105,4.122382643137095,4946.244847594162,0.49506958004976614,4.5629085409014,6.582115063656623,1461.9358755466162,85.45316785805461,16.173885940747912
2026-01-16 14:08:45.430432,4.553540334643486,73.56922714283944,72.51740329607848,5.332719329585188,4947.653912494655,0.6000961229624181,4.4377269418996255,6.729560764544115,1479.1487589874087,83.58934333811466,16.169279706078555
2026-01-16 14:09:45.430432,3.939809418023201,73.60525525507175,72.29277128560496,3.6668519915227913,5033.898498544826,0.5022032317456468,4.394867098197672,6.677138733695628,1463.7257708346363,88.93771770240976,15.892255281493258
2026-01-16 14:10:45.430432,2.9136652269929817,74.08430277508454,72.67134748429409,4.752664036103582,4935.763611679126,0.5570392900226238,4.579966451534758,6.657014671285028,1474.8076686921083,83.703287259355,16.208231652484738
2026-01-16 14:11:45.430432,4.423710838575211,73.36022131215356,72.57960964330185,5.3332305349900215,4983.448783289596,0.5146504403629327,4.441307739455491,6.617171151832654,1429.3600421726953,81.66443307890505,16.053139799139593
2026-01-16 14:12:45.430432,3.732335907023039,74.30379122289322,72.57891599709684,6.299149820547667,5022.735219820839,0.5292760766428434,4.46840360486473,6.695380590552339,1443.471647477038,86.72036824043616,15.927576608916604
2026-01-16 14:13:45.430432,3.9547333588479194,73.9525538466883,72.41484887906968,5.667548080369996,4996.691703272678,0.4164333866182614,4.278001091244362,6.6087888780316275,1458.5870142732253,84.77036592070314,16.010593558854648
2026-01-16 14:14:45.430432,4.165990165284507,74.97292789087842,72.59009914475561,4.285934882017822,5012.944375785635,0.5185526869107682,4.5946551361423476,6.689681964716505,1473.2190538148511,84.39391635810586,15.958684956974471
2026-01-16 14:15:45.430432,4.095249839889533,74.69237487518484,72.44764834195578,6.17841931756372,4946.709864432562,0.4632512449371367,4.58209085211691,6.606374436169719,1447.0954270832217,83.90889243917695,16.17236551009583
2026-01-16 14:16:45.430432,4.354725908569519,73.94556527922575,72.61118829032917,4.7004849624525225,5029.742718669862,0.4576800847111156,4.500545784428131,6.617774614906216,1448.351080817017,88.74342924863167,15.905386115088676
2026-01-16 14:17:45.430432,3.7822568147150784,73.9680988992406,72.11901110919787,3.764296977950591,4969.3394053762,0.587205159223299,4.347241905864424,6.687914119305896,1463.7428061200596,85.70918055720936,16.09871926104505
2026-01-16 14:18:45.430432,4.2565528990880415,74.29867445420061,72.41322530740416,4.827958640734527,4983.769016280103,0.48931148759688253,4.620936917833476,6.693191367207788,1427.4825834570975,86.09950244329016,16.052108301702994
2026-01-16 14:19:45.430432,3.8702266612080414,74.51095178297541,72.84443101956164,6.438169201145702,5011.8865863953,0.44983490845122515,4.4333736613639205,6.679873646694839,1482.1480909964687,85.32523124716454,15.962053135272242
2026-01-16 14:20:45.430432,4.369405240443752,73.50859128276919,72.34658650891994,5.165240050064925,5005.1539110765425,0.48204341859455624,4.454664654989942,6.597516294212161,1432.4172781378463,85.54009922689039,15.98352446724122
2026-01-16 14:21:45.430432,4.307683742006526,73.46408736039359,72.37923234050136,5.012521864329786,5001.19900095078,0.4349774885539043,4.731204405635953,6.6276636567138585,1411.6282115288138,87.79724922111883,15.996164116803024
2026-01-16 14:22:45.430432,3.5322806489777023,73.81338955833368,72.41040773231,6.6372116447028535,4962.468658901163,0.5716942234098135,4.429636355589077,6.657844937059926,1450.2013401704517,84.49829067754462,16.12100861463463
2026-01-16 14:23:45.430432,4.542991058087516,74.17482127495217,72.25703877282227,3.5686451529455727,4985.022529440041,0.46521596279167426,4.57422099624265,6.607535951904496,1483.9691740475114,82.08612490895854,16.04807190489995
2026-01-16 14:24:45.430432,3.732018277442976,74.14906207715228,72.05834384475435,3.714400885947228,5000.1091795418515,0.5264649966971835,4.556209226208262,6.718548138006465,1461.7290626066722,86.73610930845555,15.99965063309482
2026-01-16 14:25:45.430432,4.404028899140573,74.32093143649516,72.45388272029528,3.384153529033168,4931.245738341646,0.5678053357105163,4.5390172192880085,6.529902652802473,1465.0218108600727,85.99340322448478,16.223081193861496
2026-01-16 14:26:45.430432,4.183643656700671,73.64009074149041,72.52717188481633,5.372648186480055,4976.873351684331,0.47499236593926353,4.528200054255451,6.611063024231543,1450.8277152461424,85.21595962577008,16.074349164003834
2026-01-16 14:27:45.430432,4.919091838397561,73.30515684110934,72.48949898629228,5.166493127115125,5019.383993951642,0.5266011216136393,4.53763885618892,6.624521674856509,1446.9524500545765,85.94150648309557,15.938210763790936
2026-01-16 14:28:45.430432,3.888267008814074,74.25740425859064,72.47102428761042,6.542736367279776,4936.128169807733,0.4484956972547785,4.527194059094054,6.507802816761412,1419.1018126081376,84.25851155941166,16.20703459227966
2026-01-16 14:29:45.430432,3.8253416019409014,73.75154111811042,72.50860817417008,5.24347507713677,5057.829082579712,0.6222884784556842,4.494808164122394,6.580188543488191,1404.8122748419162,85.04138516570852,15.817062754361904
2026-01-16 14:30:45.430432,3.9902901970561335,73.39445364068341,72.70456829431015,4.595842840520698,5063.4806631299925,0.5468190067308312,4.651128312411074,6.681264475627104,1453.9254467688172,84.73659949228018,15.799408612839054
2026-01-16 14:31:45.430432,3.848410108582862,74.04351912378782,72.46191076281416,5.001794872878107,4937.742471201996,0.4903696780619597,4.3687339439200725,6.651514181827649,1476.2509838868045,83.81702348585817,16.201736009234516
2026-01-16 14:32:45.430432,4.399970950971025,74.2379527064656,72.38518348458254,5.117707418460958,5067.880981652507,0.4613583134555518,4.602145810401538,6.7286568011021455,1456.8826740965612,87.37834556621,15.785690368346817
2026-01-16 14:33:45.430432,3.191844695781706,73.96338286036362,72.44377490302239,3.3282387266718327,4992.820920564393,0.4943001723580187,4.582234229868755,6.7272613222942415,1462.4719905410402,82.1754827451644,16.023006086698725
2026-01-16 14:34:45.430432,3.473158790426823,73.86264548414525,72.61586935195136,7.710331644334893,5020.925727957852,0.48300081388242405,4.56983991213294,6.671652318930198,1481.6743509127907,89.72176434362594,15.933316749646123
2026-01-16 14:35:45.430432,3.4660985392104036,73.95219133035623,72.78240537570865,5.519871018101911,4975.167447393587,0.5976472276999754,4.611697942764013,6.665661912450036,1456.5753370288212,86.75472441841295,16.079860797833195
2026-01-16 14:36:45.430432,4.475153795986788,73.88882517127976,72.37437125216617,5.210008308022589,5046.152241361338,0.43872326388925487,4.49074006047316,6.653296555428946,1447.5468979938476,81.4440489305953,15.853663578413519
2026-01-16 14:37:45.430432,4.855306686290962,73.59558586641795,72.51978675740578,5.61516398427858,5020.304700942434,0.5067400711645101,4.313102592417312,6.517245899106026,1433.6295038869987,84.55166734101815,15.9352877495627
2026-01-16 14:38:45.430432,3.9477753907312643,73.78559579690287,72.56767148838719,5.709410980586605,4959.29233717012,0.4990830966683145,4.492770734028551,6.580272024333697,1490.4442512594417,84.66290816819289,16.131333779296774
2026-01-16 14:39:45.430432,3.915589138404995,74.15638397150414,72.30148439865424,4.859446514497568,4941.739900001736,0.49412948498275655,4.400880578237545,6.655033775154947,1460.5309555830736,85.78377325788422,16.188630243362645
2026-01-16 14:40:45.430432,4.035026081556591,74.09650356241295,72.50408343344259,4.368758863759299,4926.984878239539,0.49456916725308286,4.426814079014194,6.680801285437384,1431.1279656816134,83.02124345852056,16.237110926263853
2026-01-16 14:41:45.430432,4.580939151304095,74.05041794179004,72.20686522853158,5.599450686321704,5009.397088821638,0.49419645949397584,4.375758032616758,6.664483490606908,1426.5766466439752,85.06405068673644,15.969985725132128
2026-01-16 14:42:45.430432,3.536323432904713,73.70145545544399,72.14618993925212,5.385710840531452,5028.623570588987,0.543653303316605,4.452265514155616,6.605376751614218,1475.0612745385783,84.75776120375471,15.908925947032033
2026-01-16 14:43:45.430432,4.119184491367393,73.9455490513593,72.57334928157844,4.190109900910592,5032.548283938972,0.5304492223246218,4.440337630601655,6.696870314123475,1429.2511660718335,83.52476327485313,15.896519116431415
2026-01-16 14:44:45.430432,4.487598814891215,73.34688048606715,72.42322505173384,6.4190356113672635,4994.100945269631,0.5209455805686394,4.26224301700729,6.724122201437732,1487.0766831500443,83.24649553705754,16.018899272705994
2026-01-16 14:45:45.430432,4.250547084969923,74.05354299916561,72.54045608152424,5.293352036322983,4942.150177216782,0.3483005318927366,4.570022191128229,6.696899480014567,1394.8707440581857,86.83760929340471,16.18728632909588
2026-01-16 14:46:45.430432,4.094790808299372,74.42865731234407,72.49642100459833,5.729819362267631,4965.896260098811,0.5149897437081582,4.722032185800488,6.699479966479524,1478.4519039557995,81.60683491991482,16.109881441302637
2026-01-16 14:47:45.430432,4.50052304628357,73.55776036038736,72.30471999026724,6.391920887679919,5057.617431948096,0.4172180319914959,4.560623719349629,6.62203871010224,1459.7378962232392,85.95575787219211,15.817724665106896
2026-01-16 14:48:45.430432,2.6483838535003814,73.82422169800468,72.49094913960714,5.0218888211648345,4975.768571769996,0.5323160081567913,4.4797076043465776,6.703796706135041,1452.3718884611376,86.59502061375625,16.077918184113244
2026-01-16 14:49:45.430432,4.338937659765453,74.09873203361303,72.25337973899703,5.316952006984115,5007.1708815340735,0.5737248683785258,4.4945253604323785,6.657287931966383,1446.4908312991647,84.56288332332316,15.977086041746986
2026-01-16 14:50:45.430432,3.672962158436288,74.37585279032824,72.77819447160029,5.810027238506116,4946.217475821256,0.4536880443705725,4.457901413198682,6.675577776426101,1487.8145969718805,85.10474567944999,16.173975445088374
2026-01-16 14:51:45.430432,3.0846835515717714,73.86553261510996,72.228805931028,4.275138916199948,5016.829152272951,0.48691096388286464,4.509004158386696,6.668271592141235,1464.1411771680241,87.32698999939477,15.946327365713614
2026-01-16 14:52:45.430432,4.255601299762491,73.79232490122023,72.46084294580628,5.054051662846001,4977.1157719160465,0.47003221474735013,4.496299190592676,6.64392564472798,1431.935927822091,83.59029697855189,16.07356623115124
2026-01-16 14:53:45.430432,4.686829272581479,73.40932305727517,72.29154568239055,5.125548586651148,5052.335635688788,0.5617715887878401,4.41589515696017,6.6069998762438855,1415.6218008794224,83.79669514222175,15.834260779290755
2026-01-16 14:54:45.430432,3.931275742686154,74.03103143879243,72.61408423467216,4.043941448316605,5038.677885310341,0.5047513942636036,4.668288838894783,6.645893166822298,1453.5459442629463,84.00903263780138,15.87718084405244
2026-01-16 14:55:45.430432,4.476437273601469,74.61262281204313,72.4337137257437,7.3176367886738785,4975.214702671255,0.5864164690283167,4.351284576429023,6.699338080874141,1449.9785773292517,87.33065119844656,16.079708069090366
2026-01-16 14:56:45.430432,4.806139128994323,74.0832075385894,72.39626665607575,3.5927065565075975,4993.6667986326165,0.5206877101473694,4.571833154319425,6.627926209734355,1419.6026392524898,87.58458749376942,16.02029194697289
2026-01-16 14:57:45.430432,4.657457226792023,73.99331630624489,72.67064030901031,3.701896096312842,4972.444187997969,0.512122509031791,4.489880237268247,6.6946673631304074,1448.8921294903532,82.20821953107276,16.088667258065296
2026-01-16 14:58:45.430432,4.819982264685697,74.0966246932301,72.50588611833551,6.314226575703579,4929.028340172749,0.5034103391301418,4.690083181506575,6.686853533530884,1438.521307338516,87.01248149462327,16.230379393029867
2026-01-16 14:59:45.430432,4.371063745535946,73.99667239881542,72.6033288891872,5.713266250796543,4957.12787852264,0.5408996049628668,4.534086459924822,6.635053130149009,1450.185801366134,86.63781661269456,16.13837729436227
2026-01-16 15:00:45.430432,4.037716819450797,73.75609568832196,72.3037348126965,3.974035182519222,5009.910866386041,0.41311569008773286,4.4640094462816755,6.719440005180979,1464.518472232968,88.10718962089966,15.968347967377902
2026-01-16 15:01:45.430432,3.199017094051416,74.24698397470331,72.2190366112145,5.607289015101693,5016.262974911479,0.5042671977760255,4.47522928015655,6.632222666440465,1479.8521989492808,85.77021606425276,15.948127201487424
2026-01-16 15:02:45.430432,3.876968755935026,74.06772845693352,72.52144159240802,6.4678504449973095,5007.427395179632,0.49649767781360177,4.5039906694519765,6.725477343130632,1468.1777807273857,84.91147975944284,15.976267589423559
2026-01-16 15:03:45.430432,3.578376702341904,74.0052839755801,72.43623072890105,4.9697369424030144,4984.913347302068,0.5362709413578883,4.3857209305003595,6.671706349077049,1435.5711850033958,87.29043337314332,16.04842339803109
2026-01-16 15:04:45.430432,5.085471358748907,73.70739019181653,72.62528693449079,7.598822900074582,5046.653330286049,0.49061491970629817,4.423313047488209,6.649206704077325,1457.3783025765838,86.39780758300353,15.85208944706046
2026-01-16 15:05:45.430432,3.9120570937838317,74.39105237958043,72.48401830946749,3.2759381891319643,5003.177095228047,0.4480632782918665,4.321505603080814,6.6056099309831176,1451.2621424298404,89.48979682829746,15.989839751285793
2026-01-16 15:06:45.430432,4.061602403392243,74.19941082359993,72.54101506784693,5.693823453859102,5035.162691404797,0.500367533745985,4.40770231016259,6.645586988493248,1423.357420907382,86.91741568992366,15.88826516699507
2026-01-16 15:07:45.430432,4.275742688020234,73.8341237487898,72.17532349401175,6.1665283362210035,4911.311243389874,0.44585797355658285,4.509390648166045,6.63981202432528,1457.9646556938455,85.30709595284783,16.288928971396768
2026-01-16 15:08:45.430432,4.021801223186227,74.30054745610458,72.87768738792285,5.8913439016052465,4803.879987419083,0.40373688937062574,4.530017504928452,6.587085180737455,1487.1334467583542,82.65179123924766,16.653205369308267
2026-01-16 15:09:45.430432,4.847525520215377,73.85072874848444,72.4671516029936,4.795644273354352,5014.189401391904,0.5363561240742747,4.30206703050036,6.639119228864117,1450.64853208374,83.83816564561177,15.954722407931492
2026-01-16 15:10:45.430432,3.688675319132774,73.76539895224668,72.63951739406784,4.70955851798885,4928.761717313925,0.5289530786347335,4.48627882969558,6.609809840995146,1418.116346405492,82.12809004394397,16.231257380321964
2026-01-16 15:11:45.430432,4.0973037276186215,73.77208906475592,72.33278166595608,5.444145171087257,4989.377414864347,0.5233545471996788,4.556340995082214,6.67929958844894,1450.6053734221723,84.56987592787827,16.034064643348906
2026-01-16 15:12:45.430432,3.628764707150976,73.46867943407358,72.56160198044347,5.81575448665207,4984.89514794877,0.5651464210972905,4.4837087806623765,6.71531402378641,1425.725756020535,86.85213518646569,16.048481989218796
2026-01-16 15:13:45.430432,3.339988744389647,74.14146271412547,72.23943104729506,5.602473436282363,5079.370030120777,0.46674840548480373,4.43662113542222,6.588654216185239,1467.2721101377258,84.99265782303897,15.74998464880452
2026-01-16 15:14:45.430432,3.694115454547357,73.4506565364985,72.59041356765194,6.040057890793389,5019.999827647181,0.42844429286143726,4.458783885495179,6.735615386418346,1460.4972998345027,87.04345053752014,15.936255527222821
2026-01-16 15:15:45.430432,3.981481601475794,73.63146685062027,72.42880518312283,3.981130042933265,5008.292951339934,0.49649851115959776,4.445923664502278,6.643572448280744,1446.581798930505,85.67514746687803,15.973506497577493
2026-01-16 15:16:45.430432,3.78534888774137,73.37732359727644,72.50583810078712,4.772229020876365,5041.8495577316835,0.48262498501470447,4.436326944089195,6.601248930753075,1443.3767146828836,84.19381542049199,15.867192998117106
2026-01-16 15:17:45.430432,3.653789510063072,73.97417909216273,72.63959480602603,4.059984067876246,5018.424879341952,0.4578852141614966,4.517382352524485,6.687887739010409,1445.755313967689,85.17525031033993,15.941256853184203
2026-01-16 15:18:45.430432,3.296841268164083,73.95490386191844,72.25349193775594,4.613887223913858,4977.116150350578,0.49600754232561023,4.730768822773545,6.6276772760872475,1450.1654898868464,85.94419338211019,16.07356500899923
2026-01-16 15:19:45.430432,3.9584472136856528,73.90199113604409,72.36310165387744,6.015220891814305,5053.573796512728,0.46941974268977077,4.425630008309482,6.645913166198426,1434.5552995731691,85.27844679692723,15.830381274971158
2026-01-16 15:20:45.430432,3.2476398129844988,73.68722669159882,72.59146485621736,5.107983920725228,4944.512493605586,0.4081997358321584,4.468185736733857,6.629786087789396,1422.2449383799712,85.30136845770383,16.179552605733882
2026-01-16 15:21:45.430432,4.380027981844801,73.648329873969,72.91964429490935,7.606859163149769,5016.162359376678,0.47794116546031196,4.494830206062477,6.609163103406756,1472.773978933893,83.46189978482658,15.948447093315579
2026-01-16 15:22:45.430432,4.041219876467252,74.13931095906398,72.4723835330677,5.193406367189717,4922.621510293185,0.4431812416648071,4.43126455656417,6.686199851620096,1442.291980470061,84.13404746951556,16.2515033570467
2026-01-16 15:23:45.430432,3.271224250267535,73.83483442048745,72.61822722358478,5.059691880579736,5010.197192875799,0.5115824035805462,4.609823580352343,6.635684929855291,1453.340862083383,89.51692159230929,15.9674353963064
2026-01-16 15:24:45.430432,3.8453954614750683,74.09490749646085,72.4786057060283,5.106182919440216,5009.649482088646,0.4671982620879673,4.262911462669356,6.578167410391038,1455.70563902335,87.45693298084709,15.96918113453439
2026-01-16 15:25:45.430432,3.6239217972047086,73.73442539416273,72.88844911895126,4.362191307140064,5083.822748095733,0.5555815737070526,4.446894082962133,6.677553006210797,1456.4404095931043,82.05231820638056,15.73618986420522
2026-01-16 15:26:45.430432,4.1595872552095905,74.05431882283132,72.15055566660695,4.942163387622406,4921.751305327911,0.5801933033633933,4.581831373631996,6.5897208824488125,1426.5236400580316,80.26606208498728,16.254376752721768
2026-01-16 15:27:45.430432,4.670225223011572,74.39098341119482,72.51892420893387,6.127788027111646,4969.95564120731,0.5339690686505953,4.4705905691611365,6.5923369913662375,1416.483196708963,85.15238484289745,16.096723145111667
2026-01-16 15:28:45.430432,3.0624137651771277,74.17584974011784,72.17489119328759,5.113970668127772,5041.134121328707,0.422448690900834,4.417916104114971,6.709630310248866,1438.2261495061603,86.78694578885198,15.869444865893424
2026-01-16 15:29:45.430432,4.057513039573709,73.87627585453505,71.99868568589265,4.206540270116529,5016.765862819865,0.5752597999439519,4.544075675443876,6.590183005039489,1457.914230648339,83.96011632515558,15.946528538015713
2026-01-16 15:30:45.430432,3.91993360221668,74.07715969110677,72.55949241062356,4.074915379521364,5009.0152525668755,0.5787860225186883,4.590634323539716,6.534177757153626,1435.4410026505138,87.04331745639587,15.971203114026036
2026-01-16 15:31:45.430432,4.335670038225233,73.92780044764093,72.5278995592295,4.549798108334157,4952.193214852073,0.500939525565397,4.521063544521506,6.681143074248075,1442.9015729260154,85.11930913001417,16.1544585457758
2026-01-16 15:32:45.430432,4.106598314118845,74.00236405540842,72.44303261245156,5.07386343441088,4970.459082595428,0.5661463080167766,4.419877964018712,6.634806828525944,1492.5459482749914,84.67387744054605,16.095092761175362
2026-01-16 15:33:45.430432,3.6240153341305903,73.90231668435545,72.47876118199206,6.193586535476262,5062.252050411163,0.4724162430976661,4.545620331915174,6.639117243943095,1413.0915223039092,86.51223035235036,15.80324314224976
2026-01-16 15:34:45.430432,3.840473032166691,73.95069943823438,73.11965988681425,3.659511358633563,4997.424540312303,0.4066877032575205,4.459795069972521,6.63427498033249,1434.89932008179,83.93624841419546,16.008245718303648
2026-01-16 15:35:45.430432,3.6019870715982556,74.06362800592225,72.44836497239372,4.680173722111244,5018.767984807224,0.4619857780689203,4.574518688189383,6.661583496950937,1487.9320813714785,84.42658735639269,15.94016703744333
2026-01-16 15:36:45.430432,4.538003569299299,73.70199239012541,72.60202487225001,5.144310019435079,4994.240583561176,0.5864650433022378,4.648325888485659,6.612364037904847,1449.1080265600956,86.34033452426092,16.01845138644792
2026-01-16 15:37:45.430432,4.010655824335971,73.695236351903,72.37012703607722,3.166294232370565,4940.845724237512,0.4254460038194263,4.239442324431146,6.723805743728288,1435.8802966900219,84.93720812586795,16.191560001065582
2026-01-16 15:38:45.430432,4.950595342876504,73.58343723385063,72.55904651500812,4.166401717033594,5046.69052130375,0.49997606409657475,4.511106747319563,6.57618847598453,1623.3753783402224,98.81755254675546,15.851972626871715
2026-01-16 15:39:45.430432,3.9696695930926897,73.51991866864888,72.45235326498887,4.3201114602638135,5025.161619226625,0.5017071946670106,4.326426606305238,6.672243745833857,1601.1046087296222,96.38765082571204,15.919885978177163
2026-01-16 15:40:45.430432,3.645796616544769,73.63481519233386,72.41789630345406,4.204029626149501,5115.281841868359,0.4743512878016094,4.744178858532977,6.68210605019383,1593.03383209912,96.25762765666552,15.639411956776943
2026-01-16 15:41:45.430432,3.2431428036935865,74.04783875204124,72.86377970644007,5.191889545021647,4949.220931017473,0.4778239200081442,4.453187546620381,6.612017411958331,1603.8473785407502,94.90099070786987,16.164160201180067
2026-01-16 15:42:45.430432,3.0984301618720274,73.73216374535244,72.73543699263686,4.839440390498202,5041.128646060024,0.5036124567118101,4.574637324182537,6.5988132777361095,1586.8378238123446,96.74950935341921,15.869462102008702
2026-01-16 15:43:45.430432,3.2079320284972552,74.15408433926933,72.52734932947985,4.444713897398964,4934.42280169815,0.4718918829032636,4.49646831404051,6.700858710708508,1579.6501787422385,94.35478445439671,16.212635847189365
2026-01-16 15:44:45.430432,4.133563325505742,74.01041412462577,72.03915761281121,5.427962626552635,5007.867328383654,0.42889707514160347,4.419691541928094,6.600456962299164,1597.728061447305,95.56475550239902,15.974864099648764
2026-01-16 15:45:45.430432,4.254362511614967,73.40944873596858,72.42779815534949,6.7230747176462495,5048.825329453158,0.5107515971471728,4.4077946952822575,6.619666802962472,1579.7800607984798,93.16741390599088,15.845269895416418
2026-01-16 15:46:45.430432,3.2094046489839334,74.19649267526651,73.04060551288102,6.639256516741752,4896.393244195176,0.5536683291222486,4.658567917310076,6.694365448122988,1600.2138662359296,97.07888278446119,16.338556976575042
2026-01-16 15:47:45.430432,4.447519157038058,74.24323959367752,72.45386766667205,3.0772282279376637,4989.753376287919,0.543478625932671,4.595593806017831,6.651737061676951,1607.0881313494867,95.58120939452358,16.03285652957767
2026-01-16 15:48:45.430432,3.7584694741582805,73.70184119754954,72.72064351441072,5.577072183835139,4971.839513297869,0.4595132266305094,4.694358408737756,6.560142816618545,1617.061209121032,98.96502612739576,16.09062396041324
2026-01-16 15:49:45.430432,4.073396505992775,74.1260574628685,72.78838848039052,4.821976709936162,4964.902135085244,0.4374386042311162,4.50554533351577,6.737352957227676,1622.5584997103365,99.78459676733952,16.113107131491617
2026-01-16 15:50:45.430432,4.806110314127713,73.74305052877725,72.5437927831712,5.155155342865356,5019.260632612968,0.4857906058922611,4.5287919621246004,6.623499462061002,1591.885269967355,96.5266389028663,15.938602486628184
2026-01-16 15:51:45.430432,4.4484196579327655,74.0293011130245,72.33163567362637,4.6017169664574515,5056.03428532113,0.5783895754897832,4.4732808434344715,6.62986213550468,1609.9882921587814,95.1368506224158,15.822677514719201
2026-01-16 15:52:45.430432,3.865734676047084,73.62065047791351,72.01293753364342,5.117588629887202,4993.336064238542,0.5322799039479773,4.4712917796884994,6.662789212616318,1609.8504689241272,93.10787097574887,16.021353053512048
2026-01-16 15:53:45.430432,3.5544038872923562,73.46206806423963,72.6368326417218,5.151407396072019,5010.274321378001,0.5351982338397117,4.395811306752263,6.681253839850204,1606.5563743163198,96.80949960651765,15.967189592524585
2026-01-16 15:54:45.430432,2.9240922993353475,73.88515484311611,72.3370487994353,4.421048242651077,5005.7154376529625,0.5444928475892747,4.508401019092435,6.748055214564574,1590.4108117809908,95.42056912779046,15.981731482025618
2026-01-16 15:55:45.430432,3.64042334037879,73.96288131611755,72.53523009037754,4.1036324521748195,5000.0901753178205,0.5210383281259293,4.42107534051138,6.566996592529716,1579.4386437507178,96.07606967830893,15.999711444187097
2026-01-16 15:56:45.430432,3.894434880586153,73.88069609191562,72.25003593208213,4.551304317380516,4945.532868114395,0.5060304273806789,4.54419089221642,6.691297610446298,1610.0400377813312,98.45957477491248,16.176214400633828
2026-01-16 15:57:45.430432,3.506410236424408,73.64479083253323,72.44695249190596,5.234259264456766,5055.422230086145,0.5331153448323984,4.517001021898021,6.687150484702504,1565.862748756139,93.3511534226733,15.824593151467942
2026-01-16 15:58:45.430432,3.9343715164538478,73.88003028136066,72.50674381098021,5.5989963416842645,5014.759768407942,0.472691694789099,4.528768204367572,6.643141754456295,1594.6432113486337,93.15139166303733,15.952907755219936
2026-01-16 15:59:45.430432,4.038425941479384,74.08078842577422,72.55371871620886,5.853348977340147,5019.744074500129,0.429276849431684,4.667512993969023,6.689363684740812,1548.927379687028,94.52714812325864,15.937067470509735
2026-01-16 16:00:45.430432,3.887572009095961,73.98653209096324,72.27703556252952,4.5058099769330875,4959.674518548721,0.5361498467312161,4.496228205023441,6.696713700881828,1573.2719515328347,96.64240229950364,16.130090734947917
2026-01-16 16:01:45.430432,3.6749987095882704,74.05475030917977,72.73938218975228,5.2838445673027366,4977.038980100538,0.5618869052874612,4.575672700285343,6.58090186075065,1582.4573212310515,96.10973448042898,16.07381423369603
2026-01-16 16:02:45.430432,4.084327335983364,73.79896543986374,72.38062104305361,5.962502591953299,4991.193290114461,0.44408840303219843,4.705150946408558,6.737488325294042,1621.9344841525856,93.20862297660845,16.02823119642505
2026-01-16 16:03:45.430432,4.220970324784704,74.35151537441484,72.16510610790935,6.165594895144128,4923.293765327558,0.541096074120795,4.630661706929505,6.572061887343093,1613.7621604880853,96.51310580140496,16.24928428268944
2026-01-16 16:04:45.430432,3.4548004612785768,73.64714799903356,72.4781953160073,4.941167145868477,4915.598283740116,0.5840382856694095,4.615316969845485,6.593234185938062,1588.9213063231552,92.59757436221348,16.274722909035326
2026-01-16 16:05:45.430432,4.705466189873135,74.14626808912601,72.50687506180529,4.7790682750603874,4969.962603468071,0.49988768991214394,4.46933117844795,6.636910616318795,1614.587395902595,93.32451665130229,16.096700595729935
2026-01-16 16:06:45.430432,3.950705933857869,74.35456732788799,72.53211788663435,5.191124233836392,5026.12603832212,0.4590998907629127,4.52296430555678,6.746247025659353,1617.752459267608,94.76908536562162,15.916831251352091
2026-01-16 16:07:45.430432,4.009424811472424,74.14427242782467,72.77242648073701,3.850292527102594,4967.343130503503,0.5061509336763378,4.368172370797006,6.634587168512331,1596.7867030325056,93.89313750804956,16.105189011150713
2026-01-16 16:08:45.430432,4.354107211628278,73.93924273188055,72.45271023265283,4.8063904889644915,4949.059740120464,0.4724733015899649,4.549891440096442,6.648403305497459,1572.3124371157262,96.77971897730187,16.1646866679473
2026-01-16 16:09:45.430432,4.116608065631751,73.8415108860011,72.47607607512624,5.74458639847313,4959.265717338117,0.4691634945021799,4.527446017761384,6.721603930195228,1595.8417537986777,95.57275696600219,16.13142036739664
2026-01-16 16:10:45.430432,4.476568316956622,74.31082629531387,72.27936312375338,5.641947129443701,4977.232878842734,0.5216592033635772,4.502338512515618,6.6349840928717265,1598.0421518965572,98.53112235525452,16.07318804391587
2026-01-16 16:11:45.430432,4.143562082600912,73.5731075224215,72.66411070057758,4.729732395636111,4982.307051858995,0.4198135262485052,4.602719478824286,6.591078164353466,1575.3509121833954,94.50562926929118,16.056818491375488
2026-01-16 16:12:45.430432,3.693781312679781,73.70896272188611,72.53686181281562,5.217718201087167,5108.276072610328,0.42780355387538865,4.379222517757561,6.6291382582380844,1607.3409358585993,94.75559569791851,15.660860701900166
2026-01-16 16:13:45.430432,4.180751762603051,73.88073267035249,72.41599445454116,4.175349659709313,5052.731031424366,0.5009645440186972,4.663486285116035,6.7185395916902895,1605.596237086047,97.42076521812352,15.83302168717419
2026-01-16 16:14:45.430432,3.428136896339669,74.3712961272536,72.11906506130691,5.703492148225025,5051.238705614086,0.49888457305437844,4.590176468794028,6.653543249852757,1608.9008539978838,94.81815839375241,15.83769935700837
2026-01-16 16:15:45.430432,4.0542798528882615,74.11393029081226,72.78888243901102,4.922178563863527,5058.429018213669,0.5171777288519968,4.492936602034803,6.746532912952813,1605.5784619433489,97.9880104954151,15.815186832106848
2026-01-16 16:16:45.430432,3.9833850046777695,73.70958627244693,72.2544640071088,4.724048548303862,4950.0589565332975,0.5937612694241694,4.48512704121826,6.686896746313108,1614.5968607022996,96.08165642076898,16.161423672421638
2026-01-16 16:17:45.430432,3.89594157136373,73.90690768838454,72.38174439812606,4.638276163906613,4938.881769250638,0.505225701803791,4.548061121524859,6.617759553180326,1596.4134394425394,90.29442706022928,16.197998603262405
2026-01-16 16:18:45.430432,3.9357312442805346,73.81570305677111,72.5716689022152,4.937106133100142,4944.656485423297,0.5299086075167397,4.652085123206378,6.652553815223254,1604.035702147419,97.35514082829893,16.179081445968524
2026-01-16 16:19:45.430432,3.0590754772511803,73.78706330232994,72.26068841427666,4.552122355068041,5066.725306666892,0.45122335321926843,4.510160771869001,6.607339094092906,1592.0451943150892,96.82545362623962,15.789290943942529
2026-01-16 16:20:45.430432,3.7256375461295193,74.29366686756704,72.20129804434937,5.6581430360025635,4972.640410555876,0.5383968831758269,4.514403090197923,6.616578348467562,1588.310015687561,96.9026652122211,16.088032392243107
2026-01-16 16:21:45.430432,4.0464224505705575,73.58847706122094,72.07521048345987,4.604716451983819,4937.432190888036,0.4736804567444661,4.501811847762587,6.873954212551288,1626.7649926152415,91.17804324290948,16.20275416594863
2026-01-16 16:22:45.430432,4.079928195998701,74.48263425672032,72.64419939058112,6.592964096027381,4978.450189989009,0.5035710416290546,4.6782024112701475,6.700931225501691,1559.1246259694701,93.67402007745791,16.06925789091336
2026-01-16 16:23:45.430432,3.486162429537021,74.24846890705538,72.39096275105473,6.465210503481381,4988.069723414269,0.4945575687465419,4.463111689706298,6.693054899450334,1617.5351997830853,93.82259033288646,16.038268195104745
2026-01-16 16:24:45.430432,4.632853920432351,74.3272585011811,73.08545401849467,4.108456510145495,5013.420663684728,0.5516487117457015,4.497049240138093,6.618840984234597,1587.5891824910868,93.31775726487922,15.957168840725638
2026-01-16 16:25:45.430432,3.56691257589275,73.86111814639243,72.30112898687382,5.06970426942928,5012.547551035602,0.43450117228125,4.6463435654261,6.728479203314055,1584.9992364471375,98.48384506378788,15.959948346718795
2026-01-16 16:26:45.430432,4.484728600263368,73.95501778427627,72.31570979531422,4.349343378663805,4958.590971806325,0.38583806826924805,4.514701083361286,6.704970780089647,1605.2315496813083,94.97646432435273,16.133615467552357
2026-01-16 16:27:45.430432,4.213597180935842,73.57005445564259,72.38692140594291,4.673352436811388,5034.282819625686,0.4893283651456038,4.613705886004552,6.744081064467889,1570.20780775298,94.92687811474165,15.891042054317529
2026-01-16 16:28:45.430432,3.6768863450780986,73.84260127787996,72.5486269310277,7.002427467644797,4968.040323312493,0.5234265628452562,4.408871994309704,6.741655707419923,1583.679538561076,96.10401662063155,16.10292888014628
2026-01-16 16:29:45.430432,4.887655446304756,74.14809645429294,72.40595933224294,4.692428582884201,4992.1861831647475,0.507613468790375,4.479470747837149,6.576045535595124,1433.0172070697402,86.13860333577877,16.025043350703875
2026-01-16 16:30:45.430432,3.40318158412176,74.38881891853441,72.6224664428005,5.360226037077429,5034.338703525168,0.5616102118706956,4.6484434038440225,6.594508025536505,1445.5720348362981,78.33021457874834,15.890865655102232
2026-01-16 16:31:45.430432,4.459577086805001,73.66785295495926,72.30428232200227,5.541321294008278,4967.908929802783,0.5218686337089834,4.432366028423646,6.599810609226819,1433.9172462367862,83.70728492570127,16.103354777716476
2026-01-16 16:32:45.430432,4.500291159021489,73.89034821890442,72.22368165630728,3.9993706275167593,4971.532428820943,0.471807583407007,4.484870096023029,6.602802967833378,1482.0223737127853,82.17442284441745,16.091617855336597
2026-01-16 16:33:45.430432,3.6646898954616773,73.95461023393024,72.14035705211818,4.144904525590795,5029.583402484656,0.383728992293016,4.525668523089148,6.66617261821302,1485.9403303299591,85.80061218630964,15.905889931257395
2026-01-16 16:34:45.430432,4.696232650032164,73.58126323934225,72.05528516641256,3.793977628591881,4957.113341169749,0.4881343882902391,4.401084548200702,6.621659827395209,1409.5601295450388,84.4222151713319,16.138424622165708
2026-01-16 16:35:45.430432,3.8749767427005235,74.17740477252752,72.39638619610498,4.114029266102223,4980.760398819796,0.55139795011289,4.45861898813781,6.753629927038126,1460.8864540953148,85.03077512900254,16.06180454272729
2026-01-16 16:36:45.430432,4.1443468146399285,73.78280290047722,72.43980393752136,2.1499698906828177,5027.787108902145,0.4803976108666443,4.511263668182564,6.745233994104082,1467.1732687815515,80.84296050221896,15.911572679430456
2026-01-16 16:37:45.430432,4.13016091938561,73.94138289464689,72.37371259450336,5.544582400793628,5102.704622071798,0.5014160131838882,4.504668173416196,6.649676920296049,1460.859704047822,84.38029555061901,15.677960204468668
2026-01-16 16:38:45.430432,3.932845629264726,73.86441518842643,72.74868115943744,7.05419384125607,5030.270225238138,0.5210680127153354,4.628035202083714,6.7477663108074895,1436.837730138166,87.23026050366563,15.903718173751336
2026-01-16 16:39:45.430432,4.405404136579891,73.7631984482841,72.74560604192163,5.147820739036527,5023.631988149501,0.4492353812875092,4.654145719483226,6.72440673136201,1445.1180887568291,87.81889896620433,15.924733377905872
2026-01-16 16:40:45.430432,4.396744360276107,73.99788650435583,72.4330394025111,3.583731140659393,5026.540079183636,0.5311617948319409,4.4143915127999085,6.627464672041137,1435.034506904446,86.43772683908139,15.915520166904317
2026-01-16 16:41:45.430432,3.1257340133809097,73.9353171264296,72.14121577736161,4.357223617100052,4946.340486296647,0.5818560895000853,4.511126851916749,6.549539232798722,1441.5947193768234,82.32906941310377,16.173573214709375
2026-01-16 16:42:45.430432,4.6521701214390765,73.8884426353164,72.386658978389,4.541123154975003,5005.779836933995,0.4913593324053297,4.5674248308424765,6.639101580751964,1425.8006994266566,87.51880360598425,15.98152587729456
2026-01-16 16:43:45.430432,3.168754005982163,73.7814615134959,72.38003572121659,3.9824152227866243,4998.51167558318,0.4435467789083849,4.65163474657992,6.617768893446077,1447.704223567309,86.44800451000003,16.004764056226065
2026-01-16 16:44:45.430432,4.516273102170828,74.09585740123488,72.36857300754438,5.860182638395156,5016.0792270186375,0.4966699486489013,4.571849029731713,6.6603252812572915,1419.9439657738985,84.76562193187092,15.948711409717681
2026-01-16 16:45:45.430432,4.563352568413792,74.49608518054768,72.36045621922035,5.810260044375334,5005.825402623794,0.38878079456955655,4.529091340159233,6.6544614143437375,1445.9973089154373,80.94992737098052,15.981380404931452
2026-01-16 16:46:45.430432,3.4545167848924008,74.04196616985173,72.36930742085504,3.84454820618234,5018.984983870856,0.5168451631988308,4.566654253198263,6.653150882944962,1425.0283662180047,86.90718990132504,15.939477854006364
2026-01-16 16:47:45.430432,3.7945928560227076,74.29883546447334,72.42269167682045,5.725081044447508,4984.42664025504,0.5226137188824289,4.567376883433626,6.676184237068958,1454.136327235828,83.81566734003324,16.04999045505194
2026-01-16 16:48:45.430432,3.447147665757032,73.58293342245396,72.37289178023688,6.526812663577266,5002.930445868589,0.5837818146922781,4.407228570771563,6.589373902645816,1436.4116087811421,85.69233164210956,15.990628066009563
2026-01-16 16:49:45.430432,3.8925394848556323,74.04732843178813,72.54166450172512,6.9025582052295595,4938.60857169715,0.49030026037166874,4.519279879250627,6.670568013878485,1455.8116069574908,85.13678772127332,16.198894655971497
2026-01-16 16:50:45.430432,3.8459828579071296,73.67078950430869,72.57207374318097,7.865212023085963,4984.004636099854,0.5204242669073235,4.645916099418869,6.62801919234915,1471.6316145672956,88.07678996887655,16.051349435060438
2026-01-16 16:51:45.430432,4.38983026613467,73.55692252174043,72.3178709825635,4.098007350556802,5069.541677408833,0.45693559488070495,4.479264323130599,6.659999109993184,1481.7889387220941,84.74926602800498,15.780519244274164
2026-01-16 16:52:45.430432,4.655154373059804,73.7781885777623,72.75421306520141,7.824220426395203,5015.940416981412,0.48217864397374605,4.512944664254745,6.69787049226161,1399.4399082195903,84.96977281982811,15.949152770866426
2026-01-16 16:53:45.430432,4.697841905394978,74.35756980032407,72.30398753963188,4.645793611491212,4998.953948130847,0.4237407281668901,4.475748355047398,6.588780011338949,1433.3161181225244,88.15723078095726,16.00334806643152
2026-01-16 16:54:45.430432,3.718915986710849,74.2850047486009,72.17643987723693,4.407534544619486,5094.806163812717,0.4902605189358382,4.268614050439313,6.635935317366522,1443.9382784577597,83.68355551249962,15.70226568543909
2026-01-16 16:55:45.430432,3.895389063127736,74.07290141661632,72.576155614273,5.3270723748778455,4931.958251084946,0.48473454232407176,4.502059017723468,6.644073288298557,1459.2065563676297,86.62864570281556,16.22073746921953
2026-01-16 16:56:45.430432,3.158280903889525,73.54018983203302,72.33651837311713,4.417938665906988,4944.527222227689,0.5149599883044448,4.530179193065287,6.624286551421468,1416.9929099169094,84.60276855424307,16.17950441052625
2026-01-16 16:57:45.430432,3.5970649667519057,73.94111580458362,72.56425829415147,5.399044140646526,5085.635570563813,0.468820155983368,4.44875066091191,6.694991474806648,1430.3581518639958,82.99491607599015,15.73058055182882
2026-01-16 16:58:45.430432,4.482425816548729,74.09051000267053,72.0192662797799,3.6799228122626984,5002.298046802447,0.5041672675487546,4.384536305111527,6.613980582059977,1452.6071440531423,85.00232197344174,15.9926496285317
2026-01-16 16:59:45.430432,4.807791411774116,74.05266086887357,72.77849118829661,4.7612473979365655,4987.87084818551,0.4833309972196167,4.411939354021835,6.622229980027884,1451.6977648305333,86.38341022721598,16.038907669211692
2026-01-16 17:00:45.430432,3.382825564060039,73.44686192495578,72.63445868160808,6.285582234361679,4940.039783745217,0.4834250305850243,4.5764187616135565,6.614504043352397,1457.552368128402,87.70741967995302,16.194201565589253
2026-01-16 17:01:45.430432,3.703767870423553,73.73290464559403,72.1999046901674,4.942938708568844,5022.384813319751,0.5040181162981515,4.697252477304691,6.704602770571941,1458.8735145377623,87.94938797069136,15.928687859168784
2026-01-16 17:02:45.430432,3.9867971215205364,73.98077667075539,72.20424457523075,5.141595786739883,5027.222993476373,0.5020261471158505,4.638243334090543,6.625377794379389,1456.7718886623172,84.41047185154893,15.913358150973771
2026-01-16 17:03:45.430432,4.140080579409803,74.16088727285516,72.83445318081951,5.475258604717311,4945.275281958256,0.538058701952582,4.365565399516945,6.673002269544178,1453.87310633263,83.02550153593558,16.177056976355253
2026-01-16 17:04:45.430432,3.595198240039177,73.34116165367001,72.3525240193004,6.17066162931766,4992.986220722479,0.49396784829350826,4.58546273105507,6.748785255061504,1451.1147954665273,84.36252220084504,16.02247562149773
2026-01-16 17:05:45.430432,4.212030522232045,73.95136280735605,72.33316303025347,3.3447752878105668,4983.2242083983465,0.4825057325438498,4.433683762419071,6.646259078982471,1463.2952617944873,82.63693849333968,16.053863252866307
2026-01-16 17:06:45.430432,3.763080326464542,74.04291463096368,72.04678958117015,5.584524051837435,5012.798857320939,0.49095962774563867,4.441773293749122,6.705603034001658,1405.2135466687155,84.565227601167,15.959148227773802
2026-01-16 17:07:45.430432,3.9927738645608604,74.25488359655486,72.42984435887969,4.731860860758236,4944.037487888968,0.46426679415795036,4.453802440202872,6.733567704204657,1480.8866697394246,84.31666943276048,16.181107080188998
2026-01-16 17:08:45.430432,4.27314212400185,74.20785727527124,72.45445607703284,5.166637895311839,5062.597372725658,0.4820044453216664,4.570606694985543,6.701359578002021,1405.9103589823935,86.45498040831353,15.802165195082203
2026-01-16 17:09:45.430432,4.003211134905469,74.17477139564264,72.64309861935389,6.059950169762376,5045.7911890798805,0.6015579356536616,4.595925337644903,6.649159934201113,1428.4167636619102,80.58812964017125,15.85479798948801
2026-01-16 17:10:45.430432,3.7818070547367157,73.76001784798942,72.22018431436311,3.805813348588156,4981.841222063359,0.4543660619652066,4.490196892872021,6.682105387949931,1445.464784066997,83.53278410782671,16.058319892994486
2026-01-16 17:11:45.430432,3.9451950980370847,73.427599358863,72.19594264155188,3.9873555585569105,4989.179064418081,0.48606718330603454,4.491892925899197,6.585631070343233,1463.4522578217968,83.54896339111617,16.034702095690545
2026-01-16 17:12:45.430432,3.955818520397332,73.88208417288158,72.59019252695529,3.0645700402861937,4993.178892486119,0.48062556683651547,4.5464263743235795,6.610997842092503,1390.0946621840076,87.37425450481605,16.0218573623281
2026-01-16 17:13:45.430432,3.814994485058936,74.30048954756256,72.70134601424542,4.4508410582362234,4961.084572349675,0.48764141938778005,4.556799453952424,6.619766240918405,1449.4375135211633,82.77231124519797,16.125506193922895
2026-01-16 17:14:45.430432,3.870601968666449,74.41803635825732,72.18576952977642,6.330432344378816,4977.828529088249,0.48343803455608025,4.617622570675853,6.7620306060087145,1465.8479007883147,85.45331471929799,16.071264715631536
2026-01-16 17:15:45.430432,4.799323585252359,74.21316473068933,72.71630281725994,4.879412811526531,4986.48648161627,0.5139620050610499,4.3715628024490805,6.609370774287237,1469.8903623205695,84.74374317116043,16.043360449273614
2026-01-16 17:16:45.430432,4.280459723970619,74.12880224684052,72.50750836829737,3.6598751043452142,5080.643418535356,0.4144912449304103,4.502002733980403,6.6086261624369085,1436.0534068300508,87.08608505367276,15.746037147212808
2026-01-16 17:17:45.430432,3.8522598409854196,74.11389189451579,72.71836106781493,4.514321255424953,5047.330915416522,0.5518585736266002,4.393197562410882,6.597803950987551,1443.9832942608994,86.1916637290211,15.84996136386634
2026-01-16 17:18:45.430432,4.348477202255368,73.83316437597176,72.48595592769648,3.5121382965093773,5046.732735366832,0.5316291399821098,4.494905772093659,6.677990588096538,1437.6770374221474,85.24248746364076,15.85184003095124
2026-01-16 17:19:45.430432,3.833090255121995,73.96098191193391,71.99554441650241,3.8748138982688385,5018.49628065022,0.4378564206968433,4.477382471231924,6.6571310696334445,1442.1465069294784,83.89066625082387,15.941030046879863
2026-01-16 17:20:45.430432,4.58656231879332,74.5007208577479,72.4696065235368,5.388818910263713,4944.133649553438,0.38654613635237994,4.495325054609729,6.704337948851329,1429.3634689854314,81.29531499378025,16.18079236333462
2026-01-16 17:21:45.430432,4.184821096099047,73.71723259826244,72.71202876373425,3.826126673693971,4997.925444771131,0.45114639269292994,4.420025711188947,6.683562983303868,1432.2149567505817,85.49417131137481,16.006641332294507
2026-01-16 17:22:45.430432,3.9463489279978856,74.48443363721296,72.32125079618325,6.112634305203302,5048.524422980669,0.4878666769286439,4.351271020679257,6.580980507663797,1458.6875384405673,86.06097959705974,15.846214318750917
2026-01-16 17:23:45.430432,4.223858462905139,73.90339155365238,72.4224070062185,4.928879709169664,4937.086768531635,0.6290145949345387,4.29055624732851,6.609636111499482,1452.632307465455,81.85026477505069,16.203887788626655
2026-01-16 17:24:45.430432,3.2145619239657504,74.39762963272852,72.4647732992898,5.085594703944525,5031.827660343663,0.5271628482487136,4.486881984573516,6.718266437413791,1459.8317301518096,82.5326116713429,15.898795706078726
2026-01-16 17:25:45.430432,3.4366162655450974,73.57795549715074,71.9200972240263,4.721627032392106,5116.130461263138,0.4096205175409271,4.4568998894167065,6.63983508777116,1454.2802877940167,85.50465994674335,15.63681782662136
2026-01-16 17:26:45.430432,3.403037496800472,74.17577126034939,72.8342695150875,5.772847838543723,5053.0908322994865,0.46551722475495283,4.432406233519617,6.709379590900901,1464.086772022952,85.67828337241573,15.831894310832084
2026-01-16 17:27:45.430432,4.0714715473818535,73.77896895921572,72.31972486402057,5.7831598877770105,5070.7014567781,0.4973393781863508,4.632254846283166,6.642515952604234,1467.5642799630998,83.01870537981588,15.776909897359964
2026-01-16 17:28:45.430432,4.866257499742546,73.57541984242275,72.60114708649456,5.335054351912172,5010.916937522108,0.5126841777149048,4.414056181320469,6.601617178585574,1415.165667602678,83.85187057286393,15.965141908650336
2026-01-16 17:29:45.430432,5.115650073096316,74.06556021272328,72.48265977277036,5.564789105907648,5048.396597438249,0.43426255698447885,4.64168340821388,6.634836961116665,1432.9138069917128,81.32702232285915,15.84661554533871
2026-01-16 17:30:45.430432,4.3190255507203785,74.3028415365788,72.75152381127187,4.7879103300795745,4964.107339282298,0.49325048860114695,4.662384374426925,6.601597510222516,1445.3724808501993,87.75452780762647,16.115686976979482
2026-01-16 17:31:45.430432,4.250422237472229,73.74651756842195,72.58121122448561,5.542203006909048,5039.793190617062,0.46411804311947297,4.3049099533210615,6.621722361879879,1449.5464494902533,82.4002511852631,15.873667226850028
2026-01-16 17:32:45.430432,3.0994711329236306,73.55029521186248,72.4530151456958,4.662122224526193,5032.719406703038,0.44481207186988414,4.509238145899897,6.660046285328263,1436.5981885236392,86.0845187824971,15.895978602234143
2026-01-16 17:33:45.430432,3.728663100132989,73.97244657069952,72.32129698149615,5.002231622162402,5014.495558701883,0.5129797823349477,4.4600303509164005,6.675580254518452,1468.2404734197662,84.93007860769323,15.953748300997564
2026-01-16 17:34:45.430432,3.6061081240458805,73.97376940136685,72.65957014027643,4.725356250633703,5065.800370985925,0.5386938586721411,4.208819605528274,6.570490433837286,1489.5989673658119,87.57918723924952,15.792173820783644
2026-01-16 17:35:45.430432,3.689576200874442,74.16449588826634,72.12531173920908,4.542781460680804,4973.06075810763,0.542052063848081,4.3555358746931585,6.649131599624545,1453.7232391116347,83.41549181445049,16.086672552627714
2026-01-16 17:36:45.430432,3.915928090707605,74.28487837140935,72.62917808405518,4.31088820227821,4990.6471241763165,0.5287193175566938,4.577493610710848,6.620669213222013,1451.6868206439642,85.12250542068078,16.02998529237902
2026-01-16 17:37:45.430432,3.7639547111514364,73.98217544561825,72.28019104968902,5.467690103858885,5004.773102067915,0.47513152334298686,4.701919925271127,6.61757925955206,1466.9891251020865,81.6031461815253,15.984740640278961
2026-01-16 17:38:45.430432,3.010350094812106,74.55665099443829,72.75045673239133,6.310605912813463,4948.51945144553,0.5357274880731753,4.590267814269925,6.656634230956654,1412.6832048959313,81.1229463261205,16.166451558886145
2026-01-16 17:39:45.430432,4.373955128058767,74.06727042336058,72.53225990853254,6.171101971669559,5011.346597190012,0.5154527219052144,4.532363247251298,6.622477406365539,1450.5693788087683,86.19266716773095,15.963773099401667
2026-01-16 17:40:45.430432,3.4636284871300966,73.89607204819794,72.62882475357002,3.743434664054565,4914.0534793523075,0.5066970941476007,4.4978667618368915,6.719106899742334,1469.5807165093504,81.42994832186059,16.279839105565518
2026-01-16 17:41:45.430432,4.119623432055575,73.51652979226915,72.51639776276494,6.289203051406873,5052.34772672141,0.4694153439149101,4.668266291464811,6.709403093812553,1437.1369200559777,84.54356493113094,15.834222885508698
2026-01-16 17:42:45.430432,5.037041334874987,73.92120214390515,72.1495245809718,4.681841498382071,5002.331868328299,0.4751561936329236,4.714823920195764,6.709091414697102,1425.4687884019606,87.02259089594584,15.992541499797523
2026-01-16 17:43:45.430432,3.5403077042067883,73.89908391637665,72.32785416732094,5.600733015145591,4973.955354804812,0.5036943468062277,4.441315732047581,6.625254490225485,1446.2838877980043,86.49336971218936,16.083779264870255
2026-01-16 17:44:45.430432,2.7348562386268354,74.28809143888444,72.63447786752228,4.093784667952789,4958.2813193852435,0.621993723349275,4.300001343968971,6.601875058254034,1448.7862913359616,83.67082902410282,16.134623037064557
2026-01-16 17:45:45.430432,3.8569978890599446,74.13874508722006,72.53333116347197,5.141979913874005,4988.271048519041,0.5150621240045695,4.29018125367288,6.654101496469406,1431.826954361691,81.82299372718366,16.037620895470596
2026-01-16 17:46:45.430432,4.550479817499285,73.64618926351021,72.73619798106114,5.313723182896907,5034.412985538621,0.4694405748874857,4.6321880992159805,6.642482581685687,1491.923225521019,86.01898972331105,15.890631187747298
2026-01-16 17:47:45.430432,4.979173727110297,74.05167631592332,72.58065491260743,3.5153952080803474,5027.386948936878,0.4583805277515279,4.4952941459225615,6.619558841878832,1440.4260723798411,87.68451356572037,15.912839177202638
2026-01-16 17:48:45.430432,3.3852252027737917,74.20145935151872,72.30665962185947,5.60826716634419,4964.723102636077,0.47541166936718987,4.518324191045872,6.591213277666652,1426.9268129714687,83.67552384266875,16.113688184850243
2026-01-16 17:49:45.430432,4.248349611618261,74.45840940781635,72.34078717245588,6.345935007838316,4957.6980163686185,0.6088646723774533,4.320934900704328,6.647924101536597,1448.1275736185878,83.39337428318576,16.13652137259418
2026-01-16 17:50:45.430432,3.7673447716099733,74.26625119022422,72.52058347810464,4.825352054318372,5032.844935315982,0.4800371677027019,4.4246811087211535,6.629796527487377,1468.1572127540899,83.95019607426201,15.895582126648073
2026-01-16 17:51:45.430432,3.947025822847932,74.22825399629345,72.03719118679997,6.360168130828013,4963.8826297692485,0.5453435267305142,4.470451918609922,6.684417351851901,1450.3482849799645,86.14321742161422,16.11641651642333
2026-01-16 17:52:45.430432,5.322171673508517,74.01802579838454,72.83468837712459,4.810306506547592,5002.995488703975,0.4812035877264322,4.520783838336407,6.683255302576074,1459.71187840088,87.45703521282982,15.990420175398556
2026-01-16 17:53:45.430432,3.2485148358024234,74.11649360162704,72.58834934727551,5.8495845310466175,5006.187732126214,0.5130592270639814,4.460140796108624,6.705039990271136,1432.569788113337,82.52078637723895,15.980223731246816
2026-01-16 17:54:45.430432,4.126869830747287,74.37485147021185,72.74540691940977,2.7814300340489004,5015.603106586337,0.5395872637004361,4.396267380169865,6.587035222405999,1479.7537689280703,82.0034363813507,15.95022538664322
2026-01-16 17:55:45.430432,4.233846585882716,73.60016678075611,72.18387921183816,7.418777779313464,5042.913521509094,0.4714048575095038,4.4215433007397476,6.670052915384682,1461.2342205583689,89.67999264386489,15.863845306643285
2026-01-16 17:56:45.430432,4.542893162469674,73.89516820183492,72.74891303207104,6.495458245242957,4936.851853156634,0.4679444172923615,4.620832328594723,6.6136267146883165,1470.9540313775522,84.64535442421992,16.20465883513353
2026-01-16 17:57:45.430432,4.048991576735448,73.76822937537312,72.94629978220554,4.715374495746321,4904.442033736976,0.5829434847227665,4.52447846196035,6.588979289459446,1457.3032126495034,85.50578559138062,16.311743405201064
2026-01-16 17:58:45.430432,4.154025269752051,74.11374593561784,72.23582432892454,3.0279109733561818,4971.627635938582,0.5492296447447899,4.561215680695555,6.6285698881525645,1466.4976807545756,83.61613831876473,16.0913096994033
2026-01-16 17:59:45.430432,3.8041757162891043,74.36906665269524,72.65428035898076,5.288028368305489,5090.07642039161,0.5395336159345364,4.410112618912267,6.7034352490067315,1432.5389488064554,85.97992461890543,15.716856367717387
2026-01-16 18:00:45.430432,4.134563470622553,73.82090771398367,72.50022198893745,3.556074452926243,5101.108705004369,0.5393638146561457,4.204617651459937,6.6313840823214765,1440.1717916662087,86.92012174940305,15.682865162531659
2026-01-16 18:01:45.430432,3.8284038622512946,73.28290868975917,72.19111323035035,5.4448535375574885,5091.558856778294,0.5229787744155533,4.44768956931155,6.728272732997956,1476.9296119111207,85.59959234314586,15.712280315388584
2026-01-16 18:02:45.430432,4.310785944928026,73.87633377649266,72.59857679437037,5.411565719164282,4990.350931611965,0.6008887906587532,4.41334294455745,6.677443925776017,1481.1948389456793,88.48171615402887,16.03093672094894
2026-01-16 18:03:45.430432,3.815194831978183,74.27404211960523,72.66672064096747,4.058596830997975,4910.8942459007585,0.5021954150938578,4.534901226862808,6.630295476050971,1427.0586880056185,84.34651082011781,16.290312108996833
2026-01-16 18:04:45.430432,4.188550196951093,74.16128897088497,72.37977468946623,6.120967023614377,4882.848044917408,0.528863118360046,4.8285723713681845,6.708002421445321,1454.9947213572761,84.47423505392925,16.383880731916815
2026-01-16 18:05:45.430432,3.985368593157511,74.12845587434317,72.73318330405104,5.805574702806173,4969.298091922529,0.4274543535702994,4.569516601761825,6.672269838605715,1441.3811239902955,85.46281270255483,16.098853101615703
2026-01-16 18:06:45.430432,4.563025125386084,73.91600200943766,72.16664731864216,5.975823337288563,4990.096318492532,0.45875196567043797,4.773596015938349,6.603372030577665,1436.0593706127029,85.92992329101219,16.031754678468282
2026-01-16 18:07:45.430432,3.974303138205757,73.61629077913406,72.20104877071007,5.0088577036688955,5065.0312700527975,0.439959050008248,4.556876969533945,6.742940131779026,1455.696793907109,85.45589452412521,15.794571787345765
2026-01-16 18:08:45.430432,3.113483765896559,74.15458829648735,72.52731947911775,3.5844759330862934,5043.390272977123,0.5637031791758075,4.437011376242729,6.662973941154324,1472.819258647308,82.43116994608982,15.862345698021077
2026-01-16 18:09:45.430432,4.630960750356996,73.74971545698962,72.50507705559446,5.977872272211138,5011.370253949581,0.3723729923989625,4.534791607812088,6.650939809599275,1459.0332494656839,85.62503033239112,15.963697740543134
2026-01-16 18:10:45.430432,3.5471338495686906,74.65522902001413,72.35668530231519,4.729628600864209,4955.507761452943,0.47988449886236384,4.678063859947771,6.607223366504719,1443.6097510016193,84.25165283039313,16.143653456118127
2026-01-16 18:11:45.430432,3.67311683067559,74.17115216250636,72.66191888719437,3.6102198568073307,4951.961022087756,0.35031466986696885,4.682956259632124,6.708976913380387,1460.297223598703,83.8380459718507,16.155216013043628
2026-01-16 18:12:45.430432,3.702169352978254,73.82580550923382,72.6061788628432,6.352039365974326,5012.706384353572,0.4584356052259055,4.442466263195692,6.675863771368066,1442.800476528382,85.06496410950649,15.959442637555687
2026-01-16 18:13:45.430432,4.687219046585408,73.81658442578342,72.6716278141868,7.09940752050251,5034.852548941986,0.4754525525134067,4.52531836956993,6.681461909014763,1458.242286014612,83.07695462534157,15.889243870073424
2026-01-16 18:14:45.430432,2.932162893010652,73.97211673801593,72.47537271292954,4.958751871020797,5019.594063112279,0.5692435546897022,4.3570733120328855,6.624623432823712,1477.9293140091147,82.72921735225354,15.937543752372259
2026-01-16 18:15:45.430432,5.568874266829997,73.92814942339348,72.62051605359567,7.159121154603292,4948.270102019667,0.5198313969610728,4.582466862469143,6.6917050285955035,1408.4568068139833,79.7690620799923,16.1672662062945
2026-01-16 18:16:45.430432,4.528028404533026,74.33505013265899,72.410869939394,5.09131472861135,5032.533381439604,0.4583429238335517,4.655335469905589,6.69559067967854,1465.9450459708007,88.49447465701978,15.896566189714022
2026-01-16 18:17:45.430432,4.11161945706458,74.05592485092322,72.91076373801732,4.619544095833649,5021.29554835507,0.5532981859865913,4.503979945411602,6.616561088060944,1419.2189015685906,86.111462638206,15.932143254584417
2026-01-16 18:18:45.430432,3.9725529996918567,73.78051047832744,72.33749084597561,4.369541545814522,4946.466679690491,0.5008916127264879,4.433261594563987,6.579150493015951,1474.5665542108893,84.7664717573874,16.17316059733485
2026-01-16 18:19:45.430432,4.142777037428829,74.56713220554674,72.92105948589166,6.637082407992742,4960.7839514849875,0.5018783429353626,4.536013095127756,6.679068652966946,1437.2594878025427,83.6655535262267,16.12648339100766
2026-01-16 18:20:45.430432,4.26056121418967,74.01479249945606,72.50697758941789,4.2198561186122285,5034.424798728079,0.4398664246114004,4.5417459031363165,6.571332652519714,1425.6465724478703,79.24793543590717,15.89059390066003
2026-01-16 18:21:45.430432,4.322607792975028,74.23065190279067,72.22489782208625,5.735269309974988,4988.274623242705,0.450499314304843,4.508114383184962,6.657600788891889,1463.905384541775,83.54294224755704,16.037609402506146
2026-01-16 18:22:45.430432,4.277802233001724,73.81753204776658,72.77361587009771,4.440836164940792,5079.457365081823,0.4587451350027238,4.5178715124335955,6.627637744760635,1457.2834012628482,86.43173267432815,15.749713847378912
2026-01-16 18:23:45.430432,4.044790340627625,74.10893468832336,72.525180277679,4.539693237425637,5025.056463803229,0.5023230636577095,4.482618514953063,6.710933260539447,1430.0162619407668,86.88434860718773,15.920219121170184
2026-01-16 18:24:45.430432,3.901330789846337,74.09333299734296,72.67022481967605,6.030249693969567,4975.668440590536,0.5038942863490338,4.59959549282264,6.63035780546164,1424.9400048566322,86.2845839872066,16.07824173881353
2026-01-16 18:25:45.430432,3.924363358173244,73.43310521237116,72.74477118370852,4.619963153710646,4999.489719980454,0.5772046331762023,4.573622744516513,6.705363648600191,1446.2503702501745,85.31678391150494,16.001633062726402
2026-01-16 18:26:45.430432,3.9025458598236593,74.6045825331382,72.567591110829,4.595204620579707,5003.169169631886,0.5192527583968917,4.401689685285585,6.624289527781849,1425.918260996576,87.60774829186276,15.989865081033448
2026-01-16 18:27:45.430432,4.566885048433532,74.38719333827676,72.38155183103744,6.132804697174807,4963.580484337915,0.3646217153163946,4.398940939684141,6.699999550252981,1428.7705405415275,84.34292555582292,16.11739756259258
2026-01-16 18:28:45.430432,4.296778361140431,73.8808414051562,72.69514267553384,6.597397293221623,4954.370590091119,0.5131320993935845,4.474562558297344,6.753017077191842,1452.3124158084286,87.17037783226873,16.147358891561776
2026-01-16 18:29:45.430432,2.5298056826678597,73.66931907786325,72.50015110149091,5.644689803284233,5035.069494690475,0.42749918219162336,4.573683712410518,6.596597643081688,1430.682567314898,84.23083511255957,15.888559251140567
2026-01-16 18:30:45.430432,4.32795038826488,74.10426848414106,72.63717156372168,4.345230224376051,5042.263664852105,0.45170145376942317,4.514805741389082,6.664601786086545,1458.5307858005308,83.23771738224447,15.865889869594215
2026-01-16 18:31:45.430432,4.097368097359388,74.02600930982432,72.06925388524171,4.48939150070242,5030.189073477648,0.4593915264136835,4.435684958987735,6.787439120795503,1479.8028719176696,82.98857403915495,15.903974747551901
2026-01-16 18:32:45.430432,3.9906456217770514,74.10670068456896,72.58939634340197,5.0799152637400375,5075.76590471619,0.46683308382438493,4.526151859672583,6.6533294413451465,1447.0288917019884,82.87100715765409,15.76116816689031
2026-01-16 18:33:45.430432,3.805740773455557,74.05747321885822,72.37228283497099,5.320930061925657,4972.91133819942,0.4312425303979848,4.4669189480477725,6.653089413511482,1452.6030212397118,86.31813605760497,16.08715590512945
2026-01-16 18:34:45.430432,4.562056359993007,74.15187229679178,72.8306619274357,4.012134089860228,5083.713538303557,0.5101741001726143,4.588048646022413,6.689424947367551,1490.3619346567098,83.51450885780584,15.736527913548828
2026-01-16 18:35:45.430432,4.473763231061429,74.43419170981754,72.62461746957781,5.723037939579864,4954.953944072292,0.429459885745452,4.533305843506705,6.652054043204738,1426.247977652453,82.93394230993012,16.14545783936207
2026-01-16 18:36:45.430432,3.6135611660881954,74.1704309615386,72.54797154916986,5.085513329639599,4949.365721831576,0.5178333803624924,4.468472181254786,6.564638700271472,1473.8247039036148,86.42747043932272,16.163687328079483
2026-01-16 18:37:45.430432,4.203526143562268,73.68510335032701,72.59726199867005,3.2842916813618706,4912.002055892537,0.6118485538530815,4.523151877204646,6.706614368741947,1471.4171519582496,85.65594078094446,16.286638134450776
2026-01-16 18:38:45.430432,3.514171632729357,74.40876885581373,72.30031182942466,4.071073517539269,4977.710234308659,0.4335320470532968,4.63150480595242,6.549852579306741,1467.0863467834756,86.9251839656916,16.07164664760985
2026-01-16 18:39:45.430432,3.3101909176055346,74.49218436904648,72.82465133810561,4.495871326348336,4974.8138831585275,0.4857744847830389,4.4430369923453625,6.629160417443083,1475.8349570146527,86.02519902254559,16.081003607155594
2026-01-16 18:40:45.430432,3.6866413877050173,74.94561702035362,72.89827408368338,4.927142311158945,5026.296864012733,0.3738271318743765,4.540265698164716,6.710371287457833,1455.6114993191725,83.49377683960537,15.916290295701351
2026-01-16 18:41:45.430432,4.43119673619138,73.66295179002812,72.57858270210964,6.889278795503996,5012.194547081022,0.4849532353514933,4.492953965953401,6.632172878567861,1438.3414100880148,85.15220483293717,15.961072390254685
2026-01-16 18:42:45.430432,4.476562522688043,74.07286460394508,72.81808071371472,5.238171306139629,4940.351331449043,0.5321358576315742,4.54269836838621,6.6153151753767805,1471.8914658244114,85.25026598153936,16.193180329249053
2026-01-16 18:43:45.430432,4.256542710048646,73.3753703890433,72.3861703602655,4.159228110101375,4980.363688078709,0.5360319615678634,4.434543505840427,6.693963195258329,1472.656844234258,83.16168268305199,16.063083945353767
2026-01-16 18:44:45.430432,4.362547893423999,74.16594474691377,72.340577286755,5.220630804307163,4981.426898945616,0.5038681865142048,4.511033543315937,6.607444260658281,1472.1062780298657,82.79075005181201,16.05965552097794
2026-01-16 18:45:45.430432,4.258089143557479,73.83553991054997,72.50818494974578,4.647912252546119,4911.200887651906,0.5444631712379489,4.61078232824168,6.588888714020403,1450.8900416463848,83.63855678176459,16.28929498712662
2026-01-16 18:46:45.430432,3.6792592023885238,74.57703373844748,72.58698820767358,5.3247582395335415,4950.952663649332,0.6273027267971396,4.406299301875389,6.663725699374664,1435.6761097277335,89.07316471334416,16.158506339067326
2026-01-16 18:47:45.430432,4.21596127233697,73.76761550899442,72.42120266375137,5.5805676870356145,4961.459318469296,0.58561523437188,4.367059489667492,6.640853835079371,1453.8272450822321,84.1745118115569,16.12428821137276
2026-01-16 18:48:45.430432,4.400204762613841,73.49324508860983,72.6075536380737,6.209230647223938,5071.681250991047,0.47387395352951817,4.370854443551304,6.587816344290558,1468.8446003513568,87.46573358277342,15.773861968231415
2026-01-16 18:49:45.430432,4.377145664906787,73.85862087778925,72.56127789641468,4.975713504329974,5009.572535797867,0.4274448006766631,4.382933746979981,6.681847626999744,1470.4870357971993,84.0626789810404,15.969426418786949
2026-01-16 18:50:45.430432,4.594456685737321,73.40735366863485,72.30033864494179,6.638960527599833,5033.108437697375,0.47969242917130983,4.559532328789267,6.673224380278862,1441.406477458508,86.77767763907998,15.894749932429361
2026-01-16 18:51:45.430432,4.354151923600532,74.22532983635219,72.60375860349035,5.908022662536191,4925.06822514254,0.4526508617191326,4.359414031413453,6.632012249169719,1456.3074579225479,86.80498331111569,16.24342980501243
2026-01-16 18:52:45.430432,4.175724103770792,73.3804750861231,72.6727056485043,4.292560455187812,5059.710724150699,0.5225673773932317,4.470210465525647,6.635433399693753,1423.824433910281,86.90518101590409,15.81118059144151
2026-01-16 18:53:45.430432,4.535075119158214,74.00853727435495,72.53429386351807,7.209855665748464,5065.055103151205,0.4409403230285251,4.561828930331071,6.673519637100458,1469.699002060117,85.77565468401792,15.794497467604707
2026-01-16 18:54:45.430432,3.98673937037547,73.37665645404314,72.73052962065233,5.3269945132700975,4900.082751642769,0.49635887837048287,4.54166590605486,6.7095180709876034,1434.3338248654986,87.7547331575623,16.32625489297701
2026-01-16 18:55:45.430432,3.559062674386141,73.903910658639,72.25651924130061,4.164875496027765,4964.734163804208,0.5419007027268156,4.461444102003751,6.635860339494534,1465.705107191431,85.75670793870546,16.11365228439549
2026-01-16 18:56:45.430432,3.918466518028118,74.49301344674136,72.59359008442637,6.6529130512304215,5024.788278650775,0.49496520635914115,4.519092373175511,6.682734424650407,1427.0139084521968,88.42705945868056,15.921068821924791
2026-01-16 18:57:45.430432,3.6275486775967756,74.10819436743074,72.26594385872065,7.077777585198445,5032.219422676909,0.4526843088626102,4.510714532973757,6.67826001085423,1470.6283181286801,81.76016039362314,15.897557972033676
